{"Dperf_oo": [100.0, NaN, 0.0], "Dse_perf_oo": [0.0, NaN, 0.0], "Sperf_oo": [100.0, NaN, NaN], "Sse_perf_oo": [0.0, NaN, NaN], "perf_no": [100.0, 50.0, 45.0], "se_perf_no": [0.0, 11.180339887498949, 11.124297730643494], "Dn_trials_oo": [1, 0, 1], "Sn_trials_oo": [1, 0, 0], "NOn_trials": [20, 20, 20], "DRT_oo": [0.9718290219126671, 0.983425593520358, 0.9425846474962067], "DsdRT_oo": [0.021032791619332688, 0.010184526398133536, 0.02287309541367374], "SRT_oo": [1.0294032759680531, 1.0356847522590917, 1.0554015183034247], "SsdRT_oo": [0.02082019668712443, 0.04523747426607996, 0.034176442798603886], "DRT_OKoo": [0.9740925585256355, NaN, NaN], "DsdRT_OKoo": [NaN, NaN, NaN], "SRT_OKoo": [1.0924190980269106, NaN, NaN], "SsdRT_OKoo": [NaN, NaN, NaN], "RT_no": [1.0372510677084177, 1.027794802940724, 1.1003447191239], "sdRT_no": [0.051356242406011055, 0.11240700961235452, 0.05165349955011541], "RT_noNOK": [NaN, 1.0091838620808544, 0.9321490302025546], "sdRT_noNOK": [NaN, 0.026194234063889814, 0.025820961781912677], "Doptout": [95.0, 100.0, 95.0], "Dse_optout": [4.873397172404484, 0.0, 4.873397172404484], "Soptout": [95.0, 100.0, 100.0], "Sse_optout": [4.873397172404484, 0.0, 0.0]}