{"Dperf_oo": [94.44444444444444, 57.89473684210526, 71.42857142857143], "Dse_perf_oo": [5.399029532264168, 11.32689656524148, 12.07363221040738], "Sperf_oo": [100.0, 30.0, 33.333333333333336], "Sse_perf_oo": [0.0, 14.491376746189438, 13.608276348795433], "perf_no": [75.0, 35.0, 60.0], "se_perf_no": [9.682458365518542, 10.66536450385077, 10.954451150103322], "Dn_trials_oo": [18, 19, 14], "Sn_trials_oo": [15, 10, 12], "NOn_trials": [20, 20, 20], "DRT_oo": [1.0632350134885393, 1.1085558501006567, 1.2124223831180225], "DsdRT_oo": [0.0, NaN, 0.22610371384712263], "SRT_oo": [1.1558736468174775, 0.994190661878311, 1.065970448656777], "SsdRT_oo": [0.10932509526895147, 0.10159878512347068, 0.07335160292695359], "DRT_OKoo": [1.008874009921922, 1.045588533751007, 1.024609684787786], "DsdRT_OKoo": [0.02048655492739038, 0.04445819753137382, 0.053315376168283614], "SRT_OKoo": [0.9292540783104819, 1.0489855196163964, 1.049794765182972], "SsdRT_OKoo": [0.08041402481732067, 0.0, 0.015734136650774225], "RT_no": [0.9430574099979097, 0.8644651900419258, 0.8976073402496737], "sdRT_no": [0.07474834227886377, 0.053955127748810214, 0.034444924275911504], "RT_noNOK": [1.0472624109437725, 1.0239819812703481, 1.0514747962390782], "sdRT_noNOK": [0.09372942269258991, 0.053119993675113684, 0.061375793491932326], "Doptout": [10.0, 5.0, 30.0], "Dse_optout": [6.708203932499369, 4.873397172404482, 10.246950765959598], "Soptout": [25.0, 50.0, 40.0], "Sse_optout": [9.682458365518542, 11.180339887498949, 10.954451150103322]}