{"Dperf_oo": [66.66666666666667, 50.0, 42.10526315789474], "Dse_perf_oo": [11.11111111111111, 11.180339887498949, 11.326896565241482], "Sperf_oo": [87.5, 47.36842105263158, 35.294117647058826], "Sse_perf_oo": [8.267972847076846, 11.454888159631764, 11.590404307573857], "perf_no": [90.0, 50.0, 35.0], "se_perf_no": [6.708203932499368, 11.180339887498949, 10.66536450385077], "Dn_trials_oo": [18, 20, 19], "Sn_trials_oo": [16, 19, 17], "NOn_trials": [20, 20, 20], "DRT_oo": [5.080341529967949, NaN, 1.6958594622221754], "DsdRT_oo": [0.0, NaN, NaN], "SRT_oo": [1.2285511068250823, 13.29322934641609, 1.410292487078957], "SsdRT_oo": [0.09909213169777761, NaN, 0.0], "DRT_OKoo": [1.0243413063727775, 0.9398098539474596, 0.9883092156565791], "DsdRT_OKoo": [0.035622543870864214, 0.027186330137763438, 0.053146213547827725], "SRT_OKoo": [0.9643747884683509, 0.9835726464944062, 1.0132810291450718], "SsdRT_OKoo": [0.02475699148575026, 0.026369532696498738, 0.034530689018663026], "RT_no": [1.0126474160587497, 1.114267788522182, 0.9168506940089379], "sdRT_no": [0.03392833815949189, 0.06386142786516871, 0.12443581224813463], "RT_noNOK": [1.2607100816270733, 0.9984594502941636, 1.1596052963070087], "sdRT_noNOK": [0.0, 0.023118567300346, 0.16694935312502138], "Doptout": [10.0, 0.0, 5.0], "Dse_optout": [6.708203932499369, 0.0, 4.873397172404482], "Soptout": [20.0, 5.0, 15.0], "Sse_optout": [8.944271909999161, 4.873397172404482, 7.984359711335657]}