{"Dperf_oo": [94.73684210526316, 47.05882352941177, 50.0], "Dse_perf_oo": [5.122781719918815, 12.105782480647683, 13.36306209562122], "Sperf_oo": [89.47368421052632, 53.333333333333336, 57.142857142857146], "Sse_perf_oo": [7.040590042736196, 12.881223774390612, 13.226001425322165], "perf_no": [95.0, 40.0, 45.0], "se_perf_no": [4.873397172404484, 10.954451150103322, 11.124297730643494], "Dn_trials_oo": [19, 17, 14], "Sn_trials_oo": [19, 15, 14], "NOn_trials": [20, 20, 20], "DRT_oo": [1.3570566948130278, 1.2689987937273823, 1.250301568154403], "DsdRT_oo": [NaN, 0.0, 0.715644719202304], "SRT_oo": [1.1966224366706877, 1.3896260554885405, 1.1296743063932448], "SsdRT_oo": [NaN, 0.17249698431845598, 0.052883739968113325], "DRT_OKoo": [0.9185765983112183, 1.1598311218335344, 0.9927623642943305], "DsdRT_OKoo": [0.019589525445422463, 0.2273149855463675, 0.02741894189180912], "SRT_OKoo": [0.9227985524728589, 0.9185765983112183, 1.0307599517490953], "SsdRT_OKoo": [0.033696108775322337, 0.11981785137136287, 0.02094976409283282], "RT_no": [0.9457177322074789, 1.0566948130277443, 1.1001206272617612], "sdRT_no": [0.04712799304161892, 0.29372382175721246, 0.2968147696470584], "RT_noNOK": [0.8829915560916767, 1.1103739445114595, 1.1700844390832328], "sdRT_noNOK": [NaN, 0.07652341023741428, 0.228697836057199], "Doptout": [5.0, 15.0, 30.0], "Dse_optout": [4.873397172404482, 7.984359711335657, 10.246950765959598], "Soptout": [5.0, 25.0, 30.0], "Sse_optout": [4.873397172404482, 9.682458365518542, 10.246950765959598]}