{"Hno": 0.03530799872443524, "Sigma": 0.4131882734710338, "signed_st": [-0.18000000000000005, -0.09999999999999998, -0.020000000000000018, 0.020000000000000018, 0.09999999999999998, 0.18000000000000005], "m_right_No": [0.3, 0.5, 0.4, 0.4, 0.4, 0.8], "se_right_No": [0.14491376746189438, 0.15811388300841897, 0.15491933384829668, 0.15491933384829668, 0.15491933384829668, 0.12649110640673517], "x_lr": [-1.0, -0.9, -0.8, -0.7000000000000001, -0.6000000000000001, -0.5000000000000001, -0.40000000000000013, -0.30000000000000016, -0.20000000000000018, -0.1000000000000002, -2.220446049250313e-16, 0.09999999999999964, 0.19999999999999973, 0.2999999999999998, 0.3999999999999997, 0.49999999999999956, 0.5999999999999996, 0.6999999999999997, 0.7999999999999996, 0.8999999999999995, 0.9999999999999996], "y_pr_no": [0.006111209934364615, 0.011798244850840328, 0.021608022154242085, 0.03757109029326619, 0.062076270418766996, 0.09756447681970437, 0.14604810223755266, 0.20853532670322794, 0.2845106709184332, 0.3716550848812067, 0.4659508016658277, 0.5622072805873268, 0.6549016988929741, 0.7391115260203713, 0.8112816545093217, 0.8696312137215527, 0.9141356111511687, 0.946157969979312, 0.9678944154451503, 0.9818134228424235, 0.9902218007044171], "pearson_chi2": 59.975592201620785, "mean_perf_no": 56.666666666666664, "mse_no": 0.013139321702015172}