{"Hno": 0.04537064056694269, "Sigma": 0.1282184772464869, "signed_st": [-0.24, -0.16000000000000003, -0.07999999999999996, 0.07999999999999996, 0.16000000000000003, 0.24], "m_right_No": [0.0, 0.0, 0.3, 0.5, 0.9, 0.9], "se_right_No": [0.0, 0.0, 0.14491376746189438, 0.15811388300841897, 0.09486832980505137, 0.09486832980505137], "x_lr": [-1.0, -0.9, -0.8, -0.7000000000000001, -0.6000000000000001, -0.5000000000000001, -0.40000000000000013, -0.30000000000000016, -0.20000000000000018, -0.1000000000000002, -2.220446049250313e-16, 0.09999999999999964, 0.19999999999999973, 0.2999999999999998, 0.3999999999999997, 0.49999999999999956, 0.5999999999999996, 0.6999999999999997, 0.7999999999999996, 0.8999999999999995, 0.9999999999999996], "y_pr_no": [1.7744102734941064e-16, 8.333810633478685e-14, 2.152165178479693e-11, 3.062918901833326e-09, 2.4096972262748727e-07, 1.0525186424505283e-05, 0.000256830615539035, 0.0035341352433786665, 0.0278297776760539, 0.1284449011995904, 0.36172409399165417, 0.6649696276402288, 0.8860880609141097, 0.976477909261601, 0.9971610155620644, 0.9998042437161645, 0.9999923961600506, 0.9999998351070154, 0.9999999980156924, 0.9999999999868041, 0.9999999999999517], "pearson_chi2": 49.87540073143556, "mean_perf_no": 83.33333333333334, "mse_no": 0.006925241180468414}