{"Hno": 0.051955716918095474, "Sigma": 0.1392862725160321, "signed_st": [-0.16000000000000003, -0.07999999999999996, 0.0, 0.07999999999999996, 0.16000000000000003], "m_right_No": [0.0, 0.3, 0.4, 0.3, 0.9], "se_right_No": [0.0, 0.14491376746189438, 0.10954451150103323, 0.14491376746189438, 0.09486832980505137], "x_lr": [-1.0, -0.9, -0.8, -0.7000000000000001, -0.6000000000000001, -0.5000000000000001, -0.40000000000000013, -0.30000000000000016, -0.20000000000000018, -0.1000000000000002, -2.220446049250313e-16, 0.09999999999999964, 0.19999999999999973, 0.2999999999999998, 0.3999999999999997, 0.49999999999999956, 0.5999999999999996, 0.6999999999999997, 0.7999999999999996, 0.8999999999999995, 0.9999999999999996], "y_pr_no": [2.135362248930544e-14, 4.11381709419419e-12, 4.780226124370395e-10, 3.3574953814020906e-08, 1.4295622782627342e-06, 3.704674730414721e-05, 0.0005876713369163602, 0.005754508901643119, 0.03523283593995016, 0.13764529711732243, 0.35456904615942486, 0.6349272280613452, 0.8560813079010325, 0.9625293646978255, 0.9937687320825425, 0.9993516639794756, 0.9999583429205967, 0.9999983611769937, 0.9999999607521806, 0.999999999430128, 0.999999999994998], "pearson_chi2": 55.682709317299974, "mean_perf_no": 65.0, "mse_no": 0.01917519115875232}