{"Hno": -0.03475868734139114, "Sigma": 0.10671373636862616, "signed_st": [-0.16000000000000003, -0.07999999999999996, 0.0, 0.07999999999999996, 0.16000000000000003], "m_right_No": [0.1, 0.7, 0.55, 0.5, 1.0], "se_right_No": [0.09486832980505139, 0.14491376746189438, 0.11124297730643495, 0.15811388300841897, 0.0], "x_lr": [-1.0, -0.9, -0.8, -0.7000000000000001, -0.6000000000000001, -0.5000000000000001, -0.40000000000000013, -0.30000000000000016, -0.20000000000000018, -0.1000000000000002, -2.220446049250313e-16, 0.09999999999999964, 0.19999999999999973, 0.2999999999999998, 0.3999999999999997, 0.49999999999999956, 0.5999999999999996, 0.6999999999999997, 0.7999999999999996, 0.8999999999999995, 0.9999999999999996], "y_lr_no": [0.00011794833911608416, 0.0003010119925799914, 0.000767984359903869, 0.001957971448056512, 0.004982641837928738, 0.01262073090209361, 0.031595750649635, 0.07687808253480943, 0.17530966978733525, 0.351747310615072, 0.580717370996309, 0.7795086714479205, 0.9002398056412643, 0.9583925578416017, 0.9832763265211584, 0.9933808777369354, 0.9973963602257451, 0.9989783604194794, 0.9995995058534098, 0.999843061141936, 0.9999385105714621], "score_no": 0.633, "mean_perf_no": 60.0, "mse_no": 0.03196223443829995}