{"Hno": 0.05360554499940753, "Sigma": 0.08581701934125961, "signed_st": [-0.16000000000000003, -0.07999999999999996, 0.0, 0.07999999999999996, 0.16000000000000003], "m_right_No": [0.0, 0.3, 0.4, 0.3, 0.9], "se_right_No": [0.0, 0.14491376746189438, 0.10954451150103323, 0.14491376746189438, 0.09486832980505137], "x_lr": [-1.0, -0.9, -0.8, -0.7000000000000001, -0.6000000000000001, -0.5000000000000001, -0.40000000000000013, -0.30000000000000016, -0.20000000000000018, -0.1000000000000002, -2.220446049250313e-16, 0.09999999999999964, 0.19999999999999973, 0.2999999999999998, 0.3999999999999997, 0.49999999999999956, 0.5999999999999996, 0.6999999999999997, 0.7999999999999996, 0.8999999999999995, 0.9999999999999996], "y_lr_no": [4.655998265424378e-06, 1.4930649071918826e-05, 4.787785875037043e-05, 0.00015351795480505288, 0.0004921329123724207, 0.0015764541653658767, 0.0050378292448677465, 0.01597762371459031, 0.04949181882171286, 0.14308260951681673, 0.3487247701948977, 0.6319567909547242, 0.8463025288734899, 0.946402256037886, 0.9826460824590616, 0.9945229730032147, 0.99828559065959, 0.9994647497697559, 0.9998330268965436, 0.999947925383041, 0.9999837605503415], "score_no": 0.683, "mean_perf_no": 65.0, "mse_no": 0.01936383666409248}