{"Hno": 0.057078206122925634, "Sigma": 0.2672147282398094, "signed_st": [-0.19999999999999996, -0.12, -0.040000000000000036, 0.040000000000000036, 0.12, 0.19999999999999996], "m_right_No": [0.3, 0.5, 0.3, 0.4, 0.3, 0.9], "se_right_No": [0.14491376746189438, 0.15811388300841897, 0.14491376746189438, 0.15491933384829668, 0.14491376746189438, 0.09486832980505137], "x_lr": [-1.0, -0.9, -0.8, -0.7000000000000001, -0.6000000000000001, -0.5000000000000001, -0.40000000000000013, -0.30000000000000016, -0.20000000000000018, -0.1000000000000002, -2.220446049250313e-16, 0.09999999999999964, 0.19999999999999973, 0.2999999999999998, 0.3999999999999997, 0.49999999999999956, 0.5999999999999996, 0.6999999999999997, 0.7999999999999996, 0.8999999999999995, 0.9999999999999996], "y_lr_no": [0.01878168180904013, 0.02707537184210656, 0.03888628103708828, 0.05555518791097535, 0.07878364612114387, 0.1105870531553524, 0.15309527753982785, 0.20811969583853995, 0.27646473695786733, 0.3571317286456204, 0.4468010543582361, 0.5400705329267721, 0.6306153257175154, 0.7128135728192383, 0.7830142496377739, 0.8399088561016841, 0.8840937001671595, 0.9172845873415457, 0.9415987913341585, 0.9590846309193626, 0.9714935547786195], "score_no": 0.617, "mean_perf_no": 58.333333333333336, "mse_no": 0.03079116827994521}