{"HRopt_": 0.605554239047889, "SO_HRopt_": 1.216907191690662, "xhat": [-0.5, -0.45, -0.4, -0.35000000000000003, -0.30000000000000004, -0.25000000000000006, -0.20000000000000007, -0.15000000000000008, -0.10000000000000009, -0.0500000000000001, -1.1102230246251565e-16, 0.04999999999999982, 0.09999999999999987, 0.1499999999999999, 0.19999999999999984, 0.24999999999999978, 0.2999999999999998, 0.34999999999999987, 0.3999999999999998, 0.44999999999999973], "theo_pR": [0.37739781922891136, 0.3902310282996425, 0.40318499116004214, 0.416246086994761, 0.42940033952586354, 0.44263346177330143, 0.45593090254171265, 0.4692778943818162, 0.48265950276315706, 0.49606067618546146, 0.5094662969484818, 0.5228612322950227, 0.5362303856388977, 0.5495587475888914, 0.5628314464814177, 0.5760337981384331, 0.5891513545732684, 0.6021699513752984, 0.6150757535147179, 0.6278552993210036], "partid": 1005, "sessionid": 10, "part_sessid": "1005_10"}