{"HRopt_": 0.1212802159491938, "SO_HRopt_": 0.19329929408695232, "xhat": [-0.5, -0.45, -0.4, -0.35000000000000003, -0.30000000000000004, -0.25000000000000006, -0.20000000000000007, -0.15000000000000008, -0.10000000000000009, -0.0500000000000001, -1.1102230246251565e-16, 0.04999999999999982, 0.09999999999999987, 0.1499999999999999, 0.19999999999999984, 0.24999999999999978, 0.2999999999999998, 0.34999999999999987, 0.3999999999999998, 0.44999999999999973], "theo_pR": [0.0009231827875836318, 0.0023374192466639743, 0.005489634280563593, 0.011970007646848635, 0.024257859121465608, 0.045748274845533565, 0.08041458999982898, 0.13199270426864218, 0.20277406676124987, 0.2923659503259127, 0.3969619713938496, 0.5095931708729414, 0.6214595155330676, 0.723939102166949, 0.8105300097229966, 0.8780144887556179, 0.9265245369415669, 0.9586874275374458, 0.9783560168494333, 0.98944994075486], "partid": 1000, "sessionid": 10, "part_sessid": "1000_10"}