{"H_st": 0.023314260072430006, "st_sigma": 0.12057344999956897, "signed_stair": [-0.7, -0.6599999999999999, -0.62, -0.5800000000000001, -0.5, -0.30000000000000004, -0.26, -0.21999999999999997, -0.18000000000000005, -0.16000000000000003, -0.15000000000000002, -0.14, -0.13, -0.12, -0.09999999999999998, -0.08999999999999997, -0.07999999999999996, 0.07999999999999996, 0.10999999999999999, 0.12, 0.13, 0.14, 0.15000000000000002, 0.16000000000000003, 0.17000000000000004, 0.18000000000000005, 0.19999999999999996, 0.21999999999999997, 0.26, 0.33999999999999997, 0.38, 0.42000000000000004, 0.45999999999999996, 0.54], "m_right": [NaN, NaN, NaN, NaN, 0.0, 0.0, 0.0, 0.0, 0.25, 0.0, 0.0, 0.4, 0.0, 1.0, 0.0, 0.0, 0.0, 1.0, 1.0, 0.25, 1.0, 0.75, 0.5, 0.75, 1.0, 0.5, 1.0, 1.0, 1.0, 1.0, 1.0, 1.0, 1.0, 1.0], "se_right": [NaN, NaN, NaN, NaN, 0.0, 0.0, 0.0, 0.0, 0.21650635094610965, 0.0, 0.0, 0.21908902300206645, 0.0, 0.0, 0.0, 0.0, 0.0, 0.0, 0.0, 0.21650635094610965, 0.0, 0.21650635094610965, 0.3535533905932738, 0.21650635094610965, 0.0, 0.3535533905932738, 0.0, 0.0, 0.0, 0.0, 0.0, 0.0, 0.0, 0.0], "x_lr": [-1.0, -0.9, -0.8, -0.7000000000000001, -0.6000000000000001, -0.5000000000000001, -0.40000000000000013, -0.30000000000000016, -0.20000000000000018, -0.1000000000000002, -2.220446049250313e-16, 0.09999999999999964, 0.19999999999999973, 0.2999999999999998, 0.3999999999999997, 0.49999999999999956, 0.5999999999999996, 0.6999999999999997, 0.7999999999999996, 0.8999999999999995, 0.9999999999999996], "y_lr": [0.00020607561638844672, 0.0004721737179822478, 0.0010815031335821295, 0.002475211023341318, 0.00565479057828461, 0.012866079251533841, 0.02900532921933374, 0.06407557893153074, 0.13562635291920724, 0.2644956876108276, 0.45180968551122214, 0.653850621694865, 0.812353922553841, 0.9084411746579302, 0.9578767169229111, 0.9811735846155211, 0.9916974750338694, 0.9963603751313935, 0.9984086792800341, 0.9993050450647741, 0.999696655590011], "score": 0.786}