{"H_st": 0.013874176620101462, "st_sigma": 0.13619872947119396, "signed_stair": [-0.7, -0.6599999999999999, -0.62, -0.5800000000000001, -0.5, -0.45999999999999996, -0.33999999999999997, -0.21999999999999997, -0.20999999999999996, -0.19999999999999996, -0.18999999999999995, -0.18000000000000005, -0.17000000000000004, -0.16000000000000003, -0.14, -0.12, -0.09999999999999998, -0.07999999999999996, 0.07999999999999996, 0.09999999999999998, 0.12, 0.13, 0.14, 0.15000000000000002, 0.16000000000000003, 0.18000000000000005, 0.19999999999999996, 0.26, 0.30000000000000004, 0.38, 0.42000000000000004, 0.54], "m_right": [NaN, NaN, NaN, NaN, 0.0, 0.0, 0.0, 0.0, 0.0, 0.0, 0.25, 0.0, 0.0, 0.0, 0.6, 0.5, 1.0, 0.0, 0.5, 1.0, 0.0, 1.0, 0.75, 1.0, 0.8, 0.6666666666666666, 1.0, 1.0, 1.0, 1.0, 1.0, 1.0], "se_right": [NaN, NaN, NaN, NaN, 0.0, 0.0, 0.0, 0.0, 0.0, 0.0, 0.21650635094610965, 0.0, 0.0, 0.0, 0.21908902300206645, 0.3535533905932738, 0.0, 0.0, 0.3535533905932738, 0.0, 0.0, 0.0, 0.21650635094610965, 0.0, 0.17888543819998315, 0.19245008972987526, 0.0, 0.0, 0.0, 0.0, 0.0, 0.0], "x_lr": [-1.0, -0.9, -0.8, -0.7000000000000001, -0.6000000000000001, -0.5000000000000001, -0.40000000000000013, -0.30000000000000016, -0.20000000000000018, -0.1000000000000002, -2.220446049250313e-16, 0.09999999999999964, 0.19999999999999973, 0.2999999999999998, 0.3999999999999997, 0.49999999999999956, 0.5999999999999996, 0.6999999999999997, 0.7999999999999996, 0.8999999999999995, 0.9999999999999996], "y_lr": [0.0005845523180620755, 0.0012173530558351013, 0.0025334488245978195, 0.005264892086184113, 0.01090903898469383, 0.022467244546114713, 0.045705568600519456, 0.09074841078409551, 0.17217225586503365, 0.30235925300018757, 0.4745552115043624, 0.6530230527387941, 0.7968262827243344, 0.8909805768494352, 0.9445390471749291, 0.9725949138648496, 0.9866587077588813, 0.9935530578115768, 0.9968958388316407, 0.9985079692251216, 0.9992834496584203], "score": 0.75}