{"Dperf_oo": [100.0, 100.0, 92.3076923076923, 81.81818181818181], "Dse_perf_oo": [0.0, 0.0, 7.390530175619409, 11.629129983033296], "Sperf_oo": [100.0, 100.0, 100.0, 100.0], "Sse_perf_oo": [0.0, 0.0, 0.0, 0.0], "perf_no": [100.0, 90.0, 95.0, 55.0], "se_perf_no": [0.0, 6.708203932499368, 4.873397172404484, 11.124297730643494], "Dn_trials_oo": [17, 11, 13, 11], "Sn_trials_oo": [19, 15, 11, 7], "NOn_trials": [20, 20, 20, 20], "DRT_oo": [0.6967194655055617, 0.5947672649832639, 1.3676743092623598, 1.4278207341790834], "DsdRT_oo": [0.0, 0.030446044035342137, 0.3660569089465523, 0.22965881941347813], "SRT_oo": [2.182343667892801, 1.5110332320553785, 1.6606584775126914, 2.3344304007522463], "SsdRT_oo": [NaN, 0.5366664822855748, 0.37743226667905283, 0.3766583193504451], "DRT_OKoo": [0.8051197357555584, 0.4776826459211672, 1.0293620282971818, 1.1998783084879616], "DsdRT_OKoo": [0.12525846003853777, 0.09553213491839962, 0.12718642361828686, 0.13104736969007336], "SRT_OKoo": [0.831018692290325, 1.0965037396433097, 1.3079901540503698, 0.9992335015152395], "SsdRT_OKoo": [0.062263524606220644, 0.12341438419456273, 0.1242888940438009, 0.0021232843816386127], "RT_no": [0.7854041303995196, 0.7756944910884731, 0.9611021774088362, 1.89444446639447], "sdRT_no": [0.06369733313913205, 0.09481318792372864, 0.2263452865227662, 0.19976637286916984], "RT_noNOK": [NaN, 4.866439614538092, 8.78351159032616, 1.19823073184802], "sdRT_noNOK": [NaN, 0.0, NaN, 0.6608296345082945], "Doptout": [15.0, 45.0, 35.0, 45.0], "Dse_optout": [7.984359711335657, 11.124297730643494, 10.66536450385077, 11.124297730643494], "Soptout": [5.0, 25.0, 45.0, 65.0], "Sse_optout": [4.873397172404482, 9.682458365518542, 11.124297730643494, 10.66536450385077]}