{"Dperf_oo": [90.0, 100.0, 90.0, 80.0], "Dse_perf_oo": [9.486832980505138, 0.0, 9.486832980505138, 17.888543819998315], "Sperf_oo": [100.0, 100.0, 100.0, NaN], "Sse_perf_oo": [0.0, 0.0, 0.0, NaN], "perf_no": [85.0, 85.0, 60.0, 50.0], "se_perf_no": [7.984359711335657, 7.984359711335657, 10.954451150103322, 11.180339887498949], "Dn_trials_oo": [10, 10, 10, 5], "Sn_trials_oo": [12, 6, 4, 0], "NOn_trials": [20, 20, 20, 20], "DRT_oo": [1.158840113268687, 0.9602538273687841, 0.9471255841990947, 1.033218195355842], "DsdRT_oo": [0.02626882815982208, 0.03318534682084422, 0.018934520120069295, 0.07542978871340258], "SRT_oo": [0.9807995122080894, 1.0146180174641137, 0.9444351901043053, 0.9183264240105012], "SsdRT_oo": [0.11462140945471609, 0.014531203483775993, 0.04462528435929033, 0.018592751458782687], "DRT_OKoo": [0.9734386442332936, 0.9998177069350799, 0.8880752053133585, 1.0334947779288988], "DsdRT_OKoo": [0.040948403475784254, 0.05311886093550109, 0.09727545124828416, 0.02085998321653184], "SRT_OKoo": [0.9126753392083666, 0.9988748118125477, 0.9806800788259324, NaN], "SsdRT_OKoo": [0.05779036131822473, 0.0819097005893434, 0.6111594781357852, NaN], "RT_no": [0.9454283729748776, 1.0484490946548612, 1.0482353717645674, 1.2026690218053027], "sdRT_no": [0.06613308597356811, 0.05032669561655607, 0.032006299453825424, 0.021168363344541703], "RT_noNOK": [0.9502371381185443, 1.1452529944747414, 1.1677253283572522, 1.1063271406036501], "sdRT_noNOK": [0.0, 0.0, 0.2612670027039153, 0.04918695275715104], "Doptout": [50.0, 50.0, 50.0, 75.0], "Dse_optout": [11.180339887498949, 11.180339887498949, 11.180339887498949, 9.682458365518542], "Soptout": [40.0, 70.0, 80.0, 100.0], "Sse_optout": [10.954451150103322, 10.2469507659596, 8.944271909999157, 0.0]}