{"Dperf_oo": [100.0, 92.85714285714286, 92.3076923076923, 83.33333333333333], "Dse_perf_oo": [0.0, 6.883029368995938, 7.390530175619409, 10.758287072798382], "Sperf_oo": [94.73684210526316, 93.75, 92.85714285714286, 50.0], "Sse_perf_oo": [5.122781719918815, 6.051536478449089, 6.883029368995938, 14.433756729740644], "perf_no": [100.0, 85.0, 75.0, 65.0], "se_perf_no": [0.0, 7.984359711335657, 9.682458365518542, 10.66536450385077], "Dn_trials_oo": [18, 14, 13, 12], "Sn_trials_oo": [19, 16, 14, 12], "NOn_trials": [20, 20, 20, 20], "DRT_oo": [1.6974022713867525, 1.7262386838854162, 1.8970123905133218, 1.8201851933963116], "DsdRT_oo": [0.0, 0.23631206287770304, 0.2101489650039789, 0.16794345057482485], "SRT_oo": [2.4407543603359136, 1.878611197313039, 1.9304860219277211, 1.8174619349356562], "SsdRT_oo": [NaN, 0.3326599028321331, 0.258701483272917, 0.15323394980520938], "DRT_OKoo": [0.891929171644857, 0.9289619423048099, 1.0138939347223999, 1.193596502913042], "DsdRT_OKoo": [0.027460488006968584, 0.04204047154454567, 0.04807378819107165, 0.15431811484289057], "SRT_OKoo": [0.8521140696698477, 0.8792048793845783, 0.8689616469747509, 0.9254352930655646], "SsdRT_OKoo": [0.024642379088114334, 0.014719251382821008, 0.020757428990231655, 0.12405931743081283], "RT_no": [0.8756043891031207, 0.9754522765520369, 0.9443149764311947, 1.0189062661449526], "sdRT_no": [0.03821541464897161, 0.056956408577825524, 0.05098447712553073, 0.145355250920992], "RT_noNOK": [NaN, 2.479364376143038, 0.9972501587600219, 2.082483422745372], "sdRT_noNOK": [NaN, 0.0, 0.4554265798385382, 0.497387359439215], "Doptout": [10.0, 30.0, 35.0, 40.0], "Dse_optout": [6.708203932499369, 10.246950765959598, 10.66536450385077, 10.954451150103322], "Soptout": [5.0, 20.0, 30.0, 40.0], "Sse_optout": [4.873397172404482, 8.944271909999161, 10.246950765959598, 10.954451150103322]}