{"Dperf_oo": [100.0, 94.73684210526316, 90.0, 46.666666666666664], "Dse_perf_oo": [0.0, 5.122781719918815, 6.708203932499368, 12.881223774390612], "Sperf_oo": [100.0, 100.0, 100.0, 90.0], "Sse_perf_oo": [0.0, 0.0, 0.0, 9.486832980505138], "perf_no": [100.0, 80.0, 70.0, 50.0], "se_perf_no": [0.0, 8.944271909999157, 10.2469507659596, 11.180339887498949], "Dn_trials_oo": [20, 19, 20, 15], "Sn_trials_oo": [20, 18, 16, 10], "NOn_trials": [20, 20, 20, 20], "DRT_oo": [NaN, 3.3829752261748127, NaN, 1.286391489591997], "DsdRT_oo": [NaN, NaN, NaN, 0.0], "SRT_oo": [NaN, 1.3026706816718558, 1.171648169573271, 1.3407091573757521], "SsdRT_oo": [NaN, 0.0, 0.038955659582531776, 0.08599764012528249], "DRT_OKoo": [0.9190544130053888, 0.9203036240223708, 1.0775464180556074, 1.015431043561124], "DsdRT_OKoo": [0.028407631253264638, 0.0229934964469737, 0.10187265367395107, 0.02152834920951229], "SRT_OKoo": [0.9341928781868009, 0.9990499421406872, 0.9802328792347439, 1.011657111312242], "SsdRT_OKoo": [0.02219491726998187, 0.040092752011478855, 0.05151305481525576, 0.07223442288284052], "RT_no": [0.897298416784681, 0.9825504944204283, 1.0688512518527364, 1.0782269093298147], "sdRT_no": [0.01969583629627483, 0.05519012432519111, 0.05747835749309401, 0.12637509212694678], "RT_noNOK": [NaN, 1.2959216547576884, 1.2163830738528671, 1.2355486008994552], "sdRT_noNOK": [NaN, 0.10233175100086785, 0.15685702116074038, 0.12998571861422914], "Doptout": [0.0, 5.0, 0.0, 25.0], "Dse_optout": [0.0, 4.873397172404482, 0.0, 9.682458365518542], "Soptout": [0.0, 10.0, 20.0, 50.0], "Sse_optout": [0.0, 6.708203932499369, 8.944271909999161, 11.180339887498949]}