{"Hno": -0.913501990346378, "Sigma": 0.5048749498564502, "signed_st": [-0.14, -0.1, -0.06, -0.02, 0.02, 0.06, 0.1, 0.14], "m_right_No": [1.0, 0.9, 0.9, 1.0, 1.0, 0.9, 1.0, 1.0], "se_right_No": [0.0, 0.09486832980505137, 0.09486832980505137, 0.0, 0.0, 0.09486832980505137, 0.0, 0.0], "x_lr": [-0.2, -0.19, -0.18, -0.16999999999999998, -0.15999999999999998, -0.14999999999999997, -0.13999999999999996, -0.12999999999999995, -0.11999999999999994, -0.10999999999999993, -0.09999999999999992, -0.08999999999999991, -0.0799999999999999, -0.0699999999999999, -0.05999999999999989, -0.04999999999999988, -0.03999999999999987, -0.02999999999999986, -0.01999999999999985, -0.009999999999999842, 1.6653345369377348e-16, 0.010000000000000175, 0.020000000000000184, 0.030000000000000193, 0.0400000000000002, 0.05000000000000021, 0.06000000000000022, 0.07000000000000023, 0.08000000000000024, 0.09000000000000025, 0.10000000000000026, 0.11000000000000026, 0.12000000000000027, 0.13000000000000028, 0.1400000000000003, 0.1500000000000003, 0.1600000000000003, 0.17000000000000032, 0.18000000000000033, 0.19000000000000034], "y_pr_no": [0.9212052369934685, 0.9240756625314761, 0.926865762194581, 0.9295767201018453, 0.932209747986479, 0.934766083002065, 0.9372469855525347, 0.9396537371494045, 0.9419876382996099, 0.9442500064271111, 0.9464421738312667, 0.948565485684798, 0.9506212980739881, 0.95261097608358, 0.9545358919286564, 0.9563974231356034, 0.9581969507740792, 0.9599358577417275, 0.9616155271031956, 0.9632373404848426, 0.9648026765263426, 0.9663129093902209, 0.9677694073301863, 0.9691735313189609, 0.9705266337361423, 0.9718300571164811, 0.9730851329587963, 0.9742931805956095, 0.9754555061234317, 0.9765734013934985, 0.9776481430626225, 0.9786809917036988, 0.9796731909752848, 0.9806259668495583, 0.9815405268978531, 0.9824180596328675, 0.983259733906548, 0.9840666983625606, 0.9848400809421836, 0.9855809884423757], "pearson_chi2": 77.82631200319248, "mean_perf_no": 51.24999999999999, "mse_no": 0.0029604921699412016}