{"Hno": 0.03538231547705321, "Sigma": 0.056457662998142207, "signed_st": [-0.14, -0.1, -0.06, -0.02, 0.02, 0.06, 0.1, 0.14], "m_right_No": [0.0, 0.0, 0.1, 0.1, 0.5, 0.5, 0.9, 1.0], "se_right_No": [0.0, 0.0, 0.09486832980505139, 0.09486832980505139, 0.15811388300841897, 0.15811388300841897, 0.09486832980505137, 0.0], "x_lr": [-0.2, -0.19, -0.18, -0.16999999999999998, -0.15999999999999998, -0.14999999999999997, -0.13999999999999996, -0.12999999999999995, -0.11999999999999994, -0.10999999999999993, -0.09999999999999992, -0.08999999999999991, -0.0799999999999999, -0.0699999999999999, -0.05999999999999989, -0.04999999999999988, -0.03999999999999987, -0.02999999999999986, -0.01999999999999985, -0.009999999999999842, 1.6653345369377348e-16, 0.010000000000000175, 0.020000000000000184, 0.030000000000000193, 0.0400000000000002, 0.05000000000000021, 0.06000000000000022, 0.07000000000000023, 0.08000000000000024, 0.09000000000000025, 0.10000000000000026, 0.11000000000000026, 0.12000000000000027, 0.13000000000000028, 0.1400000000000003, 0.1500000000000003, 0.1600000000000003, 0.17000000000000032, 0.18000000000000033, 0.19000000000000034], "y_pr_no": [1.5284689335983238e-05, 3.2751050088433433e-05, 6.810938778046863e-05, 0.00013748246202753184, 0.00026939916927565694, 0.0005125179417634917, 0.0009467751965132557, 0.0016985463032789818, 0.002959892195458302, 0.005011020558081799, 0.008243692338119887, 0.013181572698196663, 0.020491780798043157, 0.030980662476786994, 0.04556675424075097, 0.0652256464834017, 0.09090532139300794, 0.12341632746330766, 0.16330795279331117, 0.21074782505675754, 0.2654262212096738, 0.32650614913297565, 0.39263512082297747, 0.4620249049998046, 0.5325932322496658, 0.6021492373030902, 0.6685954079206429, 0.7301153330046967, 0.7853195360382876, 0.8333303406754644, 0.8737987657095789, 0.9068588593773441, 0.9330347997778178, 0.9531216072542396, 0.9680608960220216, 0.9788294967602467, 0.9863526332341778, 0.9914465152026926, 0.9947893048173126, 0.996915383797135], "pearson_chi2": 60.434201568456906, "mean_perf_no": 83.75, "mse_no": 0.008116328311881214}