{"Hno": -0.011537104997018408, "Sigma": 0.04543117815158088, "signed_st": [-0.14, -0.1, -0.06, -0.02, 0.02, 0.06, 0.1, 0.14], "m_right_No": [0.0, 0.0, 0.2, 0.4, 0.8, 0.9, 1.0, 1.0], "se_right_No": [0.0, 0.0, 0.1264911064067352, 0.15491933384829668, 0.12649110640673517, 0.09486832980505137, 0.0, 0.0], "x_lr": [-0.2, -0.19, -0.18, -0.16999999999999998, -0.15999999999999998, -0.14999999999999997, -0.13999999999999996, -0.12999999999999995, -0.11999999999999994, -0.10999999999999993, -0.09999999999999992, -0.08999999999999991, -0.0799999999999999, -0.0699999999999999, -0.05999999999999989, -0.04999999999999988, -0.03999999999999987, -0.02999999999999986, -0.01999999999999985, -0.009999999999999842, 1.6653345369377348e-16, 0.010000000000000175, 0.020000000000000184, 0.030000000000000193, 0.0400000000000002, 0.05000000000000021, 0.06000000000000022, 0.07000000000000023, 0.08000000000000024, 0.09000000000000025, 0.10000000000000026, 0.11000000000000026, 0.12000000000000027, 0.13000000000000028, 0.1400000000000003, 0.1500000000000003, 0.1600000000000003, 0.17000000000000032, 0.18000000000000033, 0.19000000000000034], "y_pr_no": [1.674647513546423e-05, 4.279146044096433e-05, 0.00010441424203086133, 0.0002433451612275515, 0.0005418128120003971, 0.0011528064284579717, 0.002344644923939167, 0.00455998161312766, 0.008483754974038953, 0.015106074942418689, 0.025756297648670858, 0.04207740768180096, 0.06591066180016499, 0.0990741188324859, 0.14304641908333876, 0.19860378220901315, 0.265491628519112, 0.3422270748501829, 0.4261128098964843, 0.5134951199669943, 0.6002316936236454, 0.6822714445304734, 0.7562131921919357, 0.8197167933488703, 0.8716864920291111, 0.91221355802488, 0.9423285773797051, 0.9636523491954678, 0.9780399262534669, 0.9872901853046964, 0.9929573070854537, 0.996265672066473, 0.9981060469115643, 0.9990815775878472, 0.9995743167590437, 0.9998114729639285, 0.9999202388875129, 0.9999677715195726, 0.9999875654119127, 0.9999954197670444], "pearson_chi2": 49.195466880610056, "mean_perf_no": 88.75, "mse_no": 0.0013922078631712013}