{"Hno": -0.018599446169719435, "Sigma": 0.057010760273607256, "signed_st": [-0.14, -0.1, -0.06, -0.02, 0.02, 0.06, 0.1, 0.14], "m_right_No": [0.0, 0.0, 0.4, 0.4, 0.8, 1.0, 0.9, 1.0], "se_right_No": [0.0, 0.0, 0.15491933384829668, 0.15491933384829668, 0.12649110640673517, 0.0, 0.09486832980505137, 0.0], "x_lr": [-0.2, -0.19, -0.18, -0.16999999999999998, -0.15999999999999998, -0.14999999999999997, -0.13999999999999996, -0.12999999999999995, -0.11999999999999994, -0.10999999999999993, -0.09999999999999992, -0.08999999999999991, -0.0799999999999999, -0.0699999999999999, -0.05999999999999989, -0.04999999999999988, -0.03999999999999987, -0.02999999999999986, -0.01999999999999985, -0.009999999999999842, 1.6653345369377348e-16, 0.010000000000000175, 0.020000000000000184, 0.030000000000000193, 0.0400000000000002, 0.05000000000000021, 0.06000000000000022, 0.07000000000000023, 0.08000000000000024, 0.09000000000000025, 0.10000000000000026, 0.11000000000000026, 0.12000000000000027, 0.13000000000000028, 0.1400000000000003, 0.1500000000000003, 0.1600000000000003, 0.17000000000000032, 0.18000000000000033, 0.19000000000000034], "y_pr_no": [0.0007316495537695353, 0.001321545383995605, 0.0023197427297625512, 0.003957800827754996, 0.006564638860341287, 0.010587830324572224, 0.016609255640216796, 0.025349023538640703, 0.037650932971338105, 0.05444350494038615, 0.07667322585627995, 0.10521118626242493, 0.14074026991940047, 0.18363631567734762, 0.23386163548951233, 0.2908912421101977, 0.35368988645253463, 0.4207512529781662, 0.4902003772583397, 0.5599486403621987, 0.6278803069091861, 0.6920431186187495, 0.7508146145451234, 0.8030208447083904, 0.8479936667785604, 0.8855644414727555, 0.9160028781530614, 0.9399176751130112, 0.9581391358254151, 0.9716030640496416, 0.9812509567031505, 0.9879554379281887, 0.9924736841965114, 0.9954265695149108, 0.9972980925662964, 0.9984484045697222, 0.999134063194364, 0.9995304069332533, 0.9997525883703524, 0.999873373979114], "pearson_chi2": 87.997527836781, "mean_perf_no": 86.25, "mse_no": 0.0096627420076281}