{"Hno": -0.009325426352196468, "Sigma": 0.05324483207202068, "signed_st": [-0.14, -0.1, -0.06, -0.02, 0.02, 0.06, 0.1, 0.14], "m_right_No": [0.0, 0.0, 0.2, 0.2, 1.0, 1.0, 1.0, 0.9], "se_right_No": [0.0, 0.0, 0.1264911064067352, 0.1264911064067352, 0.0, 0.0, 0.0, 0.09486832980505137], "x_lr": [-0.2, -0.19, -0.18, -0.16999999999999998, -0.15999999999999998, -0.14999999999999997, -0.13999999999999996, -0.12999999999999995, -0.11999999999999994, -0.10999999999999993, -0.09999999999999992, -0.08999999999999991, -0.0799999999999999, -0.0699999999999999, -0.05999999999999989, -0.04999999999999988, -0.03999999999999987, -0.02999999999999986, -0.01999999999999985, -0.009999999999999842, 1.6653345369377348e-16, 0.010000000000000175, 0.020000000000000184, 0.030000000000000193, 0.0400000000000002, 0.05000000000000021, 0.06000000000000022, 0.07000000000000023, 0.08000000000000024, 0.09000000000000025, 0.10000000000000026, 0.11000000000000026, 0.12000000000000027, 0.13000000000000028, 0.1400000000000003, 0.1500000000000003, 0.1600000000000003, 0.17000000000000032, 0.18000000000000033, 0.19000000000000034], "y_pr_no": [0.00017108141047185755, 0.00034530622306476764, 0.0006742165923278868, 0.0012736905040108266, 0.0023285345757559513, 0.004120508098351186, 0.007059513173809963, 0.011713172490164058, 0.01882718150562092, 0.029326470185766697, 0.04428645127391656, 0.06486562671853277, 0.09219632342080875, 0.12723916281415337, 0.17061758642944452, 0.2224586817009851, 0.2822723620172167, 0.3488997608350054, 0.4205522340079976, 0.49494582404102705, 0.5695161188508877, 0.6416803874774379, 0.7091028445034119, 0.7699181554012198, 0.8228780688283633, 0.8674034410657493, 0.9035439098038026, 0.9318647347647456, 0.9532908717307089, 0.9689406312337897, 0.9799762635871232, 0.9874892480256996, 0.9924272743896244, 0.9955607037105125, 0.9974803088958744, 0.9986156578446987, 0.9992639520874185, 0.9996213403090429, 0.9998115503688912, 0.9999092857493956], "pearson_chi2": 421.7352018418738, "mean_perf_no": 93.75, "mse_no": 0.025891005616691474}