{"Hno": 0.01398419139064296, "Sigma": 0.06573444720525672, "signed_st": [-0.14, -0.1, -0.06, -0.02, 0.02, 0.06, 0.1, 0.14], "m_right_No": [0.0, 0.2, 0.0, 0.2, 0.6, 0.6, 1.0, 1.0], "se_right_No": [0.0, 0.1264911064067352, 0.0, 0.1264911064067352, 0.15491933384829668, 0.15491933384829668, 0.0, 0.0], "x_lr": [-0.2, -0.19, -0.18, -0.16999999999999998, -0.15999999999999998, -0.14999999999999997, -0.13999999999999996, -0.12999999999999995, -0.11999999999999994, -0.10999999999999993, -0.09999999999999992, -0.08999999999999991, -0.0799999999999999, -0.0699999999999999, -0.05999999999999989, -0.04999999999999988, -0.03999999999999987, -0.02999999999999986, -0.01999999999999985, -0.009999999999999842, 1.6653345369377348e-16, 0.010000000000000175, 0.020000000000000184, 0.030000000000000193, 0.0400000000000002, 0.05000000000000021, 0.06000000000000022, 0.07000000000000023, 0.08000000000000024, 0.09000000000000025, 0.10000000000000026, 0.11000000000000026, 0.12000000000000027, 0.13000000000000028, 0.1400000000000003, 0.1500000000000003, 0.1600000000000003, 0.17000000000000032, 0.18000000000000033, 0.19000000000000034], "y_pr_no": [0.0005663982575349416, 0.0009573460215043183, 0.0015835912458168366, 0.0025638450579529544, 0.004063188388149219, 0.00630413805531156, 0.009577029403817364, 0.014247918617439948, 0.020761743119974033, 0.029638228937970777, 0.04145815093470749, 0.0568381640986512, 0.07639359388659285, 0.10069025496100825, 0.13018837969116098, 0.1651837674763325, 0.20575290837908894, 0.25170966984552534, 0.30258082889497184, 0.3576061345465947, 0.4157658017782096, 0.47583474385071073, 0.5364590353194638, 0.5962467552417295, 0.6538631300208977, 0.7081192193079975, 0.7580444020360673, 0.802935419936744, 0.8423782303832694, 0.876242745011242, 0.9046540024223644, 0.9279458877543548, 0.9466048468130376, 0.9612110975025958, 0.9723838106286944, 0.9807349761704636, 0.986834614314403, 0.9911880243176019, 0.9942241767742055, 0.9962932986345268], "pearson_chi2": 81.86022981887828, "mean_perf_no": 85.0, "mse_no": 0.015261346406261709}