{"Hno": 0.008114031539336534, "Sigma": 0.032642187826567005, "signed_st": [-0.14, -0.1, -0.06, -0.02, 0.02, 0.06, 0.1, 0.14], "m_right_No": [0.0, 0.0, 0.3, 0.2, 0.5, 0.8, 1.0, 1.0], "se_right_No": [0.0, 0.0, 0.14491376746189438, 0.1264911064067352, 0.15811388300841897, 0.12649110640673517, 0.0, 0.0], "x_lr": [-0.2, -0.19, -0.18, -0.16999999999999998, -0.15999999999999998, -0.14999999999999997, -0.13999999999999996, -0.12999999999999995, -0.11999999999999994, -0.10999999999999993, -0.09999999999999992, -0.08999999999999991, -0.0799999999999999, -0.0699999999999999, -0.05999999999999989, -0.04999999999999988, -0.03999999999999987, -0.02999999999999986, -0.01999999999999985, -0.009999999999999842, 1.6653345369377348e-16, 0.010000000000000175, 0.020000000000000184, 0.030000000000000193, 0.0400000000000002, 0.05000000000000021, 0.06000000000000022, 0.07000000000000023, 0.08000000000000024, 0.09000000000000025, 0.10000000000000026, 0.11000000000000026, 0.12000000000000027, 0.13000000000000028, 0.1400000000000003, 0.1500000000000003, 0.1600000000000003, 0.17000000000000032, 0.18000000000000033, 0.19000000000000034], "y_lr_no": [0.001699678087735202, 0.002307539500901648, 0.003132110318764302, 0.004250076179571945, 0.0057647777257249224, 0.007815072956125914, 0.010586809464003364, 0.014327389874033994, 0.019363743711557586, 0.026123552297866847, 0.03515857778509968, 0.04716709145314888, 0.06300929498924235, 0.08370504292720866, 0.11039751639740653, 0.14426176545866407, 0.18633796489122487, 0.23728345282725122, 0.2970721910229242, 0.3647220633570786, 0.43817427346157306, 0.5144402391408716, 0.5900395890318488, 0.6616108666095849, 0.7264793759272042, 0.7829914600635506, 0.8305509658171942, 0.8694255462537618, 0.9004505842462064, 0.9247420397184877, 0.9434781093461895, 0.9577627340776985, 0.9685575552273945, 0.9766607120629532, 0.9827128449430402, 0.9872161357459307, 0.9905575944836655, 0.9930318242921532, 0.9948610856361508, 0.9962119674506864], "score_no": 0.85, "mean_perf_no": 85.0, "mse_no": 0.009875729523865465}