{"HRopt_": 0.03337774964064447, "SO_HRopt_": 0.05421271510360542, "xhat": [-0.2, -0.15000000000000002, -0.10000000000000003, -0.050000000000000044, -5.551115123125783e-17, 0.04999999999999993, 0.09999999999999992, 0.1499999999999999], "theo_pR": [1.511012794475075e-05, 0.0007219413678780651, 0.0139153774829337, 0.11245108703421436, 0.41000681531041894, 0.7759363351232774, 0.9594735180117245, 0.9968397820803103], "partid": 3062, "sessionid": 5, "part_sessid": "3062_5"}