{"HRopt_": 0.09489738019868586, "SO_HRopt_": 0.16879155726286021, "xhat": [-0.2, -0.15000000000000002, -0.10000000000000003, -0.050000000000000044, -5.551115123125783e-17, 0.04999999999999993, 0.09999999999999992, 0.1499999999999999], "theo_pR": [0.11331778762791123, 0.17591582730093314, 0.2568737143127432, 0.3538357743862335, 0.46138048160405964, 0.5718445311274961, 0.6769191042287558, 0.769478173847869], "partid": 3066, "sessionid": 5, "part_sessid": "3066_5"}