{"Dperf_oo": [70.0, 58.8235294117647, 72.22222222222223], "Dse_perf_oo": [10.2469507659596, 11.936462498726879, 10.557179862029054], "Sperf_oo": [61.111111111111114, 33.333333333333336, 47.05882352941177], "Sse_perf_oo": [11.490438561102644, 11.111111111111112, 12.105782480647683], "perf_no": [75.0, 45.0, 65.0], "se_perf_no": [9.682458365518542, 11.124297730643494, 10.66536450385077], "Dn_trials_oo": [20, 17, 18], "Sn_trials_oo": [18, 18, 17], "NOn_trials": [20, 20, 20], "DRT_oo": [NaN, 1.9730520064555284, 2.4194962434130347], "DsdRT_oo": [NaN, 0.0, 0.0], "SRT_oo": [1.5887591101418967, 1.4707041793527182, 1.1692797371436305], "SsdRT_oo": [0.0, 0.0, 0.0], "DRT_OKoo": [0.9634301331340983, 1.0415382625750986, 1.0184114630494465], "DsdRT_OKoo": [0.02621002355365615, 0.03094552903624391, 0.004330616087993936], "SRT_OKoo": [0.9455079180049324, 1.0148573870844362, 0.9992127046593906], "SsdRT_OKoo": [0.019990265779638573, 0.123436146680401, 0.05441920755200889], "RT_no": [0.9501360895694799, 0.9298801061255885, 1.0014340021457053], "sdRT_no": [0.029530984882775706, 0.025940848912756238, 0.022323680812649356], "RT_noNOK": [1.0709859186246953, 1.0158021415062608, 1.0457193628782195], "sdRT_noNOK": [0.18223777441279135, 0.029298548267537913, 0.017019170747642885], "Doptout": [0.0, 15.0, 10.0], "Dse_optout": [0.0, 7.984359711335657, 6.708203932499369], "Soptout": [10.0, 10.0, 15.0], "Sse_optout": [6.708203932499369, 6.708203932499369, 7.984359711335657]}