{"Dperf_oo": [82.3529411764706, 58.333333333333336, 60.0], "Dse_perf_oo": [9.245944094039714, 14.231876063832777, 15.491933384829668], "Sperf_oo": [84.61538461538461, 13.333333333333334, 14.285714285714286], "Sse_perf_oo": [10.006825162892168, 8.777074514725111, 13.226001425322165], "perf_no": [85.0, 45.0, 15.0], "se_perf_no": [7.984359711335657, 11.124297730643494, 7.984359711335657], "Dn_trials_oo": [17, 12, 10], "Sn_trials_oo": [13, 15, 7], "NOn_trials": [20, 20, 20], "DRT_oo": [1.3563134111790984, 0.8942765115385924, 1.1057438554606485], "DsdRT_oo": [0.0, 0.04556779778528921, 0.09563108944551607], "SRT_oo": [1.2900616543299708, 1.4573407934436937, 1.0890892638033587], "SsdRT_oo": [0.04609567258620513, 0.2534893463847512, 0.06025878079328419], "DRT_OKoo": [0.9441820946001696, 1.0519801332331855, 1.03347503110572], "DsdRT_OKoo": [0.052936396184397036, 0.08655947238047117, 0.14052622144321383], "SRT_OKoo": [0.9850300707507677, 0.945476870057611, 1.2957935805946603], "SsdRT_OKoo": [0.04496765359350908, 0.0, NaN], "RT_no": [0.869547759438258, 0.896531457241808, 1.2780915303519458], "sdRT_no": [0.049456131935886126, 0.02290243267548951, 0.0], "RT_noNOK": [0.9816025533469147, 1.164762328527045, 1.0029532512010169], "sdRT_noNOK": [0.0, 0.11814317895789081, 0.12144289813168808], "Doptout": [15.0, 40.0, 50.0], "Dse_optout": [7.984359711335657, 10.954451150103322, 11.180339887498949], "Soptout": [35.0, 25.0, 65.0], "Sse_optout": [10.66536450385077, 9.682458365518542, 10.66536450385077]}