{"Dperf_oo": [83.33333333333333, 58.8235294117647, 28.571428571428573], "Dse_perf_oo": [10.758287072798382, 11.936462498726879, 12.07363221040738], "Sperf_oo": [92.85714285714286, 46.15384615384615, 57.142857142857146], "Sse_perf_oo": [6.883029368995938, 13.826415911891033, 13.226001425322165], "perf_no": [90.0, 45.0, 25.0], "se_perf_no": [6.708203932499368, 11.124297730643494, 9.682458365518542], "Dn_trials_oo": [12, 17, 14], "Sn_trials_oo": [14, 13, 14], "NOn_trials": [20, 20, 20], "DRT_oo": [1.3579730102618117, 1.0946050981340139, 1.2517243490264351], "DsdRT_oo": [0.07144920708580553, 0.0, 0.04101114025486017], "SRT_oo": [1.1303069249665911, 1.1156706141687913, 1.2223629853907667], "SsdRT_oo": [0.0025532788314579237, 0.010859369112260308, 0.046497658727621016], "DRT_OKoo": [0.9519783347625566, 0.9406713792667161, 1.0340157288550027], "DsdRT_OKoo": [0.013726791293770095, 0.005969154392494661, 0.02046574250838], "SRT_OKoo": [0.8399522629965327, 0.8567214419934602, 0.892270265271826], "SsdRT_OKoo": [0.031066354123568264, 0.048395595341495914, 0.024922314337101358], "RT_no": [0.9126319655272119, 1.3709109826409551, 0.8716484592948951], "sdRT_no": [0.061266580173140024, 0.1738799536077326, 0.1872869426567413], "RT_noNOK": [0.8648214450307107, 1.0405581566579738, 0.9811499740907493], "sdRT_noNOK": [0.0, 0.14784191561786625, 0.09650632084740934], "Doptout": [40.0, 15.0, 30.0], "Dse_optout": [10.954451150103322, 7.984359711335657, 10.246950765959598], "Soptout": [30.0, 35.0, 30.0], "Sse_optout": [10.246950765959598, 10.66536450385077, 10.246950765959598]}