{"Hno": -0.03698865334158254, "Sigma": 0.16644230182770003, "signed_st": [-0.17000000000000004, -0.08999999999999997, -0.010000000000000009, 0.010000000000000009, 0.08999999999999997, 0.17000000000000004], "m_right_No": [0.3, 0.5, 0.5, 0.6, 0.5, 0.9], "se_right_No": [0.14491376746189438, 0.15811388300841897, 0.15811388300841897, 0.15491933384829668, 0.15811388300841897, 0.09486832980505137], "x_lr": [-1.0, -0.9, -0.8, -0.7000000000000001, -0.6000000000000001, -0.5000000000000001, -0.40000000000000013, -0.30000000000000016, -0.20000000000000018, -0.1000000000000002, -2.220446049250313e-16, 0.09999999999999964, 0.19999999999999973, 0.2999999999999998, 0.3999999999999997, 0.49999999999999956, 0.5999999999999996, 0.6999999999999997, 0.7999999999999996, 0.8999999999999995, 0.9999999999999996], "y_lr_no": [0.003061277672660311, 0.005568485405116286, 0.010108293415868575, 0.018281221054267598, 0.03284301522891232, 0.0583149202424814, 0.10146934196129564, 0.17076782150465708, 0.27301352858925937, 0.4064699801505074, 0.555330243849563, 0.6948812425280384, 0.8059410605651234, 0.8833617455566175, 0.9324826720622229, 0.9618111706707976, 0.9786909468739151, 0.9882012491018188, 0.9934952816737161, 0.9964225113111743, 0.9980350451189974], "score_no": 0.617, "mean_perf_no": 61.66666666666667, "mse_no": 0.009553174510627482}