{"Hno": -0.07056737108030457, "Sigma": 0.05668596402173724, "signed_st": [-0.16000000000000003, -0.07999999999999996, -0.0, 0.07999999999999996, 0.16000000000000003], "m_right_No": [0.1, 0.5, 0.85, 0.8, 1.0], "se_right_No": [0.09486832980505139, 0.15811388300841897, 0.07984359711335656, 0.12649110640673517, 0.0], "x_lr": [-1.0, -0.9, -0.8, -0.7000000000000001, -0.6000000000000001, -0.5000000000000001, -0.40000000000000013, -0.30000000000000016, -0.20000000000000018, -0.1000000000000002, -2.220446049250313e-16, 0.09999999999999964, 0.19999999999999973, 0.2999999999999998, 0.3999999999999997, 0.49999999999999956, 0.5999999999999996, 0.6999999999999997, 0.7999999999999996, 0.8999999999999995, 0.9999999999999996], "y_lr_no": [7.57241447760048e-08, 4.4195224269896284e-07, 2.5793812455721202e-06, 1.5053976858921935e-05, 8.785384021857516e-05, 0.0005125277504867366, 0.0029838935675051757, 0.017167295298320253, 0.09251320296092629, 0.37303405317292493, 0.7764127602923675, 0.9529785155181162, 0.9916166822676964, 0.9985535536176865, 0.999751868398555, 0.9999574763767354, 0.9999927137437362, 0.9999987515649879, 0.9999997860928678, 0.9999999633491359, 0.9999999937202391], "score_no": 0.817, "mean_perf_no": 68.33333333333333, "mse_no": 0.005090050165865694}