{"Hno": -1.9887072797564763e-12, "Sigma": 0.10633516257831699, "signed_st": [-0.18999999999999995, -0.10999999999999999, -0.030000000000000027, 0.030000000000000027, 0.10999999999999999, 0.18999999999999995], "m_right_No": [0.0, 0.4, 0.7, 0.3, 0.7, 0.9], "se_right_No": [0.0, 0.15491933384829668, 0.14491376746189438, 0.14491376746189438, 0.14491376746189438, 0.09486832980505137], "x_lr": [-1.0, -0.9, -0.8, -0.7000000000000001, -0.6000000000000001, -0.5000000000000001, -0.40000000000000013, -0.30000000000000016, -0.20000000000000018, -0.1000000000000002, -2.220446049250313e-16, 0.09999999999999964, 0.19999999999999973, 0.2999999999999998, 0.3999999999999997, 0.49999999999999956, 0.5999999999999996, 0.6999999999999997, 0.7999999999999996, 0.8999999999999995, 0.9999999999999996], "y_lr_no": [8.236834922458913e-05, 0.00021092347105069488, 0.0005400106458520269, 0.001381836805256566, 0.0035313545192647297, 0.008994440614485903, 0.022716377398141533, 0.056185650908413515, 0.13229180083779374, 0.28081496838879355, 0.500000000004675, 0.7191850316187596, 0.8677081991664993, 0.9438143490935699, 0.9772836226026889, 0.9910055593858474, 0.996468645480867, 0.9986181631947951, 0.9994599893541682, 0.9997890765289572, 0.9999176316507785], "score_no": 0.633, "mean_perf_no": 63.33333333333333, "mse_no": 0.03145921702325213}