{"Hno": 0.01913727403127067, "Sigma": 0.26983839727323594, "signed_st": [-0.19999999999999996, -0.12, -0.040000000000000036, 0.040000000000000036, 0.12, 0.19999999999999996], "m_right_No": [0.3, 0.4, 0.8, 0.1, 0.3, 1.0], "se_right_No": [0.14491376746189438, 0.15491933384829668, 0.12649110640673517, 0.09486832980505139, 0.14491376746189438, 0.0], "x_lr": [-1.0, -0.9, -0.8, -0.7000000000000001, -0.6000000000000001, -0.5000000000000001, -0.40000000000000013, -0.30000000000000016, -0.20000000000000018, -0.1000000000000002, -2.220446049250313e-16, 0.09999999999999964, 0.19999999999999973, 0.2999999999999998, 0.3999999999999997, 0.49999999999999956, 0.5999999999999996, 0.6999999999999997, 0.7999999999999996, 0.8999999999999995, 0.9999999999999996], "y_lr_no": [0.02238241336364051, 0.03210067985171855, 0.04584068301065237, 0.06506644379417864, 0.09158163026653028, 0.12742928201321257, 0.1746116031668518, 0.23456747456047294, 0.3074419862888572, 0.3913804103494638, 0.48227711768139647, 0.5743620732174428, 0.6615620735997176, 0.7390150030959051, 0.8039941489241862, 0.8559485400264933, 0.8959144565198615, 0.9257539577455227, 0.9475399017809879, 0.9631874201137396, 0.9742942976455256], "score_no": 0.483, "mean_perf_no": 48.333333333333336, "mse_no": 0.08371839340464532}