{"H_st": 0.0007920905287379647, "st_sigma": 0.05653831986660331, "signed_stair": [-0.7, -0.54, -0.5, -0.45999999999999996, -0.42000000000000004, -0.26, -0.12, -0.10999999999999999, -0.09999999999999998, -0.07999999999999996, 0.07999999999999996, 0.08999999999999997, 0.09999999999999998, 0.12, 0.14, 0.18000000000000005, 0.21999999999999997, 0.26, 0.30000000000000004, 0.33999999999999997, 0.38, 0.5800000000000001, 0.62, 0.6599999999999999], "m_right": [NaN, 0.0, 0.0, 0.0, 0.0, 0.0, 0.0, 0.0, 0.0, 0.21052631578947367, 0.9, 1.0, 0.75, 1.0, 1.0, 0.5, 1.0, 1.0, 1.0, 1.0, 1.0, NaN, NaN, NaN], "se_right": [NaN, 0.0, 0.0, 0.0, 0.0, 0.0, 0.0, 0.0, 0.0, 0.09352877017248827, 0.09486832980505137, 0.0, 0.21650635094610965, 0.0, 0.0, 0.3535533905932738, 0.0, 0.0, 0.0, 0.0, 0.0, NaN, NaN, NaN], "x_lr": [-1.0, -0.9, -0.8, -0.7000000000000001, -0.6000000000000001, -0.5000000000000001, -0.40000000000000013, -0.30000000000000016, -0.20000000000000018, -0.1000000000000002, -2.220446049250313e-16, 0.09999999999999964, 0.19999999999999973, 0.2999999999999998, 0.3999999999999997, 0.49999999999999956, 0.5999999999999996, 0.6999999999999997, 0.7999999999999996, 0.8999999999999995, 0.9999999999999996], "y_lr": [2.053512567094223e-08, 1.2040350964494954e-07, 7.059610116871966e-07, 4.139244215038295e-06, 2.426912579757275e-05, 0.00014228027689347207, 0.0008336545403426773, 0.004868226099025752, 0.027883687241582345, 0.14396738274015902, 0.49649760739590126, 0.8525448951814127, 0.9713466774834882, 0.994994131651231, 0.9991426767745256, 0.9998536773010698, 0.9999750412638125, 0.9999957431361831, 0.9999992739785275, 0.9999998761751239, 0.9999999788813514], "score": 0.875}