{"H_st": -0.00814605692719724, "st_sigma": 0.06074624402487213, "signed_stair": [-0.6599999999999999, -0.5800000000000001, -0.5, -0.45999999999999996, -0.42000000000000004, -0.33999999999999997, -0.26, -0.21999999999999997, -0.18000000000000005, -0.14, -0.13, -0.12, -0.10999999999999999, -0.09999999999999998, -0.08999999999999997, -0.07999999999999996, 0.07999999999999996, 0.09999999999999998, 0.10999999999999999, 0.12, 0.13, 0.14, 0.30000000000000004, 0.38, 0.54, 0.62, 0.7], "m_right": [NaN, NaN, 0.0, 0.0, 0.0, 0.0, 0.0, 0.0, 0.0, 0.0, 0.0, 0.0, 0.0, 0.5, 0.0, 0.2222222222222222, 0.8666666666666667, 1.0, 0.0, 0.6666666666666666, 1.0, 1.0, 1.0, 1.0, 1.0, NaN, NaN], "se_right": [NaN, NaN, 0.0, 0.0, 0.0, 0.0, 0.0, 0.0, 0.0, 0.0, 0.0, 0.0, 0.0, 0.25, 0.0, 0.13857990321384966, 0.0877707451472511, 0.0, 0.0, 0.2721655269759087, 0.0, 0.0, 0.0, 0.0, 0.0, NaN, NaN], "x_lr": [-1.0, -0.9, -0.8, -0.7000000000000001, -0.6000000000000001, -0.5000000000000001, -0.40000000000000013, -0.30000000000000016, -0.20000000000000018, -0.1000000000000002, -2.220446049250313e-16, 0.09999999999999964, 0.19999999999999973, 0.2999999999999998, 0.3999999999999997, 0.49999999999999956, 0.5999999999999996, 0.6999999999999997, 0.7999999999999996, 0.8999999999999995, 0.9999999999999996], "y_lr": [8.108049136811148e-08, 4.2057985070875086e-07, 2.181624166107925e-06, 1.1316397822733585e-05, 5.869753539525887e-05, 0.0003044005112774842, 0.001576973602604993, 0.008126403874185272, 0.040766069770839505, 0.1806288842756064, 0.5334747917220471, 0.8557329277184685, 0.968522063456161, 0.9937733871830541, 0.9987935537116341, 0.9997671914619151, 0.9999551101360576, 0.9999913457031376, 0.9999983315907677, 0.9999996783593499, 0.9999999379932732], "score": 0.857}