{"Dperf_oo": [100.0, 82.3529411764706, 72.22222222222223, 66.66666666666667], "Dse_perf_oo": [0.0, 9.245944094039714, 10.557179862029054, 12.171612389003691], "Sperf_oo": [100.0, 82.3529411764706, 71.42857142857143, 35.714285714285715], "Sse_perf_oo": [0.0, 9.245944094039714, 12.07363221040738, 12.806020814297073], "perf_no": [95.0, 100.0, 75.0, 80.0], "se_perf_no": [4.873397172404484, 0.0, 9.682458365518542, 8.944271909999157], "Dn_trials_oo": [19, 17, 18, 15], "Sn_trials_oo": [18, 17, 14, 14], "NOn_trials": [20, 20, 20, 20], "DRT_oo": [0.9614604462474645, 1.7545638945233266, 1.3904665314401623, 1.2555780933062881], "DsdRT_oo": [NaN, 0.0, 0.0, 0.08417849898580122], "SRT_oo": [1.2444219066937119, 1.0081135902636917, 1.1987829614604462, 1.2880324543610548], "SsdRT_oo": [0.0, 0.0, 0.006693370477763127, 0.0062701950611870885], "DRT_OKoo": [0.9939148073022313, 0.9269776876267748, 0.947261663286004, 1.0081135902636917], "DsdRT_OKoo": [0.04068048399321521, 0.038192663901698995, 0.04721715929325583, 0.07675173352015237], "SRT_OKoo": [0.9036511156186613, 0.9026369168356998, 0.949290060851927, 0.9574036511156186], "SsdRT_OKoo": [0.06840272324038951, 0.004199181902691811, 0.054327742510329784, 0.15162271805273833], "RT_no": [1.0040567951318458, 0.936105476673428, 1.0, 1.1125760649087222], "sdRT_no": [0.028097263450321822, 0.02268474993117509, 0.09007360542675366, 0.1595905513558291], "RT_noNOK": [1.3935091277890466, NaN, 1.154158215010142, 0.9290060851926978], "sdRT_noNOK": [NaN, NaN, 0.08012170385395538, 0.052231237322515216], "Doptout": [5.0, 15.0, 10.0, 25.0], "Dse_optout": [4.873397172404482, 7.984359711335657, 6.708203932499369, 9.682458365518542], "Soptout": [10.0, 15.0, 30.0, 30.0], "Sse_optout": [6.708203932499369, 7.984359711335657, 10.246950765959598, 10.246950765959598]}