{"Dperf_oo": [100.0, 100.0, 83.33333333333333, 60.0], "Dse_perf_oo": [0.0, 0.0, 8.784104611578833, 10.954451150103322], "Sperf_oo": [100.0, 90.0, 73.6842105263158, 47.05882352941177], "Sse_perf_oo": [0.0, 6.708203932499368, 10.102261788814664, 12.105782480647683], "perf_no": [100.0, 100.0, 75.0, 60.0], "se_perf_no": [0.0, 0.0, 9.682458365518542, 10.954451150103322], "Dn_trials_oo": [20, 17, 18, 20], "Sn_trials_oo": [20, 20, 19, 17], "NOn_trials": [20, 20, 20, 20], "DRT_oo": [NaN, 2.154089600517678, 2.156559332695264, NaN], "DsdRT_oo": [NaN, 0.0, 0.0, NaN], "SRT_oo": [NaN, NaN, 1.8772725480161203, 2.105631581058612], "SsdRT_oo": [NaN, NaN, NaN, 0.0], "DRT_OKoo": [0.9347123082307757, 0.9818886303533751, 1.017155026236834, 1.0326142682431758], "DsdRT_OKoo": [0.04137307494518721, 0.011432030297745225, 0.05259907721873631, 0.17259269265059543], "SRT_OKoo": [0.9013388807966625, 1.1045667862825415, 1.061792601670816, 0.9039121346977548], "SsdRT_OKoo": [0.05196155538510373, 0.12318080216835672, 0.0645556489448113, 0.10175110681081352], "RT_no": [1.0033619907478128, 1.037647395208471, 1.0302579169311734, 0.8685027802929293], "sdRT_no": [0.06567596937176495, 0.07951468613405357, 0.07347691464205498, 0.03899100282690603], "RT_noNOK": [NaN, NaN, 1.0064676420799816, 1.1286281894203098], "sdRT_noNOK": [NaN, NaN, 0.14961105414638842, 0.10831264340495501], "Doptout": [0.0, 15.0, 10.0, 0.0], "Dse_optout": [0.0, 7.984359711335657, 6.708203932499369, 0.0], "Soptout": [0.0, 0.0, 5.0, 15.0], "Sse_optout": [0.0, 0.0, 4.873397172404482, 7.984359711335657]}