{"Dperf_oo": [100.0, 94.11764705882354, 85.71428571428571, 81.81818181818181], "Dse_perf_oo": [0.0, 5.706720589090183, 9.352195295828245, 11.629129983033296], "Sperf_oo": [100.0, 92.85714285714286, 100.0, 33.333333333333336], "Sse_perf_oo": [0.0, 6.883029368995938, 0.0, 19.245008972987527], "perf_no": [90.0, 90.0, 80.0, 70.0], "se_perf_no": [6.708203932499368, 6.708203932499368, 8.944271909999157, 10.2469507659596], "Dn_trials_oo": [19, 17, 14, 11], "Sn_trials_oo": [18, 14, 8, 6], "NOn_trials": [20, 20, 20, 20], "DRT_oo": [0.8246582768624898, 1.0427570184085604, 1.1945324297998376, 1.1745130687340812], "DsdRT_oo": [NaN, 0.0, 0.09948923989797719, 0.057131359013667574], "SRT_oo": [1.0086815101395945, 1.2031945788881007, 1.1794578896106656, 1.0608673765944454], "SsdRT_oo": [0.0, 0.04932439277920555, 0.06945072579072165, 0.0630999980354223], "DRT_OKoo": [0.8946524684984056, 0.9045730881320501, 1.0395934172296368, 0.8686311714223613], "DsdRT_OKoo": [0.03270754567308466, 0.05854362233294647, 0.06587440394588462, 0.09222217483026997], "SRT_OKoo": [0.9136340755268684, 1.0255101645275164, 0.9134520813017575, 0.9813552758777696], "SsdRT_OKoo": [0.06354494650561929, 0.06021204783908975, 0.0674604005296962, 0.0], "RT_no": [0.877200387229826, 0.9057889641932041, 1.0015953532712993, 1.064162633066673], "sdRT_no": [0.02534406804027677, 0.025642527749305668, 0.04635193904979218, 0.04824050219075259], "RT_noNOK": [1.3147763794667435, 1.8165304937105722, 1.065750242070707, 1.3342265246947427], "sdRT_noNOK": [0.0, 0.0, 0.2362323330070767, 0.34208718184111087], "Doptout": [5.0, 15.0, 30.0, 45.0], "Dse_optout": [4.873397172404482, 7.984359711335657, 10.246950765959598, 11.124297730643494], "Soptout": [10.0, 30.0, 60.0, 70.0], "Sse_optout": [6.708203932499369, 10.246950765959598, 10.954451150103322, 10.2469507659596]}