{"Dperf_oo": [89.47368421052632, 94.44444444444444, 73.6842105263158, 66.66666666666667], "Dse_perf_oo": [7.040590042736196, 5.399029532264168, 10.102261788814664, 11.11111111111111], "Sperf_oo": [100.0, 90.0, 77.77777777777777, 90.9090909090909], "Sse_perf_oo": [0.0, 6.708203932499368, 9.799078929868855, 8.667841720414476], "perf_no": [100.0, 85.0, 70.0, 55.0], "se_perf_no": [0.0, 7.984359711335657, 10.2469507659596, 11.124297730643494], "Dn_trials_oo": [19, 18, 19, 18], "Sn_trials_oo": [19, 20, 18, 11], "NOn_trials": [20, 20, 20, 20], "DRT_oo": [1.7815358053414811, 1.4667069876210566, 12.972396858713143, 1.2759922507391244], "DsdRT_oo": [NaN, 0.0, NaN, 0.0], "SRT_oo": [2.7283733200201477, NaN, 1.623072682917063, 1.7505914213836369], "SsdRT_oo": [NaN, NaN, 0.0, 0.051748719408314534], "DRT_OKoo": [0.9984537536772053, 0.9424573053654433, 0.9553394163696487, 0.9360772217300931], "DsdRT_OKoo": [0.04600509983256349, 0.07553846285272177, 0.04037838950582211, 0.06135946131861854], "SRT_OKoo": [0.9275899567759626, 0.9737675150725046, 0.9166686978811104, 1.0256617866556432], "SsdRT_OKoo": [0.016212619983483445, 0.028552468993000884, 0.009428252430318343, 0.047551787497405046], "RT_no": [0.9551052867272061, 0.8729495190012119, 1.0427094838942672, 0.9336968867389969], "sdRT_no": [0.047569998522724116, 0.09749528593024977, 0.007057848041101817, 0.030895886766140575], "RT_noNOK": [NaN, 1.7895157833466542, 1.0958036789804222, 1.3527727490860162], "sdRT_noNOK": [NaN, 0.0, 0.011478547075888738, 0.15244834568919363], "Doptout": [5.0, 10.0, 5.0, 10.0], "Dse_optout": [4.873397172404482, 6.708203932499369, 4.873397172404482, 6.708203932499369], "Soptout": [5.0, 0.0, 10.0, 45.0], "Sse_optout": [4.873397172404482, 0.0, 6.708203932499369, 11.124297730643494]}