{"Hno": -0.006184213772398621, "Sigma": 0.05600365752473359, "signed_st": [-0.14, -0.1, -0.06, -0.02, 0.02, 0.06, 0.1, 0.14], "m_right_No": [0.0, 0.0, 0.1, 0.7, 0.7, 0.7, 1.0, 1.0], "se_right_No": [0.0, 0.0, 0.09486832980505139, 0.14491376746189438, 0.14491376746189438, 0.14491376746189438, 0.0, 0.0], "x_lr": [-0.2, -0.19, -0.18, -0.16999999999999998, -0.15999999999999998, -0.14999999999999997, -0.13999999999999996, -0.12999999999999995, -0.11999999999999994, -0.10999999999999993, -0.09999999999999992, -0.08999999999999991, -0.0799999999999999, -0.0699999999999999, -0.05999999999999989, -0.04999999999999988, -0.03999999999999987, -0.02999999999999986, -0.01999999999999985, -0.009999999999999842, 1.6653345369377348e-16, 0.010000000000000175, 0.020000000000000184, 0.030000000000000193, 0.0400000000000002, 0.05000000000000021, 0.06000000000000022, 0.07000000000000023, 0.08000000000000024, 0.09000000000000025, 0.10000000000000026, 0.11000000000000026, 0.12000000000000027, 0.13000000000000028, 0.1400000000000003, 0.1500000000000003, 0.1600000000000003, 0.17000000000000032, 0.18000000000000033, 0.19000000000000034], "y_pr_no": [0.00026931624593155016, 0.0005149836421854785, 0.0009557445628605123, 0.0017217783683231693, 0.0030114589135217464, 0.005114780988736978, 0.008437693340904003, 0.013523051199736017, 0.021062050972586874, 0.03188873750999034, 0.0469501970658284, 0.0672470291871594, 0.0937429609532775, 0.1272487540427717, 0.1682928225354764, 0.2169975059462021, 0.27298369229269404, 0.335325716851942, 0.40257238742139534, 0.4728392478592385, 0.5439639064083961, 0.6137035499845819, 0.6799448937794044, 0.7408941514336114, 0.7952188809385453, 0.8421236041064357, 0.8813542462453311, 0.913139382019553, 0.9380860481457721, 0.9570527020714052, 0.9710214877693525, 0.9809873822224269, 0.9878749132237574, 0.9924859699157873, 0.9954763536541238, 0.9973549907695094, 0.9984982595279986, 0.9991722335826962, 0.9995571153735541, 0.999770027712587], "pearson_chi2": 52.99046325587722, "mean_perf_no": 82.5, "mse_no": 0.021592399578600346}