{"Hno": 0.00752051905763759, "Sigma": 0.1841403776679499, "signed_st": [-0.14, -0.1, -0.06, -0.02, 0.02, 0.06, 0.1, 0.14], "m_right_No": [0.0, 0.4, 0.4, 0.6, 0.6, 0.6, 0.5, 0.8], "se_right_No": [0.0, 0.15491933384829668, 0.15491933384829668, 0.15491933384829668, 0.15491933384829668, 0.15491933384829668, 0.15811388300841897, 0.12649110640673517], "x_lr": [-0.2, -0.19, -0.18, -0.16999999999999998, -0.15999999999999998, -0.14999999999999997, -0.13999999999999996, -0.12999999999999995, -0.11999999999999994, -0.10999999999999993, -0.09999999999999992, -0.08999999999999991, -0.0799999999999999, -0.0699999999999999, -0.05999999999999989, -0.04999999999999988, -0.03999999999999987, -0.02999999999999986, -0.01999999999999985, -0.009999999999999842, 1.6653345369377348e-16, 0.010000000000000175, 0.020000000000000184, 0.030000000000000193, 0.0400000000000002, 0.05000000000000021, 0.06000000000000022, 0.07000000000000023, 0.08000000000000024, 0.09000000000000025, 0.10000000000000026, 0.11000000000000026, 0.12000000000000027, 0.13000000000000028, 0.1400000000000003, 0.1500000000000003, 0.1600000000000003, 0.17000000000000032, 0.18000000000000033, 0.19000000000000034], "y_pr_no": [0.12987776900567183, 0.14171123552029963, 0.15425432397797273, 0.16751044572485713, 0.18147888818795022, 0.1961545935013413, 0.21152797774396548, 0.22758479563174394, 0.24430605493018065, 0.26166798415855297, 0.27964205635488043, 0.29819507077638785, 0.3172892934408263, 0.33688265639010473, 0.3569290145017758, 0.37737845761018174, 0.3981776746526183, 0.4192703655520672, 0.44059769561172024, 0.46209878635122864, 0.48371123598194893, 0.5053716621173288, 0.5270162588606507, 0.5485813601175202, 0.5700040008525258, 0.5912224680517788, 0.6121768333644535, 0.6328094597714051, 0.6530654751576036, 0.672893206333645, 0.6922445678426645, 0.7110754007822454, 0.7293457578437514, 0.747020131799618, 0.7640676257273286, 0.7804620643217581, 0.7961820466905392, 0.8112109420266571, 0.825536830487083, 0.8391523924568565], "pearson_chi2": 78.99494214162175, "mean_perf_no": 63.74999999999999, "mse_no": 0.021703055921730125}