{"Hno": 0.044057877229883295, "Sigma": 0.01993232924436916, "signed_st": [-0.14, -0.1, -0.06, -0.02, 0.02, 0.06, 0.1, 0.14], "m_right_No": [0.0, 0.0, 0.0, 0.1, 0.2, 0.6, 1.0, 1.0], "se_right_No": [0.0, 0.0, 0.0, 0.09486832980505139, 0.1264911064067352, 0.15491933384829668, 0.0, 0.0], "x_lr": [-0.2, -0.19, -0.18, -0.16999999999999998, -0.15999999999999998, -0.14999999999999997, -0.13999999999999996, -0.12999999999999995, -0.11999999999999994, -0.10999999999999993, -0.09999999999999992, -0.08999999999999991, -0.0799999999999999, -0.0699999999999999, -0.05999999999999989, -0.04999999999999988, -0.03999999999999987, -0.02999999999999986, -0.01999999999999985, -0.009999999999999842, 1.6653345369377348e-16, 0.010000000000000175, 0.020000000000000184, 0.030000000000000193, 0.0400000000000002, 0.05000000000000021, 0.06000000000000022, 0.07000000000000023, 0.08000000000000024, 0.09000000000000025, 0.10000000000000026, 0.11000000000000026, 0.12000000000000027, 0.13000000000000028, 0.1400000000000003, 0.1500000000000003, 0.1600000000000003, 0.17000000000000032, 0.18000000000000033, 0.19000000000000034], "y_lr_no": [4.8123366427427016e-06, 7.947656710494216e-06, 1.3125664900058355e-05, 2.1677143859768217e-05, 3.579978244923622e-05, 5.91227626423809e-05, 9.763880419612175e-05, 0.00016124241229381037, 0.0002662674790794647, 0.0004396704250672229, 0.0007259176006807385, 0.0011983024190674603, 0.001977479394659206, 0.0032616492435165864, 0.005375264059230767, 0.00884638787415387, 0.014526283516719477, 0.02376556023184407, 0.03865089196000339, 0.0622648639128959, 0.09882287303562452, 0.15333562365055595, 0.2302362460540473, 0.3306425801372519, 0.449279386479936, 0.5739816046545817, 0.6899343360670253, 0.7860889780288729, 0.8585389164514116, 0.9092824444467242, 0.9430315634524231, 0.9647124509888796, 0.978331678750341, 0.986766669478537, 0.9919451421276924, 0.9951072205117599, 0.9970316831076642, 0.9982005712414387, 0.9989096684013472, 0.9993395180065107], "score_no": 0.912, "mean_perf_no": 83.75, "mse_no": 0.002684306981330698}