{"Hno": 0.01201891071627301, "Sigma": 0.02128987176412988, "signed_st": [-0.14, -0.1, -0.06, -0.02, 0.02, 0.06, 0.1, 0.14], "m_right_No": [0.0, 0.0, 0.1, 0.1, 0.6, 0.9, 1.0, 1.0], "se_right_No": [0.0, 0.0, 0.09486832980505139, 0.09486832980505139, 0.15491933384829668, 0.09486832980505137, 0.0, 0.0], "x_lr": [-0.2, -0.19, -0.18, -0.16999999999999998, -0.15999999999999998, -0.14999999999999997, -0.13999999999999996, -0.12999999999999995, -0.11999999999999994, -0.10999999999999993, -0.09999999999999992, -0.08999999999999991, -0.0799999999999999, -0.0699999999999999, -0.05999999999999989, -0.04999999999999988, -0.03999999999999987, -0.02999999999999986, -0.01999999999999985, -0.009999999999999842, 1.6653345369377348e-16, 0.010000000000000175, 0.020000000000000184, 0.030000000000000193, 0.0400000000000002, 0.05000000000000021, 0.06000000000000022, 0.07000000000000023, 0.08000000000000024, 0.09000000000000025, 0.10000000000000026, 0.11000000000000026, 0.12000000000000027, 0.13000000000000028, 0.1400000000000003, 0.1500000000000003, 0.1600000000000003, 0.17000000000000032, 0.18000000000000033, 0.19000000000000034], "y_lr_no": [4.731315538676492e-05, 7.567644382198079e-05, 0.00012104089705299069, 0.0001935939320859634, 0.0003096224616696328, 0.0004951570554696457, 0.0007917812043278458, 0.001265873190034916, 0.0020232607310743675, 0.003232335974935163, 0.005160203472954292, 0.008228420117193448, 0.013096957186279809, 0.020785706263622566, 0.03283805039240934, 0.05151118022474298, 0.07992516788037325, 0.12199659952885988, 0.1818370777340753, 0.2622622476876251, 0.3624984411789135, 0.4763103419559589, 0.5926369741657612, 0.699429821935528, 0.7882303286573958, 0.8561898398902184, 0.9049696373177032, 0.9383940708779924, 0.9605745018486523, 0.9749820548533261, 0.9842110900989925, 0.9900702394298142, 0.9937688667889008, 0.9960952664523914, 0.9975552392763456, 0.9984701692767018, 0.9990430233217341, 0.9994014974060791, 0.999625740915813, 0.9997659858302471], "score_no": 0.912, "mean_perf_no": 91.25, "mse_no": 0.0019282445599777575}