{"Hno": -0.008114031539336531, "Sigma": 0.032642187826567005, "signed_st": [-0.14, -0.1, -0.06, -0.02, 0.02, 0.06, 0.1, 0.14], "m_right_No": [0.0, 0.0, 0.1, 0.7, 0.7, 0.7, 1.0, 1.0], "se_right_No": [0.0, 0.0, 0.09486832980505139, 0.14491376746189438, 0.14491376746189438, 0.14491376746189438, 0.0, 0.0], "x_lr": [-0.2, -0.19, -0.18, -0.16999999999999998, -0.15999999999999998, -0.14999999999999997, -0.13999999999999996, -0.12999999999999995, -0.11999999999999994, -0.10999999999999993, -0.09999999999999992, -0.08999999999999991, -0.0799999999999999, -0.0699999999999999, -0.05999999999999989, -0.04999999999999988, -0.03999999999999987, -0.02999999999999986, -0.01999999999999985, -0.009999999999999842, 1.6653345369377348e-16, 0.010000000000000175, 0.020000000000000184, 0.030000000000000193, 0.0400000000000002, 0.05000000000000021, 0.06000000000000022, 0.07000000000000023, 0.08000000000000024, 0.09000000000000025, 0.10000000000000026, 0.11000000000000026, 0.12000000000000027, 0.13000000000000028, 0.1400000000000003, 0.1500000000000003, 0.1600000000000003, 0.17000000000000032, 0.18000000000000033, 0.19000000000000034], "y_lr_no": [0.0027912647574381533, 0.003788032549313713, 0.00513891436384931, 0.006968175707846801, 0.009442405516334637, 0.012783864254069487, 0.01728715505695997, 0.02333928793704705, 0.03144244477260582, 0.04223726592230185, 0.05652189065381095, 0.07525796028151308, 0.09954941575379456, 0.13057445374623933, 0.1694490341828073, 0.21700853993645108, 0.27352062407279776, 0.33838913339041743, 0.40996041096815355, 0.485559760859131, 0.5618257265384294, 0.6352779366429238, 0.702927808977078, 0.7627165471727507, 0.8136620351087768, 0.8557382345413371, 0.8896024836025944, 0.9162949570727921, 0.9369907050107583, 0.9528329085468517, 0.9648414222149007, 0.9738764477021334, 0.9806362562884426, 0.9856726101259661, 0.9894131905359967, 0.9921849270438742, 0.9942352222742752, 0.995749923820428, 0.9968678896812356, 0.9976924604990984], "score_no": 0.825, "mean_perf_no": 82.5, "mse_no": 0.021624263564651424}