{"Hno": 0.028373548075695428, "Sigma": 0.03151313945502884, "signed_st": [-0.14, -0.1, -0.06, -0.02, 0.02, 0.06, 0.1, 0.14], "m_right_No": [0.0, 0.0, 0.0, 0.2, 0.6, 0.6, 1.0, 0.9], "se_right_No": [0.0, 0.0, 0.0, 0.1264911064067352, 0.15491933384829668, 0.15491933384829668, 0.0, 0.09486832980505137], "x_lr": [-0.2, -0.19, -0.18, -0.16999999999999998, -0.15999999999999998, -0.14999999999999997, -0.13999999999999996, -0.12999999999999995, -0.11999999999999994, -0.10999999999999993, -0.09999999999999992, -0.08999999999999991, -0.0799999999999999, -0.0699999999999999, -0.05999999999999989, -0.04999999999999988, -0.03999999999999987, -0.02999999999999986, -0.01999999999999985, -0.009999999999999842, 1.6653345369377348e-16, 0.010000000000000175, 0.020000000000000184, 0.030000000000000193, 0.0400000000000002, 0.05000000000000021, 0.06000000000000022, 0.07000000000000023, 0.08000000000000024, 0.09000000000000025, 0.10000000000000026, 0.11000000000000026, 0.12000000000000027, 0.13000000000000028, 0.1400000000000003, 0.1500000000000003, 0.1600000000000003, 0.17000000000000032, 0.18000000000000033, 0.19000000000000034], "y_lr_no": [0.0007118501510832273, 0.0009774328286169286, 0.0013419681248700791, 0.0018422068018135564, 0.0025284448063365317, 0.003469423892515353, 0.004758924412635365, 0.006524562975377488, 0.008939398208977585, 0.012236990102416292, 0.016730472591879125, 0.02283583719618086, 0.03109873395117352, 0.042222281187643596, 0.057090116654299396, 0.07677373547715946, 0.1025061200042314, 0.13559653098278, 0.1772592355960754, 0.22834147138694583, 0.28897405935760806, 0.3582324617650177, 0.433959090415337, 0.5129001029842553, 0.5912027761832572, 0.6651361598624876, 0.7317649527294356, 0.789335340631223, 0.8372968953398825, 0.8760537644798679, 0.9066082586360332, 0.9302305017724755, 0.9482190604382601, 0.9617603138341012, 0.9718654589074043, 0.9793575525834309, 0.9848855654567991, 0.9889498890331615, 0.9919302568381612, 0.9941115644999013], "score_no": 0.838, "mean_perf_no": 86.25, "mse_no": 0.01048287130374132}