{"Hno": -0.03407242821866767, "Sigma": 0.045475861734274314, "signed_st": [-0.14, -0.1, -0.06, -0.02, 0.02, 0.06, 0.1, 0.14], "m_right_No": [0.0, 0.2, 0.5, 0.6, 0.7, 0.9, 0.9, 1.0], "se_right_No": [0.0, 0.1264911064067352, 0.15811388300841897, 0.15491933384829668, 0.14491376746189438, 0.09486832980505137, 0.09486832980505137, 0.0], "x_lr": [-0.2, -0.19, -0.18, -0.16999999999999998, -0.15999999999999998, -0.14999999999999997, -0.13999999999999996, -0.12999999999999995, -0.11999999999999994, -0.10999999999999993, -0.09999999999999992, -0.08999999999999991, -0.0799999999999999, -0.0699999999999999, -0.05999999999999989, -0.04999999999999988, -0.03999999999999987, -0.02999999999999986, -0.01999999999999985, -0.009999999999999842, 1.6653345369377348e-16, 0.010000000000000175, 0.020000000000000184, 0.030000000000000193, 0.0400000000000002, 0.05000000000000021, 0.06000000000000022, 0.07000000000000023, 0.08000000000000024, 0.09000000000000025, 0.10000000000000026, 0.11000000000000026, 0.12000000000000027, 0.13000000000000028, 0.1400000000000003, 0.1500000000000003, 0.1600000000000003, 0.17000000000000032, 0.18000000000000033, 0.19000000000000034], "y_lr_no": [0.02536493268878733, 0.03140745901641364, 0.03883210540525625, 0.047925075892605105, 0.059016530857116396, 0.07247950185222793, 0.08872409372168816, 0.10818486845833811, 0.13129915445052556, 0.1584743697761552, 0.19004362793988924, 0.22621120901784778, 0.266992970236176, 0.31216092125063555, 0.3612047040078147, 0.4133236578759411, 0.4674596952801203, 0.5223729066846989, 0.5767505923229841, 0.6293303726703223, 0.6790135249053085, 0.7249478360467153, 0.7665685757608147, 0.8035975463014052, 0.8360092382206947, 0.8639775037488827, 0.8878159192398793, 0.9079218137990765, 0.9247297859106186, 0.938676855814346, 0.9501788592753284, 0.9596163167415334, 0.967327538541911, 0.9736068087671348, 0.9787058415165821, 0.9828371322076895, 0.9861782284348279, 0.9888762746515459, 0.9910524335628433, 0.9928059628551138], "score_no": 0.8, "mean_perf_no": 77.5, "mse_no": 0.005887824917451222}