{"Hno": -0.041554374512431214, "Sigma": 0.03908183759047649, "signed_st": [-0.14, -0.1, -0.06, -0.02, 0.02, 0.06, 0.1, 0.14], "m_right_No": [0.0, 0.3, 0.3, 0.6, 0.9, 1.0, 1.0, 0.9], "se_right_No": [0.0, 0.14491376746189438, 0.14491376746189438, 0.15491933384829668, 0.09486832980505137, 0.0, 0.0, 0.09486832980505137], "x_lr": [-0.2, -0.19, -0.18, -0.16999999999999998, -0.15999999999999998, -0.14999999999999997, -0.13999999999999996, -0.12999999999999995, -0.11999999999999994, -0.10999999999999993, -0.09999999999999992, -0.08999999999999991, -0.0799999999999999, -0.0699999999999999, -0.05999999999999989, -0.04999999999999988, -0.03999999999999987, -0.02999999999999986, -0.01999999999999985, -0.009999999999999842, 1.6653345369377348e-16, 0.010000000000000175, 0.020000000000000184, 0.030000000000000193, 0.0400000000000002, 0.05000000000000021, 0.06000000000000022, 0.07000000000000023, 0.08000000000000024, 0.09000000000000025, 0.10000000000000026, 0.11000000000000026, 0.12000000000000027, 0.13000000000000028, 0.1400000000000003, 0.1500000000000003, 0.1600000000000003, 0.17000000000000032, 0.18000000000000033, 0.19000000000000034], "y_lr_no": [0.017053470175186464, 0.02191709137517853, 0.028128115891022733, 0.03603441930498421, 0.046057723955464695, 0.05869932698744979, 0.07453958588884924, 0.09422651093378796, 0.11844753934134773, 0.14787813546145254, 0.18310247456809028, 0.2245066009941256, 0.272154074453374, 0.3256672130629709, 0.38414904442919845, 0.44618401119239526, 0.5099417641515971, 0.5733777115013501, 0.634487930016987, 0.6915535397919779, 0.7433141159250164, 0.7890384158870526, 0.8284969762841423, 0.8618671957682797, 0.8896095422821285, 0.9123468179131413, 0.9307653417794256, 0.9455445953335718, 0.9573136662361228, 0.9666289390728178, 0.9739666573618403, 0.9797247806336793, 0.9842299286005218, 0.987746554041108, 0.9904865742359067, 0.9926184712284388, 0.9942753851065007, 0.9955620383974056, 0.9965605063803845, 0.9973349369212269], "score_no": 0.85, "mean_perf_no": 82.5, "mse_no": 0.0077105559428475535}