{"HRopt_": 0.15518218571827044, "SO_HRopt_": 0.22032104531690572, "xhat": [-0.2, -0.15000000000000002, -0.10000000000000003, -0.050000000000000044, -5.551115123125783e-17, 0.04999999999999993, 0.09999999999999992, 0.1499999999999999], "theo_pR": [0.035167199745408384, 0.06754174246521927, 0.11920822192414994, 0.19391601719834475, 0.2917919897671169, 0.4079743878944303, 0.5329310070079224, 0.6546989973240545], "partid": 3067, "sessionid": 16, "part_sessid": "3067_16"}