{"HRopt_": 0.06258042194066099, "SO_HRopt_": 0.09785334682668625, "xhat": [-0.2, -0.15000000000000002, -0.10000000000000003, -0.050000000000000044, -5.551115123125783e-17, 0.04999999999999993, 0.09999999999999992, 0.1499999999999999], "theo_pR": [0.004293551019388775, 0.02039689495833308, 0.07171038711479871, 0.18923446110168318, 0.3827480217308423, 0.6118630493948959, 0.8069269498630856, 0.9263419672045821], "partid": 3065, "sessionid": 16, "part_sessid": "3065_16"}