{"HRopt_": 0.007981374446705656, "SO_HRopt_": 0.043193135731751355, "xhat": [-0.2, -0.15000000000000002, -0.10000000000000003, -0.050000000000000044, -5.551115123125783e-17, 0.04999999999999993, 0.09999999999999992, 0.1499999999999999], "theo_pR": [0.022953142627249564, 0.07885833283839216, 0.20345840841011176, 0.40289129669825574, 0.6321642315597396, 0.8214883757706847, 0.933775369727635, 0.9815999311897693], "partid": 3063, "sessionid": 16, "part_sessid": "3063_16"}