{"HRopt_": 0.04819397311759352, "SO_HRopt_": 0.08100373968451144, "xhat": [-0.2, -0.15000000000000002, -0.10000000000000003, -0.050000000000000044, -5.551115123125783e-17, 0.04999999999999993, 0.09999999999999992, 0.1499999999999999], "theo_pR": [0.0037082924772822157, 0.020115955923149298, 0.07705206224239947, 0.21214306486855608, 0.4313920829441046, 0.6748498769776426, 0.8598223150479082, 0.9559678043875371], "partid": 3060, "sessionid": 16, "part_sessid": "3060_16"}