{"Dperf_oo": [100.0, 100.0, 71.42857142857143, 57.142857142857146], "Dse_perf_oo": [0.0, 0.0, 12.07363221040738, 18.704390591656487], "Sperf_oo": [94.73684210526316, 100.0, 83.33333333333333, 58.333333333333336], "Sse_perf_oo": [5.122781719918815, 0.0, 10.758287072798382, 14.231876063832777], "perf_no": [95.0, 90.0, 80.0, 60.0], "se_perf_no": [4.873397172404484, 6.708203932499368, 8.944271909999157, 10.954451150103322], "Dn_trials_oo": [16, 16, 14, 7], "Sn_trials_oo": [19, 16, 12, 12], "NOn_trials": [20, 20, 20, 20], "DRT_oo": [2.0148840192900512, 1.4352398435799003, 1.366948059472912, 1.646841780787771], "DsdRT_oo": [0.11471363674505426, 0.014613318041673939, 0.07249596307785658, 0.17051008810097293], "SRT_oo": [2.457944626812708, 1.2617749358184551, 1.086262707587427, 1.5883907834123576], "SsdRT_oo": [NaN, 0.0, 0.2524949846366014, 0.1479580756220374], "DRT_OKoo": [0.7307250471337189, 0.7724994824853805, 1.202834856331158, 1.0431074684190424], "DsdRT_OKoo": [0.01103513724531692, 0.12371283023139272, 0.28794392403887537, 0.0], "SRT_OKoo": [0.7296763641418564, 0.7466327266585618, 0.882795456763949, 1.0310305528264248], "SsdRT_OKoo": [0.08468410961252718, 0.10663669171499499, 0.09782898987056407, 0.5007596882765967], "RT_no": [0.731666814538075, 0.8117989349644688, 0.8557207818934438, 1.2234900443560643], "sdRT_no": [0.05487869459924886, 0.07346580305496872, 0.12797232866734923, 0.1982798200510571], "RT_noNOK": [4.490410578764419, 2.8636575606418004, 2.167564075473295, 1.3078510187780377], "sdRT_noNOK": [NaN, 0.0, 0.29878366420738284, 0.2943841859626352], "Doptout": [20.0, 20.0, 30.0, 65.0], "Dse_optout": [8.944271909999161, 8.944271909999161, 10.246950765959598, 10.66536450385077], "Soptout": [5.0, 20.0, 40.0, 40.0], "Sse_optout": [4.873397172404482, 8.944271909999161, 10.954451150103322, 10.954451150103322]}