{"Dperf_oo": [100.0, 100.0, 87.5, 46.15384615384615], "Dse_perf_oo": [0.0, 0.0, 8.267972847076846, 13.826415911891033], "Sperf_oo": [100.0, 94.44444444444444, 82.3529411764706, 66.66666666666667], "Sse_perf_oo": [0.0, 5.399029532264168, 9.245944094039714, 11.11111111111111], "perf_no": [100.0, 95.0, 65.0, 80.0], "se_perf_no": [0.0, 4.873397172404484, 10.66536450385077, 8.944271909999157], "Dn_trials_oo": [19, 19, 16, 13], "Sn_trials_oo": [20, 18, 17, 18], "NOn_trials": [20, 20, 20, 20], "DRT_oo": [17.075252414082854, 1.5747662031160425, 1.41023898436338, 1.3307498490919774], "DsdRT_oo": [NaN, NaN, 0.0, 0.09662256892478735], "SRT_oo": [NaN, 1.3965491687617921, 1.3962165933555895, 1.720915016161413], "SsdRT_oo": [NaN, 0.0, 0.0, 0.0], "DRT_OKoo": [0.9540648305275377, 0.972631213655718, 1.0370640822306958, 1.0306403161013207], "DsdRT_OKoo": [0.018846830329354337, 0.03745557585849854, 0.04269833156327022, 0.02815861063638487], "SRT_OKoo": [0.8708197622261988, 0.9756171623565157, 0.9780717133923709, 0.9277841441242737], "SsdRT_OKoo": [0.024007394397603268, 0.049427084617389386, 0.00736980456427601, 0.0073373829407661776], "RT_no": [0.9578532981025913, 1.0014857444479768, 1.0611902584486688, 1.0905038878816502], "sdRT_no": [0.02294698424431134, 0.021062330289563398, 0.03697544071763421, 0.10376871866369172], "RT_noNOK": [NaN, 1.7383065405615952, 1.1151976112556339, 1.125959317365279], "sdRT_noNOK": [NaN, NaN, 0.1217340755936108, 0.10476667305291407], "Doptout": [5.0, 5.0, 20.0, 35.0], "Dse_optout": [4.873397172404482, 4.873397172404482, 8.944271909999161, 10.66536450385077], "Soptout": [0.0, 10.0, 15.0, 10.0], "Sse_optout": [0.0, 6.708203932499369, 7.984359711335657, 6.708203932499369]}