{"Hno": -0.04158229996549376, "Sigma": 0.11450809189243674, "signed_st": [-0.14, -0.1, -0.06, -0.02, 0.02, 0.06, 0.1, 0.14], "m_right_No": [0.0, 0.5, 0.3, 0.8, 0.7, 0.9, 0.8, 0.9], "se_right_No": [0.0, 0.15811388300841897, 0.14491376746189438, 0.12649110640673517, 0.14491376746189438, 0.09486832980505137, 0.12649110640673517, 0.09486832980505137], "x_lr": [-0.2, -0.19, -0.18, -0.16999999999999998, -0.15999999999999998, -0.14999999999999997, -0.13999999999999996, -0.12999999999999995, -0.11999999999999994, -0.10999999999999993, -0.09999999999999992, -0.08999999999999991, -0.0799999999999999, -0.0699999999999999, -0.05999999999999989, -0.04999999999999988, -0.03999999999999987, -0.02999999999999986, -0.01999999999999985, -0.009999999999999842, 1.6653345369377348e-16, 0.010000000000000175, 0.020000000000000184, 0.030000000000000193, 0.0400000000000002, 0.05000000000000021, 0.06000000000000022, 0.07000000000000023, 0.08000000000000024, 0.09000000000000025, 0.10000000000000026, 0.11000000000000026, 0.12000000000000027, 0.13000000000000028, 0.1400000000000003, 0.1500000000000003, 0.1600000000000003, 0.17000000000000032, 0.18000000000000033, 0.19000000000000034], "y_pr_no": [0.08326148351863288, 0.09746485877271921, 0.11336931128561767, 0.1310433509182644, 0.15053474327308364, 0.17186714932281766, 0.19503718797387287, 0.22001207968205966, 0.24672801653915472, 0.2750893823825848, 0.304968916036982, 0.33620887301737806, 0.3686231977577072, 0.402000672027875, 0.43610895837380304, 0.47069941302641893, 0.5055125035960906, 0.540283635548996, 0.5747491700312342, 0.6086524055059879, 0.6417492975825151, 0.6738137052134106, 0.7046419761858917, 0.7340567188752911, 0.7619096483155074, 0.7880834401135226, 0.8124925727350207, 0.8350831843760738, 0.855832012398629, 0.8747445189378115, 0.8918523341219449, 0.9072101673439417, 0.9208923468032895, 0.9329891483495046, 0.943603067305725, 0.9528451726866894, 0.9608316636120884, 0.9676807244844711, 0.9735097504060682, 0.9784329890048136], "pearson_chi2": 85.16108432998166, "mean_perf_no": 71.25, "mse_no": 0.02722623164788804}