{"Hno": 0.010489527132951633, "Sigma": 0.04632403251607494, "signed_st": [-0.14, -0.1, -0.06, -0.02, 0.02, 0.06, 0.1, 0.14], "m_right_No": [0.0, 0.1, 0.0, 0.0, 0.8, 0.8, 1.0, 1.0], "se_right_No": [0.0, 0.09486832980505139, 0.0, 0.0, 0.12649110640673517, 0.12649110640673517, 0.0, 0.0], "x_lr": [-0.2, -0.19, -0.18, -0.16999999999999998, -0.15999999999999998, -0.14999999999999997, -0.13999999999999996, -0.12999999999999995, -0.11999999999999994, -0.10999999999999993, -0.09999999999999992, -0.08999999999999991, -0.0799999999999999, -0.0699999999999999, -0.05999999999999989, -0.04999999999999988, -0.03999999999999987, -0.02999999999999986, -0.01999999999999985, -0.009999999999999842, 1.6653345369377348e-16, 0.010000000000000175, 0.020000000000000184, 0.030000000000000193, 0.0400000000000002, 0.05000000000000021, 0.06000000000000022, 0.07000000000000023, 0.08000000000000024, 0.09000000000000025, 0.10000000000000026, 0.11000000000000026, 0.12000000000000027, 0.13000000000000028, 0.1400000000000003, 0.1500000000000003, 0.1600000000000003, 0.17000000000000032, 0.18000000000000033, 0.19000000000000034], "y_pr_no": [2.761778161134909e-06, 7.524126379477299e-06, 1.9602952427119244e-05, 4.88488830437129e-05, 0.00011644840225575653, 0.0002656108502765065, 0.0005798160779733634, 0.0012116538436589884, 0.0024245853319781836, 0.0046474125575188575, 0.00853619910943144, 0.015030937564985499, 0.025385901069038368, 0.041146582537038595, 0.06404687748336765, 0.09581173854891684, 0.13787401401237576, 0.19104547423352275, 0.25521140786240626, 0.329132882710354, 0.41043033863549466, 0.4957842738331215, 0.5813323843271111, 0.6631859447153787, 0.737952090228287, 0.8031468425031851, 0.8574169232846947, 0.900543840033206, 0.9332610591763304, 0.9569553811178402, 0.9733368182558346, 0.9841486528508223, 0.9909608359936927, 0.9950582759692078, 0.9974110383393097, 0.9987007199667898, 0.9993755986784553, 0.9997127365061501, 0.9998735148438094, 0.9999467105523462], "pearson_chi2": 142.53807351064538, "mean_perf_no": 93.75, "mse_no": 0.02157178091421075}