{"Hno": -0.02658325223062626, "Sigma": 0.05177223569074652, "signed_st": [-0.14, -0.1, -0.06, -0.02, 0.02, 0.06, 0.1, 0.14], "m_right_No": [0.0, 0.0, 0.4, 0.6, 0.8, 0.9, 1.0, 1.0], "se_right_No": [0.0, 0.0, 0.15491933384829668, 0.15491933384829668, 0.12649110640673517, 0.09486832980505137, 0.0, 0.0], "x_lr": [-0.2, -0.19, -0.18, -0.16999999999999998, -0.15999999999999998, -0.14999999999999997, -0.13999999999999996, -0.12999999999999995, -0.11999999999999994, -0.10999999999999993, -0.09999999999999992, -0.08999999999999991, -0.0799999999999999, -0.0699999999999999, -0.05999999999999989, -0.04999999999999988, -0.03999999999999987, -0.02999999999999986, -0.01999999999999985, -0.009999999999999842, 1.6653345369377348e-16, 0.010000000000000175, 0.020000000000000184, 0.030000000000000193, 0.0400000000000002, 0.05000000000000021, 0.06000000000000022, 0.07000000000000023, 0.08000000000000024, 0.09000000000000025, 0.10000000000000026, 0.11000000000000026, 0.12000000000000027, 0.13000000000000028, 0.1400000000000003, 0.1500000000000003, 0.1600000000000003, 0.17000000000000032, 0.18000000000000033, 0.19000000000000034], "y_pr_no": [0.0004046285068712565, 0.000798496813333421, 0.0015217910772364848, 0.002801542551052986, 0.004983182072552043, 0.008566515171866329, 0.01423723637293242, 0.022883658240888012, 0.035585936896937266, 0.05356528788202227, 0.07808490082789646, 0.11030304294500332, 0.15109125882510827, 0.2008439186460474, 0.2593155637351902, 0.3255252862134189, 0.39775995585339724, 0.47369060265437757, 0.5505923135819287, 0.6256339682795571, 0.696187099617888, 0.7600984017733354, 0.8158794280963504, 0.8627869804223448, 0.9007924801023866, 0.9304611097020908, 0.9527760559378856, 0.9689472268897007, 0.9802382760137068, 0.9878340890071453, 0.9927574456416803, 0.9958320930031455, 0.9976821121670773, 0.9987546285774177, 0.9993536996772167, 0.9996761029114396, 0.9998432762037551, 0.9999267943347532, 0.9999669957070799, 0.9999856400507089], "pearson_chi2": 55.68422958781603, "mean_perf_no": 83.75, "mse_no": 0.005270586889323601}