{"Hno": -0.057492686720575954, "Sigma": 0.1317765106450923, "signed_st": [-0.14, -0.1, -0.06, -0.02, 0.02, 0.06, 0.1, 0.14], "m_right_No": [0.2, 0.4, 0.7, 0.4, 0.7, 0.9, 0.9, 0.9], "se_right_No": [0.1264911064067352, 0.15491933384829668, 0.14491376746189438, 0.15491933384829668, 0.14491376746189438, 0.09486832980505137, 0.09486832980505137, 0.09486832980505137], "x_lr": [-0.2, -0.19, -0.18, -0.16999999999999998, -0.15999999999999998, -0.14999999999999997, -0.13999999999999996, -0.12999999999999995, -0.11999999999999994, -0.10999999999999993, -0.09999999999999992, -0.08999999999999991, -0.0799999999999999, -0.0699999999999999, -0.05999999999999989, -0.04999999999999988, -0.03999999999999987, -0.02999999999999986, -0.01999999999999985, -0.009999999999999842, 1.6653345369377348e-16, 0.010000000000000175, 0.020000000000000184, 0.030000000000000193, 0.0400000000000002, 0.05000000000000021, 0.06000000000000022, 0.07000000000000023, 0.08000000000000024, 0.09000000000000025, 0.10000000000000026, 0.11000000000000026, 0.12000000000000027, 0.13000000000000028, 0.1400000000000003, 0.1500000000000003, 0.1600000000000003, 0.17000000000000032, 0.18000000000000033, 0.19000000000000034], "y_pr_no": [0.13975253423170786, 0.15731706014304098, 0.17627364945048818, 0.19661520687357414, 0.21831764024150907, 0.24133910183257884, 0.26561959954098824, 0.29108101290327165, 0.31762753682708267, 0.34514656203479255, 0.3735099863222129, 0.4025759353839759, 0.43219085686893954, 0.46219193721258744, 0.49240977833302435, 0.5226712610897982, 0.5528025150028412, 0.5826319094887549, 0.6119929810106012, 0.6407272130994943, 0.6686865920601992, 0.6957358700197176, 0.7217544783697875, 0.7466380480224228, 0.7702995075866668, 0.7926697458817797, 0.8136978404179329, 0.8333508679242965, 0.8516133260800904, 0.8684862068005179, 0.8839857703629144, 0.8981420760817597, 0.9109973290484614, 0.9226041036741184, 0.9330235035669092, 0.9423233139027435, 0.9505761972536348, 0.9578579772246989, 0.9642460466488262, 0.9698179289320037], "pearson_chi2": 81.12136633266695, "mean_perf_no": 71.25, "mse_no": 0.01705178403574122}