{"Hno": -0.029614154019384727, "Sigma": 0.05547187266083836, "signed_st": [-0.14, -0.1, -0.06, -0.02, 0.02, 0.06, 0.1, 0.14], "m_right_No": [0.0, 0.0, 0.4, 0.7, 0.9, 0.8, 1.0, 1.0], "se_right_No": [0.0, 0.0, 0.15491933384829668, 0.14491376746189438, 0.09486832980505137, 0.12649110640673517, 0.0, 0.0], "x_lr": [-0.2, -0.19, -0.18, -0.16999999999999998, -0.15999999999999998, -0.14999999999999997, -0.13999999999999996, -0.12999999999999995, -0.11999999999999994, -0.10999999999999993, -0.09999999999999992, -0.08999999999999991, -0.0799999999999999, -0.0699999999999999, -0.05999999999999989, -0.04999999999999988, -0.03999999999999987, -0.02999999999999986, -0.01999999999999985, -0.009999999999999842, 1.6653345369377348e-16, 0.010000000000000175, 0.020000000000000184, 0.030000000000000193, 0.0400000000000002, 0.05000000000000021, 0.06000000000000022, 0.07000000000000023, 0.08000000000000024, 0.09000000000000025, 0.10000000000000026, 0.11000000000000026, 0.12000000000000027, 0.13000000000000028, 0.1400000000000003, 0.1500000000000003, 0.1600000000000003, 0.17000000000000032, 0.18000000000000033, 0.19000000000000034], "y_pr_no": [0.0010646743291108389, 0.001918256226982255, 0.0033537397082014937, 0.005690828828430248, 0.009374462880443057, 0.014995311263744199, 0.023298626012935725, 0.03517340176143268, 0.051614228893060395, 0.0736509146722072, 0.10224612540785172, 0.13816847724741654, 0.18185632897284854, 0.23329397763032106, 0.2919248069019073, 0.3566234977989422, 0.42574123143705345, 0.497225097571478, 0.5687984118812518, 0.638175932606406, 0.7032804271499784, 0.7624267442602689, 0.8144465794194373, 0.8587395439250549, 0.895250652339024, 0.9243873116168406, 0.9468974898588793, 0.9637336295784921, 0.9759243811621647, 0.9844699853832072, 0.9902693358962891, 0.9940794693149053, 0.9965028698494567, 0.9979950949828387, 0.9988846392760838, 0.9993980025767665, 0.9996848203145415, 0.9998399557717234, 0.9999211901640405, 0.9999623707504623], "pearson_chi2": 65.47804507540242, "mean_perf_no": 82.5, "mse_no": 0.011480898396066447}