{"Hno": -0.027333803514107607, "Sigma": 0.0842343555581303, "signed_st": [-0.14, -0.1, -0.06, -0.02, 0.02, 0.06, 0.1, 0.14], "m_right_No": [0.1, 0.4, 0.2, 0.3, 0.7, 1.0, 0.9, 1.0], "se_right_No": [0.09486832980505139, 0.15491933384829668, 0.1264911064067352, 0.14491376746189438, 0.14491376746189438, 0.0, 0.09486832980505137, 0.0], "x_lr": [-0.2, -0.19, -0.18, -0.16999999999999998, -0.15999999999999998, -0.14999999999999997, -0.13999999999999996, -0.12999999999999995, -0.11999999999999994, -0.10999999999999993, -0.09999999999999992, -0.08999999999999991, -0.0799999999999999, -0.0699999999999999, -0.05999999999999989, -0.04999999999999988, -0.03999999999999987, -0.02999999999999986, -0.01999999999999985, -0.009999999999999842, 1.6653345369377348e-16, 0.010000000000000175, 0.020000000000000184, 0.030000000000000193, 0.0400000000000002, 0.05000000000000021, 0.06000000000000022, 0.07000000000000023, 0.08000000000000024, 0.09000000000000025, 0.10000000000000026, 0.11000000000000026, 0.12000000000000027, 0.13000000000000028, 0.1400000000000003, 0.1500000000000003, 0.1600000000000003, 0.17000000000000032, 0.18000000000000033, 0.19000000000000034], "y_pr_no": [0.020190460832409468, 0.02673443899548183, 0.034962343469944215, 0.04516288061493658, 0.057632214266595594, 0.07266189847057823, 0.09052442441248137, 0.11145698219199679, 0.13564432363895906, 0.16320185970560253, 0.1941602981774322, 0.2284531911555377, 0.2659086927124813, 0.3062466151358635, 0.34908152458972586, 0.3939321597696486, 0.4402369329418374, 0.4873747365896039, 0.5346897909996564, 0.5815188858666854, 0.6272191386468702, 0.6711943423135588, 0.7129181115720381, 0.7519523425947294, 0.7879599395135576, 0.8207112788432263, 0.8500844209417601, 0.8760595767931573, 0.8987087488333225, 0.9181817509365888, 0.9346899577430252, 0.9484891383638261, 0.9598626114479395, 0.9691057468199118, 0.976512569121109, 0.9823649278317083, 0.9869244186720056, 0.9904269993926996, 0.9930800549879183, 0.9950615406702955], "pearson_chi2": 74.87712548282144, "mean_perf_no": 82.5, "mse_no": 0.02402682989683937}