{"Hno": -0.04362844355701924, "Sigma": 0.07789811245544061, "signed_st": [-0.14, -0.1, -0.06, -0.02, 0.02, 0.06, 0.1, 0.14], "m_right_No": [0.0, 0.2, 0.5, 0.8, 0.9, 0.8, 0.9, 1.0], "se_right_No": [0.0, 0.1264911064067352, 0.15811388300841897, 0.12649110640673517, 0.09486832980505137, 0.12649110640673517, 0.09486832980505137, 0.0], "x_lr": [-0.2, -0.19, -0.18, -0.16999999999999998, -0.15999999999999998, -0.14999999999999997, -0.13999999999999996, -0.12999999999999995, -0.11999999999999994, -0.10999999999999993, -0.09999999999999992, -0.08999999999999991, -0.0799999999999999, -0.0699999999999999, -0.05999999999999989, -0.04999999999999988, -0.03999999999999987, -0.02999999999999986, -0.01999999999999985, -0.009999999999999842, 1.6653345369377348e-16, 0.010000000000000175, 0.020000000000000184, 0.030000000000000193, 0.0400000000000002, 0.05000000000000021, 0.06000000000000022, 0.07000000000000023, 0.08000000000000024, 0.09000000000000025, 0.10000000000000026, 0.11000000000000026, 0.12000000000000027, 0.13000000000000028, 0.1400000000000003, 0.1500000000000003, 0.1600000000000003, 0.17000000000000032, 0.18000000000000033, 0.19000000000000034], "y_pr_no": [0.022354305514462987, 0.03012136744656583, 0.040003964923690453, 0.052373069219066974, 0.06760160703253792, 0.08604458186935465, 0.10801592252273412, 0.13376341622579746, 0.16344357263017795, 0.19709862213439822, 0.23463800322623612, 0.275826582343457, 0.3202814520552985, 0.3674784856702785, 0.41676894858604685, 0.46740547688669665, 0.5185757553380883, 0.5694413903872162, 0.6191788952138659, 0.6670194657055561, 0.7122843627771668, 0.7544132080139611, 0.7929832758544483, 0.8277188177469486, 0.8584904533353626, 0.8853055833737512, 0.9082915121340558, 0.9276734423306411, 0.9437496945405448, 0.9568664194606111, 0.9673937636245205, 0.9757049886128797, 0.9821595102364707, 0.9870902931285025, 0.9907955685517887, 0.9935344794338025, 0.9955260151191755, 0.9969504777625522, 0.9979527064067224, 0.9986463483190644], "pearson_chi2": 85.79071138645047, "mean_perf_no": 76.25, "mse_no": 0.013382863737062767}