{"Hno": -0.0053308596483827445, "Sigma": 0.08248507001466196, "signed_st": [-0.14, -0.1, -0.06, -0.02, 0.02, 0.06, 0.1, 0.14], "m_right_No": [0.1, 0.1, 0.7, 0.3, 0.6, 0.7, 0.8, 0.8], "se_right_No": [0.09486832980505139, 0.09486832980505139, 0.14491376746189438, 0.14491376746189438, 0.15491933384829668, 0.14491376746189438, 0.12649110640673517, 0.12649110640673517], "x_lr": [-0.2, -0.19, -0.18, -0.16999999999999998, -0.15999999999999998, -0.14999999999999997, -0.13999999999999996, -0.12999999999999995, -0.11999999999999994, -0.10999999999999993, -0.09999999999999992, -0.08999999999999991, -0.0799999999999999, -0.0699999999999999, -0.05999999999999989, -0.04999999999999988, -0.03999999999999987, -0.02999999999999986, -0.01999999999999985, -0.009999999999999842, 1.6653345369377348e-16, 0.010000000000000175, 0.020000000000000184, 0.030000000000000193, 0.0400000000000002, 0.05000000000000021, 0.06000000000000022, 0.07000000000000023, 0.08000000000000024, 0.09000000000000025, 0.10000000000000026, 0.11000000000000026, 0.12000000000000027, 0.13000000000000028, 0.1400000000000003, 0.1500000000000003, 0.1600000000000003, 0.17000000000000032, 0.18000000000000033, 0.19000000000000034], "y_lr_no": [0.08627001328959044, 0.09631828992746387, 0.10739937213834318, 0.1195865911676218, 0.13295077577057415, 0.14755814036482662, 0.16346784216359814, 0.1807292418789468, 0.19937893395311262, 0.21943764838582744, 0.2409071646080786, 0.2637674146833105, 0.28797398330484303, 0.31345622965830305, 0.340116255214134, 0.36782891694360204, 0.39644303470807973, 0.42578386562689, 0.45565682239073396, 0.4858523063577755, 0.5161514226969858, 0.5463322579242409, 0.5761763426619195, 0.6054749031712814, 0.6340345271820872, 0.6616819293324732, 0.6882675899763719, 0.7136681452923279, 0.7377875124465991, 0.7605568283380703, 0.7819333548439115, 0.8018985524820048, 0.8204555473048903, 0.8376262154409466, 0.8534480910751493, 0.8679712728567507, 0.8812554666432559, 0.8933672641546816, 0.9043777212542903, 0.9143602685728942], "score_no": 0.712, "mean_perf_no": 71.25, "mse_no": 0.030252778390894772}