{"Hno": 0.02124922835484326, "Sigma": 0.04570576061667323, "signed_st": [-0.14, -0.1, -0.06, -0.02, 0.02, 0.06, 0.1, 0.14], "m_right_No": [0.1, 0.0, 0.1, 0.2, 0.6, 0.8, 0.8, 0.9], "se_right_No": [0.09486832980505139, 0.0, 0.09486832980505139, 0.1264911064067352, 0.15491933384829668, 0.12649110640673517, 0.12649110640673517, 0.09486832980505137], "x_lr": [-0.2, -0.19, -0.18, -0.16999999999999998, -0.15999999999999998, -0.14999999999999997, -0.13999999999999996, -0.12999999999999995, -0.11999999999999994, -0.10999999999999993, -0.09999999999999992, -0.08999999999999991, -0.0799999999999999, -0.0699999999999999, -0.05999999999999989, -0.04999999999999988, -0.03999999999999987, -0.02999999999999986, -0.01999999999999985, -0.009999999999999842, 1.6653345369377348e-16, 0.010000000000000175, 0.020000000000000184, 0.030000000000000193, 0.0400000000000002, 0.05000000000000021, 0.06000000000000022, 0.07000000000000023, 0.08000000000000024, 0.09000000000000025, 0.10000000000000026, 0.11000000000000026, 0.12000000000000027, 0.13000000000000028, 0.1400000000000003, 0.1500000000000003, 0.1600000000000003, 0.17000000000000032, 0.18000000000000033, 0.19000000000000034], "y_lr_no": [0.007839346235056369, 0.009737951758422313, 0.012090775631792639, 0.015003461342948563, 0.01860460327907925, 0.02304986738439601, 0.028526381372760885, 0.035257124600790474, 0.043504854302573406, 0.05357483772547144, 0.06581531540067682, 0.08061421790435394, 0.09839025712837599, 0.11957623961519442, 0.14459251766882636, 0.17380920225564206, 0.2074974329752143, 0.24577282631699907, 0.2885380084839788, 0.3354350272890048, 0.38582083765531294, 0.4387780467692569, 0.4931674335163658, 0.547719029875382, 0.6011477353100136, 0.6522718524377594, 0.7001119975222553, 0.7439539907105317, 0.7833697531078708, 0.818200597920772, 0.8485141378124768, 0.8745481404691424, 0.8966529410622588, 0.9152403302389013, 0.9307429150523159, 0.943584844687714, 0.9541628409321854, 0.9628355530811088, 0.969919059448573, 0.9756865494514926], "score_no": 0.812, "mean_perf_no": 83.75, "mse_no": 0.007326194028898734}