{"Hno": 0.0083836051207775, "Sigma": 0.04293875457410207, "signed_st": [-0.14, -0.1, -0.06, -0.02, 0.02, 0.06, 0.1, 0.14], "m_right_No": [0.0, 0.0, 0.2, 0.4, 0.6, 0.9, 0.8, 0.9], "se_right_No": [0.0, 0.0, 0.1264911064067352, 0.15491933384829668, 0.15491933384829668, 0.09486832980505137, 0.12649110640673517, 0.09486832980505137], "x_lr": [-0.2, -0.19, -0.18, -0.16999999999999998, -0.15999999999999998, -0.14999999999999997, -0.13999999999999996, -0.12999999999999995, -0.11999999999999994, -0.10999999999999993, -0.09999999999999992, -0.08999999999999991, -0.0799999999999999, -0.0699999999999999, -0.05999999999999989, -0.04999999999999988, -0.03999999999999987, -0.02999999999999986, -0.01999999999999985, -0.009999999999999842, 1.6653345369377348e-16, 0.010000000000000175, 0.020000000000000184, 0.030000000000000193, 0.0400000000000002, 0.05000000000000021, 0.06000000000000022, 0.07000000000000023, 0.08000000000000024, 0.09000000000000025, 0.10000000000000026, 0.11000000000000026, 0.12000000000000027, 0.13000000000000028, 0.1400000000000003, 0.1500000000000003, 0.1600000000000003, 0.17000000000000032, 0.18000000000000033, 0.19000000000000034], "y_lr_no": [0.007744155134122633, 0.009755189923971938, 0.012281994555654038, 0.015453082465191151, 0.019426810145358676, 0.024397052479120603, 0.030599222799516847, 0.03831617256011822, 0.04788316278466608, 0.05969062486110476, 0.07418282499481398, 0.0918498726509919, 0.11320992663530018, 0.13877826214973996, 0.16902055338057784, 0.20428989534242634, 0.24475120106059714, 0.2903025301291253, 0.34050931930573575, 0.3945716449409544, 0.45134305934050084, 0.5094099377211281, 0.5672240070594207, 0.6232636201563438, 0.6761892468399223, 0.7249607269786642, 0.7688969841630813, 0.8076765812378387, 0.8412920477794733, 0.8699778549567723, 0.8941312845590987, 0.9142401762456075, 0.930825048484558, 0.9443976769948736, 0.9554347562436963, 0.9643636427743139, 0.9715568356302707, 0.9773322122843323, 0.981956678958248, 0.985651556740388], "score_no": 0.825, "mean_perf_no": 82.5, "mse_no": 0.006855708094963127}