{"Hno": -0.03984201899826781, "Sigma": 0.052520244267161204, "signed_st": [-0.14, -0.1, -0.06, -0.02, 0.02, 0.06, 0.1, 0.14], "m_right_No": [0.2, 0.1, 0.2, 0.8, 0.9, 0.9, 1.0, 0.8], "se_right_No": [0.1264911064067352, 0.09486832980505139, 0.1264911064067352, 0.12649110640673517, 0.09486832980505137, 0.09486832980505137, 0.0, 0.12649110640673517], "x_lr": [-0.2, -0.19, -0.18, -0.16999999999999998, -0.15999999999999998, -0.14999999999999997, -0.13999999999999996, -0.12999999999999995, -0.11999999999999994, -0.10999999999999993, -0.09999999999999992, -0.08999999999999991, -0.0799999999999999, -0.0699999999999999, -0.05999999999999989, -0.04999999999999988, -0.03999999999999987, -0.02999999999999986, -0.01999999999999985, -0.009999999999999842, 1.6653345369377348e-16, 0.010000000000000175, 0.020000000000000184, 0.030000000000000193, 0.0400000000000002, 0.05000000000000021, 0.06000000000000022, 0.07000000000000023, 0.08000000000000024, 0.09000000000000025, 0.10000000000000026, 0.11000000000000026, 0.12000000000000027, 0.13000000000000028, 0.1400000000000003, 0.1500000000000003, 0.1600000000000003, 0.17000000000000032, 0.18000000000000033, 0.19000000000000034], "y_lr_no": [0.04524112405640269, 0.054215414952782086, 0.06484898413008393, 0.07739749899287655, 0.09213496251990903, 0.10934603734297665, 0.12931424178176898, 0.15230537159337665, 0.1785459275533869, 0.20819707965846215, 0.24132578631198287, 0.27787600907951937, 0.31764425448912603, 0.36026450303055685, 0.4052074472683989, 0.45179747558034394, 0.49924800005779746, 0.5467120737711304, 0.5933417863316778, 0.6383478021219736, 0.681050370264654, 0.7209152022750533, 0.7575710442239896, 0.7908094346636387, 0.8205700145109127, 0.8469162857362774, 0.8700068920184616, 0.8900666887140254, 0.9073605858739421, 0.922171821794783, 0.9347852272812028, 0.9454752792218254, 0.9544983063808276, 0.9620880311289147, 0.9684536234286878, 0.9737795328695044, 0.9782264956902805, 0.9819332512761715, 0.9850186272969016, 0.9875837562264873], "score_no": 0.862, "mean_perf_no": 78.75, "mse_no": 0.027267058629906128}