{"Hno": 0.01202745744562442, "Sigma": 0.023535138540158564, "signed_st": [-0.14, -0.1, -0.06, -0.02, 0.02, 0.06, 0.1, 0.14], "m_right_No": [0.0, 0.1, 0.0, 0.0, 0.8, 0.8, 1.0, 1.0], "se_right_No": [0.0, 0.09486832980505139, 0.0, 0.0, 0.12649110640673517, 0.12649110640673517, 0.0, 0.0], "x_lr": [-0.2, -0.19, -0.18, -0.16999999999999998, -0.15999999999999998, -0.14999999999999997, -0.13999999999999996, -0.12999999999999995, -0.11999999999999994, -0.10999999999999993, -0.09999999999999992, -0.08999999999999991, -0.0799999999999999, -0.0699999999999999, -0.05999999999999989, -0.04999999999999988, -0.03999999999999987, -0.02999999999999986, -0.01999999999999985, -0.009999999999999842, 1.6653345369377348e-16, 0.010000000000000175, 0.020000000000000184, 0.030000000000000193, 0.0400000000000002, 0.05000000000000021, 0.06000000000000022, 0.07000000000000023, 0.08000000000000024, 0.09000000000000025, 0.10000000000000026, 0.11000000000000026, 0.12000000000000027, 0.13000000000000028, 0.1400000000000003, 0.1500000000000003, 0.1600000000000003, 0.17000000000000032, 0.18000000000000033, 0.19000000000000034], "y_lr_no": [0.0001222922892162712, 0.00018702566146014182, 0.0002860147569664805, 0.00043737396250515307, 0.0006687789793009402, 0.0010224900998849437, 0.0015629832255273403, 0.0023885004754526248, 0.0036484360192611306, 0.005569278078468783, 0.008492792010680697, 0.012931007518661905, 0.019642624645985395, 0.029732858479145516, 0.044769649552360645, 0.06688676242794613, 0.09880006257779161, 0.1435967514656972, 0.20410450776809855, 0.2817213456901327, 0.3749491569878328, 0.4784768152448178, 0.5838869994599651, 0.6821450552386753, 0.7664805195173557, 0.8338884883442663, 0.8847638173505821, 0.9215238236520025, 0.9472565376032263, 0.964873009721695, 0.9767499475671761, 0.9846749052739033, 0.9899264399587646, 0.9933904817301985, 0.9956685395290442, 0.9971636764017766, 0.998143682972357, 0.9987854900757739, 0.9992055740003276, 0.9994804316898572], "score_no": 0.938, "mean_perf_no": 93.75, "mse_no": 0.017748007310843916}