{"Hno": -0.05814830894068738, "Sigma": 0.07854340185639383, "signed_st": [-0.14, -0.1, -0.06, -0.02, 0.02, 0.06, 0.1, 0.14], "m_right_No": [0.2, 0.4, 0.7, 0.4, 0.7, 0.9, 0.9, 0.9], "se_right_No": [0.1264911064067352, 0.15491933384829668, 0.14491376746189438, 0.15491933384829668, 0.14491376746189438, 0.09486832980505137, 0.09486832980505137, 0.09486832980505137], "x_lr": [-0.2, -0.19, -0.18, -0.16999999999999998, -0.15999999999999998, -0.14999999999999997, -0.13999999999999996, -0.12999999999999995, -0.11999999999999994, -0.10999999999999993, -0.09999999999999992, -0.08999999999999991, -0.0799999999999999, -0.0699999999999999, -0.05999999999999989, -0.04999999999999988, -0.03999999999999987, -0.02999999999999986, -0.01999999999999985, -0.009999999999999842, 1.6653345369377348e-16, 0.010000000000000175, 0.020000000000000184, 0.030000000000000193, 0.0400000000000002, 0.05000000000000021, 0.06000000000000022, 0.07000000000000023, 0.08000000000000024, 0.09000000000000025, 0.10000000000000026, 0.11000000000000026, 0.12000000000000027, 0.13000000000000028, 0.1400000000000003, 0.1500000000000003, 0.1600000000000003, 0.17000000000000032, 0.18000000000000033, 0.19000000000000034], "y_lr_no": [0.14111869661882248, 0.1572661981608662, 0.17488515346954603, 0.19402355475762464, 0.21471134688486773, 0.23695646309003707, 0.26074104475845333, 0.2860181275635351, 0.31270910712573813, 0.34070230111806876, 0.36985289304464103, 0.39998447095056855, 0.4308922632126418, 0.46234803176177286, 0.4941064263313798, 0.5259124527018917, 0.557509586202973, 0.5886479887498072, 0.6190922758167555, 0.6486283310396442, 0.6770687718030043, 0.7042568116870928, 0.73006842277884, 0.7544128503701997, 0.7772316564342385, 0.7984965552355346, 0.8182063507601371, 0.8363832941646758, 0.8530691575230372, 0.8683212773873713, 0.882208767807091, 0.894809045848587, 0.9062047595848683, 0.9164811629275152, 0.9257239454392822, 0.9340174986823716, 0.9414435829388087, 0.948080347901068, 0.9540016565633381, 0.9592766614679602], "score_no": 0.688, "mean_perf_no": 71.25, "mse_no": 0.01726074533216883}