{"Hno": -0.024006582269326348, "Sigma": 0.06661570780193458, "signed_st": [-0.14, -0.1, -0.06, -0.02, 0.02, 0.06, 0.1, 0.14], "m_right_No": [0.4, 0.2, 0.2, 0.5, 0.4, 0.8, 1.0, 1.0], "se_right_No": [0.15491933384829668, 0.1264911064067352, 0.1264911064067352, 0.15811388300841897, 0.15491933384829668, 0.12649110640673517, 0.0, 0.0], "x_lr": [-0.2, -0.19, -0.18, -0.16999999999999998, -0.15999999999999998, -0.14999999999999997, -0.13999999999999996, -0.12999999999999995, -0.11999999999999994, -0.10999999999999993, -0.09999999999999992, -0.08999999999999991, -0.0799999999999999, -0.0699999999999999, -0.05999999999999989, -0.04999999999999988, -0.03999999999999987, -0.02999999999999986, -0.01999999999999985, -0.009999999999999842, 1.6653345369377348e-16, 0.010000000000000175, 0.020000000000000184, 0.030000000000000193, 0.0400000000000002, 0.05000000000000021, 0.06000000000000022, 0.07000000000000023, 0.08000000000000024, 0.09000000000000025, 0.10000000000000026, 0.11000000000000026, 0.12000000000000027, 0.13000000000000028, 0.1400000000000003, 0.1500000000000003, 0.1600000000000003, 0.17000000000000032, 0.18000000000000033, 0.19000000000000034], "y_lr_no": [0.06648872199198455, 0.07643461280801397, 0.08772846880437661, 0.10050947937119639, 0.11491797365623464, 0.13109096398338174, 0.14915648551220484, 0.1692267321347331, 0.19139011594854838, 0.2157025457439704, 0.2421784189922371, 0.27078202952450403, 0.30142027352240175, 0.3339376428221944, 0.36811447738582365, 0.4036692693619824, 0.44026545747999024, 0.47752265068401517, 0.5150316459087751, 0.5523720620063177, 0.5891310138089052, 0.6249210871473984, 0.6593959856018163, 0.6922625769720826, 0.7232885903377598, 0.7523057914817542, 0.7792089860649699, 0.80395158631662, 0.8265386912269298, 0.8470186771559172, 0.8654742101157253, 0.8820134213026664, 0.8967617818950586, 0.9098550101532995, 0.9214331684706317, 0.9316359723005161, 0.9405992388714933, 0.9484523469341538, 0.9553165519711885, 0.9613039961056212], "score_no": 0.738, "mean_perf_no": 73.75, "mse_no": 0.03086306574034083}