{"HRopt_": 0.011867356504967643, "SO_HRopt_": 0.03319479010667813, "xhat": [-0.2, -0.15000000000000002, -0.10000000000000003, -0.050000000000000044, -5.551115123125783e-17, 0.04999999999999993, 0.09999999999999992, 0.1499999999999999], "theo_pR": [0.00013055712366871752, 0.0035961569127371806, 0.04230817050162439, 0.2232664124371315, 0.580077220781532, 0.8780694367716859, 0.9833600064367045, 0.9990058962668047], "partid": 3071, "sessionid": 4, "part_sessid": "3071_4"}