{"Dperf_oo": [100.0, 55.55555555555556, 36.8421052631579], "Dse_perf_oo": [0.0, 11.712139482105108, 11.066473327112565], "Sperf_oo": [88.23529411764706, 50.0, 20.0], "Sse_perf_oo": [7.814248990059665, 12.5, 10.327955589886445], "perf_no": [90.0, 65.0, 45.0], "se_perf_no": [6.708203932499368, 10.66536450385077, 11.124297730643494], "Dn_trials_oo": [17, 18, 19], "Sn_trials_oo": [17, 16, 15], "NOn_trials": [20, 20, 20], "DRT_oo": [1.6642848420142593, 1.2266208371506138, 1.2894140353919328], "DsdRT_oo": [0.0, 0.0, NaN], "SRT_oo": [1.2301712352357448, 1.1329046247759802, 1.374504448415573], "SsdRT_oo": [0.0, 0.0, 0.3444139311496348], "DRT_OKoo": [1.02058456471605, 0.9869153533910519, 1.0215496058020568], "DsdRT_OKoo": [0.025833375841594057, 0.026486649260977296, 0.036327267842824196], "SRT_OKoo": [0.961806413939537, 0.9317054718283238, 1.1062825962179452], "SsdRT_OKoo": [0.029019599254697867, 0.015097047713744094, 0.0], "RT_no": [0.9884909914651976, 0.9994668445809192, 1.298814250450846], "sdRT_no": [0.048527627859571466, 0.036449390589481157, 0.1149550722472357], "RT_noNOK": [1.06016912049234, 0.977586622898766, 1.0360907495870046], "sdRT_noNOK": [0.0, 0.06915794544274471, 0.017079924831736273], "Doptout": [15.0, 10.0, 5.0], "Dse_optout": [7.984359711335657, 6.708203932499369, 4.873397172404482], "Soptout": [15.0, 20.0, 25.0], "Sse_optout": [7.984359711335657, 8.944271909999161, 9.682458365518542]}