{"Dperf_oo": [100.0, 52.94117647058823, 70.58823529411765], "Dse_perf_oo": [0.0, 12.105782480647683, 11.051016901502637], "Sperf_oo": [87.5, 63.63636363636363, 30.76923076923077], "Sse_perf_oo": [8.267972847076846, 14.504073367590284, 12.800773759043748], "perf_no": [80.0, 45.0, 55.0], "se_perf_no": [8.944271909999157, 11.124297730643494, 11.124297730643494], "Dn_trials_oo": [17, 17, 17], "Sn_trials_oo": [16, 11, 13], "NOn_trials": [20, 20, 20], "DRT_oo": [1.1591591801920205, 1.1251450263349658, 1.2636762906851744], "DsdRT_oo": [0.0, 0.0, 0.0], "SRT_oo": [1.1036758700646236, 1.2661018672027566, 1.069539035308766], "SsdRT_oo": [0.04978916412227947, 0.06627507344555948, 0.04227377909632112], "DRT_OKoo": [0.9336857195822555, 1.0556655788831715, 0.9480358789044289], "DsdRT_OKoo": [0.017353314509785243, 0.0501451997915918, 0.028023426155651447], "SRT_OKoo": [0.9756180488017241, 0.9532655901089687, 1.1224285208410358], "SsdRT_OKoo": [0.01817899857432125, 0.032420263651716526, 0.025405460357077247], "RT_no": [0.9286417823081481, 0.9734273185883773, 1.0034596011748542], "sdRT_no": [0.0167593156189434, 0.19179780734796611, 0.03594217518692443], "RT_noNOK": [1.360376875687172, 1.0097899352633566, 0.9357467585882889], "sdRT_noNOK": [0.13370640008927484, 0.045783298688085575, 0.029345203764812127], "Doptout": [15.0, 15.0, 15.0], "Dse_optout": [7.984359711335657, 7.984359711335657, 7.984359711335657], "Soptout": [20.0, 45.0, 35.0], "Sse_optout": [8.944271909999161, 11.124297730643494, 10.66536450385077]}