{"Dperf_oo": [90.0, 68.75, 61.111111111111114], "Dse_perf_oo": [6.708203932499368, 11.587810136086974, 11.490438561102644], "Sperf_oo": [100.0, 71.42857142857143, 64.28571428571429], "Sse_perf_oo": [0.0, 12.07363221040738, 12.806020814297073], "perf_no": [90.0, 75.0, 45.0], "se_perf_no": [6.708203932499368, 9.682458365518542, 11.124297730643494], "Dn_trials_oo": [20, 16, 18], "Sn_trials_oo": [17, 14, 14], "NOn_trials": [20, 20, 20], "DRT_oo": [NaN, 1.29537155858088, 1.1124997675240724], "DsdRT_oo": [NaN, 0.4706181380845432, 0.0], "SRT_oo": [1.0699473674422622, 1.0213567917078243, 1.0206500647833572], "SsdRT_oo": [0.0, 0.002291166188127299, 0.022170586568105808], "DRT_OKoo": [0.9192347511267559, 0.9057139491777325, 0.8958817658254453], "DsdRT_OKoo": [0.013689326314922944, 0.078968706224229, 0.02596793246346495], "SRT_OKoo": [1.0172652147768573, 0.9797621925893529, 1.0993819239090228], "SsdRT_OKoo": [0.04694854154435902, 0.1741734909707153, 0.021944139910558796], "RT_no": [0.979030668228958, 1.0129132647684156, 0.9942593935787137], "sdRT_no": [0.056218030896792316, 0.02395804626029731, 0.11397614596925935], "RT_noNOK": [1.1491503778509675, 1.057784225111159, 1.208087683733591], "sdRT_noNOK": [0.0, 0.06013688184641665, 0.1330630341186619], "Doptout": [0.0, 20.0, 10.0], "Dse_optout": [0.0, 8.944271909999161, 6.708203932499369], "Soptout": [15.0, 30.0, 30.0], "Sse_optout": [7.984359711335657, 10.246950765959598, 10.246950765959598]}