{"Dperf_oo": [100.0, 56.25, 42.857142857142854], "Dse_perf_oo": [0.0, 12.401959270615269, 13.226001425322162], "Sperf_oo": [100.0, 61.53846153846154, 44.44444444444444], "Sse_perf_oo": [0.0, 13.493200297031219, 16.56346649999844], "perf_no": [80.0, 40.0, 35.0], "se_perf_no": [8.944271909999157, 10.954451150103322, 10.66536450385077], "Dn_trials_oo": [18, 16, 14], "Sn_trials_oo": [16, 13, 9], "NOn_trials": [20, 20, 20], "DRT_oo": [1.1711775250685497, 1.0303310357186648, 1.0191679637783133], "DsdRT_oo": [0.0, 0.024247456812560412, 0.03239793915289264], "SRT_oo": [1.0457883984707401, 0.9422216353890807, 1.0136402803297322], "SsdRT_oo": [0.03280650676031431, 0.02054156524447996, 0.043354815312398265], "DRT_OKoo": [0.9964318472504784, 0.9947467896656118, 1.0041935351594589], "DsdRT_OKoo": [0.020568539913723857, 0.010462916552786004, 0.013902094956132701], "SRT_OKoo": [0.9934091666810273, 0.9780699316024472, 1.0389960530383036], "SsdRT_OKoo": [0.011764983220956485, 0.052247451498706514, 0.0009102785589027298], "RT_no": [0.9806617932934344, 0.9866098725048132, 1.2548293402401485], "sdRT_no": [0.01312180002977555, 0.02489831589091211, 0.3162413857568703], "RT_noNOK": [1.2472517927469753, 0.9769233976156605, 0.9975957529349219], "sdRT_noNOK": [0.14954103899236446, 0.022227151213781916, 0.03341706735525439], "Doptout": [10.0, 20.0, 30.0], "Dse_optout": [6.708203932499369, 8.944271909999161, 10.246950765959598], "Soptout": [20.0, 35.0, 55.00000000000001], "Sse_optout": [8.944271909999161, 10.66536450385077, 11.124297730643494]}