{"Hno": -0.14093398268131566, "Sigma": 0.12965633217971523, "signed_st": [-0.24, -0.16000000000000003, -0.07999999999999996, 0.07999999999999996, 0.16000000000000003, 0.24], "m_right_No": [0.2, 0.4, 0.8, 0.9, 1.0, 1.0], "se_right_No": [0.1264911064067352, 0.15491933384829668, 0.12649110640673517, 0.09486832980505137, 0.0, 0.0], "x_lr": [-1.0, -0.9, -0.8, -0.7000000000000001, -0.6000000000000001, -0.5000000000000001, -0.40000000000000013, -0.30000000000000016, -0.20000000000000018, -0.1000000000000002, -2.220446049250313e-16, 0.09999999999999964, 0.19999999999999973, 0.2999999999999998, 0.3999999999999997, 0.49999999999999956, 0.5999999999999996, 0.6999999999999997, 0.7999999999999996, 0.8999999999999995, 0.9999999999999996], "y_pr_no": [1.7278465946483615e-11, 2.393010958890047e-09, 1.8558727316984865e-07, 8.09263386638097e-06, 0.0001995811110862613, 0.0028082632023947595, 0.0228530352816486, 0.10994362426653786, 0.32435382026123705, 0.6238892150516255, 0.8614774189366616, 0.9684332963011114, 0.9957247311067022, 0.9996640431159429, 0.9999849070865826, 0.9999996160025764, 0.9999999945018583, 0.9999999999558891, 0.9999999999998023, 0.9999999999999996, 1.0], "pearson_chi2": 49.26433206211942, "mean_perf_no": 75.0, "mse_no": 0.0032758274557630543}