{"Hno": -0.21185722599797324, "Sigma": 0.09458501999489673, "signed_st": [-0.29000000000000004, -0.20999999999999996, -0.13, 0.13, 0.20999999999999996, 0.29000000000000004], "m_right_No": [0.3, 0.3, 0.9, 1.0, 1.0, 1.0], "se_right_No": [0.14491376746189438, 0.14491376746189438, 0.09486832980505137, 0.0, 0.0, 0.0], "x_lr": [-1.0, -0.9, -0.8, -0.7000000000000001, -0.6000000000000001, -0.5000000000000001, -0.40000000000000013, -0.30000000000000016, -0.20000000000000018, -0.1000000000000002, -2.220446049250313e-16, 0.09999999999999964, 0.19999999999999973, 0.2999999999999998, 0.3999999999999997, 0.49999999999999956, 0.5999999999999996, 0.6999999999999997, 0.7999999999999996, 0.8999999999999995, 0.9999999999999996], "y_pr_no": [3.9530160863894723e-17, 1.7271235161852073e-13, 2.515433746681008e-10, 1.2289004786165218e-07, 2.0335098272828925e-05, 0.0011580394997912794, 0.02334291854638805, 0.1756968527584749, 0.5498809236043074, 0.8815182006718909, 0.9874500013485089, 0.999511574023203, 0.9999933271876171, 0.9999999687696707, 0.9999999999506274, 0.9999999999999739, 1.0, 1.0, 1.0, 1.0, 1.0], "pearson_chi2": 29.93859697278462, "mean_perf_no": 75.0, "mse_no": 0.01017766369842903}