{"Hno": -0.03629369781532416, "Sigma": 0.40780879682652016, "signed_st": [-0.19999999999999996, -0.12, -0.040000000000000036, 0.040000000000000036, 0.12, 0.19999999999999996], "m_right_No": [0.2, 0.6, 0.8, 0.2, 0.5, 0.9], "se_right_No": [0.1264911064067352, 0.15491933384829668, 0.12649110640673517, 0.1264911064067352, 0.15811388300841897, 0.09486832980505137], "x_lr": [-1.0, -0.9, -0.8, -0.7000000000000001, -0.6000000000000001, -0.5000000000000001, -0.40000000000000013, -0.30000000000000016, -0.20000000000000018, -0.1000000000000002, -2.220446049250313e-16, 0.09999999999999964, 0.19999999999999973, 0.2999999999999998, 0.3999999999999997, 0.49999999999999956, 0.5999999999999996, 0.6999999999999997, 0.7999999999999996, 0.8999999999999995, 0.9999999999999996], "y_pr_no": [0.009060589871033269, 0.017090932627124602, 0.030554442725244144, 0.051816128583545215, 0.08344273733105934, 0.1277549457759528, 0.18623533671379422, 0.2589318295129568, 0.34405212863661444, 0.43793134096615816, 0.5354577927466673, 0.6308893765686249, 0.7188480241193739, 0.7952107801332946, 0.8576562839683846, 0.905755403323866, 0.9406524956895612, 0.9645007875358704, 0.9798519381855302, 0.9891595844513404, 0.994475201678887], "pearson_chi2": 59.61282846514225, "mean_perf_no": 50.0, "mse_no": 0.05682140656280991}