{"Hno": 0.5214753810154169, "Sigma": 1.0839253563280136, "signed_st": [-0.19999999999999996, -0.12, -0.040000000000000036, 0.040000000000000036, 0.12, 0.19999999999999996], "m_right_No": [0.2, 0.3, 0.3, 0.3, 0.6, 0.2], "se_right_No": [0.1264911064067352, 0.14491376746189438, 0.14491376746189438, 0.14491376746189438, 0.15491933384829668, 0.1264911064067352], "x_lr": [-1.0, -0.9, -0.8, -0.7000000000000001, -0.6000000000000001, -0.5000000000000001, -0.40000000000000013, -0.30000000000000016, -0.20000000000000018, -0.1000000000000002, -2.220446049250313e-16, 0.09999999999999964, 0.19999999999999973, 0.2999999999999998, 0.3999999999999997, 0.49999999999999956, 0.5999999999999996, 0.6999999999999997, 0.7999999999999996, 0.8999999999999995, 0.9999999999999996], "y_pr_no": [0.08020831209032203, 0.09485888882304289, 0.11139227030643911, 0.12989240178381234, 0.15041791885813416, 0.1729976913578633, 0.1976269410189282, 0.22426416511065755, 0.25282907851115566, 0.2832017521489539, 0.3152230772511368, 0.3486966247374165, 0.38339190072279117, 0.4190489266579416, 0.455384000927465, 0.49209643270301745, 0.5288759832366038, 0.5654107086556618, 0.6013948747509922, 0.6365366100050797, 0.6705649785126133], "pearson_chi2": 59.918725226237406, "mean_perf_no": 55.00000000000001, "mse_no": 0.016254198300255533}