{"Hno": 0.039789536045492534, "Sigma": 0.301829325491902, "signed_st": [-0.16000000000000003, -0.07999999999999996, -0.0, 0.07999999999999996, 0.16000000000000003], "m_right_No": [0.2, 0.5, 0.45, 0.3, 0.8], "se_right_No": [0.1264911064067352, 0.15811388300841897, 0.11124297730643495, 0.14491376746189438, 0.12649110640673517], "x_lr": [-1.0, -0.9, -0.8, -0.7000000000000001, -0.6000000000000001, -0.5000000000000001, -0.40000000000000013, -0.30000000000000016, -0.20000000000000018, -0.1000000000000002, -2.220446049250313e-16, 0.09999999999999964, 0.19999999999999973, 0.2999999999999998, 0.3999999999999997, 0.49999999999999956, 0.5999999999999996, 0.6999999999999997, 0.7999999999999996, 0.8999999999999995, 0.9999999999999996], "y_pr_no": [0.00028557341206548006, 0.0009239566988686175, 0.0026984859561815, 0.007122613523915764, 0.017015408833564557, 0.03685629023339313, 0.07254712066617887, 0.13013204855858712, 0.21346556876229722, 0.32163165119831394, 0.4475601960815098, 0.5790583651594423, 0.7022206876937628, 0.8056868556508254, 0.8836483866522438, 0.9363376965582006, 0.9682768182979694, 0.9856420024534616, 0.9941101605093903, 0.9978139676439892, 0.9992669283791029], "pearson_chi2": 59.81866711795723, "mean_perf_no": 51.66666666666667, "mse_no": 0.018635730138945702}