{"Hno": -0.10161725434627672, "Sigma": 0.14282467500249324, "signed_st": [-0.16000000000000003, -0.07999999999999996, -0.0, 0.07999999999999996, 0.16000000000000003], "m_right_No": [0.3, 0.5, 0.9, 0.7, 1.0], "se_right_No": [0.14491376746189438, 0.15811388300841897, 0.06708203932499368, 0.14491376746189438, 0.0], "x_lr": [-1.0, -0.9, -0.8, -0.7000000000000001, -0.6000000000000001, -0.5000000000000001, -0.40000000000000013, -0.30000000000000016, -0.20000000000000018, -0.1000000000000002, -2.220446049250313e-16, 0.09999999999999964, 0.19999999999999973, 0.2999999999999998, 0.3999999999999997, 0.49999999999999956, 0.5999999999999996, 0.6999999999999997, 0.7999999999999996, 0.8999999999999995, 0.9999999999999996], "y_pr_no": [1.586217686353485e-10, 1.1356771511764464e-08, 5.047166398821579e-07, 1.397039634967316e-05, 0.00024198761682861194, 0.0026409981786867714, 0.018346929916305044, 0.08241714992844817, 0.2454633099510964, 0.5045172681092397, 0.7616073488916655, 0.9209722431851624, 0.9826482280906688, 0.9975379676762118, 0.9997777255480804, 0.9999873596003631, 0.999999550244131, 0.9999999900343437, 0.9999999998629449, 0.9999999999988329, 0.9999999999999939], "pearson_chi2": 59.35572306105476, "mean_perf_no": 61.66666666666667, "mse_no": 0.01081726381964937}