{"Hno": -0.21029524656748658, "Sigma": 0.05599353488521268, "signed_st": [-0.29000000000000004, -0.20999999999999996, -0.13, 0.13, 0.20999999999999996, 0.29000000000000004], "m_right_No": [0.3, 0.3, 0.9, 1.0, 1.0, 1.0], "se_right_No": [0.14491376746189438, 0.14491376746189438, 0.09486832980505137, 0.0, 0.0, 0.0], "x_lr": [-1.0, -0.9, -0.8, -0.7000000000000001, -0.6000000000000001, -0.5000000000000001, -0.40000000000000013, -0.30000000000000016, -0.20000000000000018, -0.1000000000000002, -2.220446049250313e-16, 0.09999999999999964, 0.19999999999999973, 0.2999999999999998, 0.3999999999999997, 0.49999999999999956, 0.5999999999999996, 0.6999999999999997, 0.7999999999999996, 0.8999999999999995, 0.9999999999999996], "y_lr_no": [7.497698274454445e-07, 4.472411410353388e-06, 2.6677646112943267e-05, 0.000159112899574101, 0.0009483700588186874, 0.005630579127769809, 0.03267336439363915, 0.16769451917857786, 0.5458371694875439, 0.877588059345066, 0.9771503750277108, 0.9960951612926099, 0.9993432477829812, 0.9998898400788357, 0.999981530802067, 0.9999969037265563, 0.9999994809310832, 0.999999912981858, 0.9999999854120443, 0.999999997554436, 0.9999999995900191], "score_no": 0.817, "mean_perf_no": 75.0, "mse_no": 0.010049484991155275}