{"Hno": -0.07201089701077658, "Sigma": 0.126673852578275, "signed_st": [-0.22999999999999998, -0.15000000000000002, -0.06999999999999995, 0.06999999999999995, 0.15000000000000002, 0.22999999999999998], "m_right_No": [0.2, 0.4, 0.6, 0.5, 0.9, 1.0], "se_right_No": [0.1264911064067352, 0.15491933384829668, 0.15491933384829668, 0.15811388300841897, 0.09486832980505137, 0.0], "x_lr": [-1.0, -0.9, -0.8, -0.7000000000000001, -0.6000000000000001, -0.5000000000000001, -0.40000000000000013, -0.30000000000000016, -0.20000000000000018, -0.1000000000000002, -2.220446049250313e-16, 0.09999999999999964, 0.19999999999999973, 0.2999999999999998, 0.3999999999999997, 0.49999999999999956, 0.5999999999999996, 0.6999999999999997, 0.7999999999999996, 0.8999999999999995, 0.9999999999999996], "y_lr_no": [0.000657890359506003, 0.001447620752033124, 0.0031823232736105937, 0.006981209093432363, 0.015245641578330645, 0.03296878200239594, 0.06983408459946043, 0.141873967864687, 0.2669049102222871, 0.444985123251493, 0.6384111760689402, 0.7954187878094755, 0.8954192580480353, 0.9496340586519564, 0.9764820045211924, 0.9891814906448628, 0.9950580851103086, 0.9977497858191281, 0.9989769118597747, 0.9995351519038435, 0.9997888570126855], "score_no": 0.733, "mean_perf_no": 70.0, "mse_no": 0.014365548968550893}