{"Hno": -3.554260911320643e-09, "Sigma": 0.12933746950906694, "signed_st": [-0.16000000000000003, -0.07999999999999996, -0.0, 0.07999999999999996, 0.16000000000000003], "m_right_No": [0.1, 0.4, 0.65, 0.4, 0.8], "se_right_No": [0.09486832980505139, 0.15491933384829668, 0.1066536450385077, 0.15491933384829668, 0.12649110640673517], "x_lr": [-1.0, -0.9, -0.8, -0.7000000000000001, -0.6000000000000001, -0.5000000000000001, -0.40000000000000013, -0.30000000000000016, -0.20000000000000018, -0.1000000000000002, -2.220446049250313e-16, 0.09999999999999964, 0.19999999999999973, 0.2999999999999998, 0.3999999999999997, 0.49999999999999956, 0.5999999999999996, 0.6999999999999997, 0.7999999999999996, 0.8999999999999995, 0.9999999999999996], "y_lr_no": [0.0004385002982393429, 0.0009495804035746119, 0.0020551089944636225, 0.004442002821736753, 0.009574542328143584, 0.02051529893058115, 0.04341001980182548, 0.08951971043683846, 0.17561518573245935, 0.3157935284042084, 0.5000000068701296, 0.6842064834711112, 0.8243848222244966, 0.910480294042812, 0.9565899824804639, 0.979484702173829, 0.9904254581930448, 0.9955579974213158, 0.9979448911182551, 0.9990504196485658, 0.9995614997258506], "score_no": 0.667, "mean_perf_no": 60.0, "mse_no": 0.017277531156352343}