{"HRopt_": 0.5607961236829254, "SO_HRopt_": 1.0104748526359182, "xhat": [-0.5, -0.45, -0.4, -0.35000000000000003, -0.30000000000000004, -0.25000000000000006, -0.20000000000000007, -0.15000000000000008, -0.10000000000000009, -0.0500000000000001, -1.1102230246251565e-16, 0.04999999999999982, 0.09999999999999987, 0.1499999999999999, 0.19999999999999984, 0.24999999999999978, 0.2999999999999998, 0.34999999999999987, 0.3999999999999998, 0.44999999999999973], "theo_pR": [0.295090019534422, 0.31104598735686984, 0.32736527672366045, 0.34402136326747135, 0.3609857564053988, 0.3782281407718234, 0.3957165356169722, 0.4134174708098066, 0.4312961778524327, 0.4493167941016496, 0.4674425782053411, 0.48563613460060895, 0.5038596447898167, 0.5220751030124644, 0.5402445538669032, 0.558330329407486, 0.5762952832504037, 0.5941030192649992, 0.6117181125059918, 0.6291063201543127], "partid": 1011, "sessionid": 3, "part_sessid": "1011_3"}