{"HRopt_": 0.15988205225412697, "SO_HRopt_": 0.30229173466322024, "xhat": [-0.5, -0.45, -0.4, -0.35000000000000003, -0.30000000000000004, -0.25000000000000006, -0.20000000000000007, -0.15000000000000008, -0.10000000000000009, -0.0500000000000001, -1.1102230246251565e-16, 0.04999999999999982, 0.09999999999999987, 0.1499999999999999, 0.19999999999999984, 0.24999999999999978, 0.2999999999999998, 0.34999999999999987, 0.3999999999999998, 0.44999999999999973], "theo_pR": [0.07034491327848802, 0.0919302052934855, 0.11806852653472899, 0.1490694348878674, 0.1850815075772274, 0.22605460465035798, 0.27171361006481465, 0.32154822247925874, 0.37482190386942255, 0.4306009806192893, 0.48780241563347937, 0.5452563160566204, 0.6017772203367704, 0.6562369744388364, 0.7076317814698401, 0.7551368326979692, 0.7981436522229747, 0.8362776066834156, 0.8693955484603227, 0.8975658701195456], "partid": 1000, "sessionid": 3, "part_sessid": "1000_3"}