{"H_st": -0.03725576490189661, "st_sigma": 0.06787829627863377, "signed_stair": [-0.7, -0.62, -0.54, -0.45999999999999996, -0.26, -0.21999999999999997, -0.18000000000000005, -0.14, -0.13, -0.12, -0.10999999999999999, -0.09999999999999998, -0.08999999999999997, -0.07999999999999996, 0.07999999999999996, 0.08999999999999997, 0.09999999999999998, 0.10999999999999999, 0.12, 0.14, 0.18000000000000005, 0.30000000000000004, 0.33999999999999997, 0.38, 0.42000000000000004, 0.5, 0.5800000000000001, 0.6599999999999999], "m_right": [NaN, NaN, 0.0, 0.0, 0.0, 0.0, 0.0, 0.0, 0.0, 0.3333333333333333, 1.0, 0.25, 1.0, 0.2, 0.8571428571428571, 1.0, 1.0, 1.0, 0.0, 1.0, 1.0, 1.0, 1.0, 1.0, 1.0, 1.0, NaN, NaN], "se_right": [NaN, NaN, 0.0, 0.0, 0.0, 0.0, 0.0, 0.0, 0.0, 0.2721655269759087, 0.0, 0.21650635094610965, 0.0, 0.1264911064067352, 0.09352195295828246, 0.0, 0.0, 0.0, 0.0, 0.0, 0.0, 0.0, 0.0, 0.0, 0.0, 0.0, NaN, NaN], "x_lr": [-1.0, -0.9, -0.8, -0.7000000000000001, -0.6000000000000001, -0.5000000000000001, -0.40000000000000013, -0.30000000000000016, -0.20000000000000018, -0.1000000000000002, -2.220446049250313e-16, 0.09999999999999964, 0.19999999999999973, 0.2999999999999998, 0.3999999999999997, 0.49999999999999956, 0.5999999999999996, 0.6999999999999997, 0.7999999999999996, 0.8999999999999995, 0.9999999999999996], "y_lr": [6.922013058353013e-07, 3.0202637618587943e-06, 1.3178134294766056e-05, 5.749739243004352e-05, 0.00025082893970154816, 0.0010935153676558417, 0.004753834302242714, 0.020415908894776333, 0.08335675624528559, 0.2840695893237167, 0.6338713463617082, 0.8830965524544948, 0.97055406205481, 0.993094695181155, 0.9984089377059027, 0.9996349043429362, 0.9999163019316596, 0.9999808164054864, 0.9999956033394222, 0.9999989923471386, 0.9999997690607181], "score": 0.821}