{"Dperf_oo": [100.0, 87.5, 92.85714285714286, 64.28571428571429], "Dse_perf_oo": [0.0, 8.267972847076846, 6.883029368995938, 12.806020814297073], "Sperf_oo": [94.44444444444444, 100.0, 92.85714285714286, 57.142857142857146], "Sse_perf_oo": [5.399029532264168, 0.0, 6.883029368995938, 18.704390591656487], "perf_no": [90.0, 80.0, 75.0, 75.0], "se_perf_no": [6.708203932499368, 8.944271909999157, 9.682458365518542, 9.682458365518542], "Dn_trials_oo": [16, 16, 14, 14], "Sn_trials_oo": [18, 16, 14, 7], "NOn_trials": [20, 20, 20, 20], "DRT_oo": [1.2794114938961416, 2.054989841677143, 1.583420799035174, 1.8574554538516947], "DsdRT_oo": [0.1104615120220726, 1.8611443582973053, 1.3397332712129093, 0.10121304275280768], "SRT_oo": [1.5261844697684919, 1.682115872108667, 1.269283886056353, 1.3447805991640422], "SsdRT_oo": [0.0, 0.0251686400105025, 0.08423714447457246, 0.1527830483186629], "DRT_OKoo": [0.8922330454639726, 0.8387961036394008, 0.8959372947617724, 0.8172979542179406], "DsdRT_OKoo": [0.03125442038201438, 0.14423365155052864, 0.150170323963174, 0.07810778577795385], "SRT_OKoo": [0.8639279159814262, 0.9171009261982865, 0.8693722724249707, 0.9390778352652909], "SsdRT_OKoo": [0.023549377941519737, 0.1850073642405215, 0.08258007970828107, 0.1420795968661587], "RT_no": [0.8347542673969351, 0.9284070193578902, 1.109273819814167, 1.3377772048948962], "sdRT_no": [0.05356228832447865, 0.06178983968359392, 0.1288397925476809, 0.5194562423330608], "RT_noNOK": [0.8248967290842972, 1.7595951411803203, 1.209979069596283, 1.4397959747246751], "sdRT_noNOK": [0.0, 0.34404251140395753, 0.04960839915794277, 0.3013346959536878], "Doptout": [20.0, 20.0, 30.0, 30.0], "Dse_optout": [8.944271909999161, 8.944271909999161, 10.246950765959598, 10.246950765959598], "Soptout": [10.0, 20.0, 30.0, 65.0], "Sse_optout": [6.708203932499369, 8.944271909999161, 10.246950765959598, 10.66536450385077]}