{"Dperf_oo": [100.0, 100.0, 78.57142857142857, 45.45454545454545], "Dse_perf_oo": [0.0, 0.0, 10.966421051124836, 15.0131422517231], "Sperf_oo": [100.0, 100.0, 100.0, 77.77777777777777], "Sse_perf_oo": [0.0, 0.0, 0.0, 13.85799032138497], "perf_no": [90.0, 95.0, 80.0, 50.0], "se_perf_no": [6.708203932499368, 4.873397172404484, 8.944271909999157, 11.180339887498949], "Dn_trials_oo": [19, 17, 14, 11], "Sn_trials_oo": [17, 17, 14, 9], "NOn_trials": [20, 20, 20, 20], "DRT_oo": [1.7807510721372741, 1.091796521678885, 1.087163952498704, 1.0232586186736028], "DsdRT_oo": [NaN, 0.0, 0.10324791886446609, 0.01698652459732611], "SRT_oo": [1.3647066335038458, 1.2409538977885484, 1.540017097236017, 1.2909615241350478], "SsdRT_oo": [0.0, 0.0, 0.18169466627033729, 0.004386051300294981], "DRT_OKoo": [0.9035709091719046, 1.0071616823324123, 0.9441147571894223, 1.0588151831942487], "DsdRT_OKoo": [0.019422048392052277, 0.02100377100518783, 0.034341449274999304, 0.008316277480367784], "SRT_OKoo": [0.9327851814371653, 0.9476477119228237, 1.003337861852511, 0.9595944905821997], "SsdRT_OKoo": [0.026376048517090196, 0.014122342106188979, 0.013022040041156414, 0.048930142873299554], "RT_no": [0.8754668927404946, 0.8938375479221826, 1.114664954580384, 1.3957831560427112], "sdRT_no": [0.016150996598923596, 0.03255876880971284, 0.04333205715511333, 0.14183766979648302], "RT_noNOK": [1.4260615713096618, 2.6179620242787847, 1.368321172545468, 1.9691682303651505], "sdRT_noNOK": [0.0, NaN, 0.03894585995563266, 0.0391013659182575], "Doptout": [5.0, 15.0, 30.0, 45.0], "Dse_optout": [4.873397172404482, 7.984359711335657, 10.246950765959598, 11.124297730643494], "Soptout": [15.0, 15.0, 30.0, 55.00000000000001], "Sse_optout": [7.984359711335657, 7.984359711335657, 10.246950765959598, 11.124297730643494]}