{"Dperf_oo": [100.0, 84.61538461538461, 83.33333333333333, 71.42857142857143], "Dse_perf_oo": [0.0, 10.006825162892168, 10.758287072798382, 17.074694419062766], "Sperf_oo": [100.0, 100.0, 81.25, 54.54545454545455], "Sse_perf_oo": [0.0, 0.0, 9.757809372497498, 15.0131422517231], "perf_no": [100.0, 90.0, 55.0, 50.0], "se_perf_no": [0.0, 6.708203932499368, 11.124297730643494, 11.180339887498949], "Dn_trials_oo": [15, 13, 12, 7], "Sn_trials_oo": [20, 19, 16, 11], "NOn_trials": [20, 20, 20, 20], "DRT_oo": [0.9849924629062751, 1.1810153543920847, 1.4400787951256466, 1.1762796426483015], "DsdRT_oo": [0.07382818926495459, 0.05769399250992817, 0.07900208765903283, 0.06081847973014284], "SRT_oo": [NaN, 2.4800766606916915, 2.075955924513426, 1.2531449127834804], "SsdRT_oo": [NaN, NaN, 0.028445397016295268, 0.1721138871699314], "DRT_OKoo": [0.8613837171752166, 1.032367366724306, 0.9734333242762983, 1.1064134431844765], "DsdRT_OKoo": [0.100420921391118, 0.14426569685772056, 0.4052794425746031, 0.12690039885597437], "SRT_OKoo": [0.739862686586569, 0.7117352270241697, 0.8225864545580341, 1.029245799021028], "SsdRT_OKoo": [0.0700129026497342, 0.024864472177498036, 0.031056232995553917, 0.23650814291679736], "RT_no": [0.7727903346921872, 0.7058100290068021, 1.009569250364601, 2.1275751822307702], "sdRT_no": [0.03283423497433855, 0.059823755174852895, 0.2763884222528182, 0.44168842164536853], "RT_noNOK": [NaN, 4.039484274319254, 2.473949138904734, 1.191478386913988], "sdRT_noNOK": [NaN, 0.0, 0.5025409744053683, 0.1548640475889926], "Doptout": [25.0, 35.0, 40.0, 65.0], "Dse_optout": [9.682458365518542, 10.66536450385077, 10.954451150103322, 10.66536450385077], "Soptout": [0.0, 5.0, 20.0, 45.0], "Sse_optout": [0.0, 4.873397172404482, 8.944271909999161, 11.124297730643494]}