{"Dperf_oo": [100.0, 100.0, 66.66666666666667, 50.0], "Dse_perf_oo": [0.0, 0.0, 19.245008972987527, 25.0], "Sperf_oo": [100.0, 100.0, 100.0, 66.66666666666667], "Sse_perf_oo": [0.0, 0.0, 0.0, 19.245008972987527], "perf_no": [95.0, 90.0, 80.0, 60.0], "se_perf_no": [4.873397172404484, 6.708203932499368, 8.944271909999157, 10.954451150103322], "Dn_trials_oo": [14, 8, 6, 4], "Sn_trials_oo": [18, 11, 10, 6], "NOn_trials": [20, 20, 20, 20], "DRT_oo": [1.192806688955588, 0.9515327010960277, 1.0600670370297773, 1.0172069394501149], "DsdRT_oo": [0.09086189607457033, 0.06319549685322211, 0.1483189060869196, 0.06668149456807677], "SRT_oo": [1.3881322268261043, 1.0598998694446986, 1.065883906326961, 1.0754747987400597], "SsdRT_oo": [0.0, 0.08920864470748163, 0.05203540856818433, 0.05954388561379373], "DRT_OKoo": [0.9252335388795465, 0.967260631378443, 0.9510368646897375, 1.026848832170242], "DsdRT_OKoo": [0.022418641803436026, 0.03135045236772171, 0.03387129217951208, 0.0], "SRT_OKoo": [0.9133051319984988, 0.8865158000545185, 0.8647301658676477, 0.8956420231575087], "SsdRT_OKoo": [0.024671855557357427, 0.015838498413224284, 0.0009565392325553628, 0.07304236708900434], "RT_no": [0.9215813497204729, 1.0133507489969587, 1.1293934646089072, 1.1510544315325253], "sdRT_no": [0.030003269136686828, 0.07866128393839283, 0.047034554277451755, 0.05002950554183028], "RT_noNOK": [1.46746038264694, 0.9402616315935269, 1.5609241256768212, 1.2365989590556004], "sdRT_noNOK": [NaN, 0.0, 0.09047030786957551, 0.10236792490205615], "Doptout": [30.0, 60.0, 70.0, 80.0], "Dse_optout": [10.246950765959598, 10.954451150103322, 10.2469507659596, 8.944271909999157], "Soptout": [10.0, 45.0, 50.0, 70.0], "Sse_optout": [6.708203932499369, 11.124297730643494, 11.180339887498949, 10.2469507659596]}