{"Dperf_oo": [100.0, 88.88888888888889, 58.333333333333336, 61.53846153846154], "Dse_perf_oo": [0.0, 10.475656017578485, 14.231876063832777, 13.493200297031219], "Sperf_oo": [90.9090909090909, 100.0, 90.0, 50.0], "Sse_perf_oo": [8.667841720414476, 0.0, 9.486832980505138, 25.0], "perf_no": [100.0, 85.0, 85.0, 70.0], "se_perf_no": [0.0, 7.984359711335657, 7.984359711335657, 10.2469507659596], "Dn_trials_oo": [15, 9, 12, 13], "Sn_trials_oo": [11, 8, 10, 4], "NOn_trials": [20, 20, 20, 20], "DRT_oo": [1.018835994151645, 0.9602198557233917, 1.06858919886327, 1.0364389159105614], "DsdRT_oo": [0.02924298034612853, 0.01139791497008561, 0.08237802621485323, 0.11759842007628458], "SRT_oo": [1.0333725071924396, 1.0577121264221292, 1.0490842358433004, 1.0831763365829747], "SsdRT_oo": [0.043532229379171214, 0.056592705394393907, 0.022594992006162256, 0.06192423766872055], "DRT_OKoo": [0.8423222260372819, 0.9390153501211742, 0.9875933392385194, 0.9241208483261228], "DsdRT_OKoo": [0.060183004600959135, 0.07994238522300245, 0.10045673395059702, 0.026991391189100277], "SRT_OKoo": [1.0839212424749265, 0.984143629426686, 0.9295051438316931, 0.787065396226564], "SsdRT_OKoo": [0.0946420989900669, 0.041220718633565426, 0.061075051078385754, 0.0], "RT_no": [0.987600571342272, 0.9943191885615568, 1.0209477661952566, 1.3742392739031242], "sdRT_no": [0.18955296039254713, 0.02734712901679341, 0.19174642486736473, 0.04774233811306519], "RT_noNOK": [NaN, 1.9415718960798816, 1.4296552098332764, 1.0024155200802372], "sdRT_noNOK": [NaN, 0.0, 0.0, 0.41584012281889376], "Doptout": [25.0, 55.00000000000001, 40.0, 35.0], "Dse_optout": [9.682458365518542, 11.124297730643494, 10.954451150103322, 10.66536450385077], "Soptout": [45.0, 60.0, 50.0, 80.0], "Sse_optout": [11.124297730643494, 10.954451150103322, 11.180339887498949, 8.944271909999157]}