{"Hno": -0.0006430663724884465, "Sigma": 0.06970320453547693, "signed_st": [-0.14, -0.1, -0.06, -0.02, 0.02, 0.06, 0.1, 0.14], "m_right_No": [0.0, 0.2, 0.1, 0.3, 0.7, 0.8, 0.9, 1.0], "se_right_No": [0.0, 0.1264911064067352, 0.09486832980505139, 0.14491376746189438, 0.14491376746189438, 0.12649110640673517, 0.09486832980505137, 0.0], "x_lr": [-0.2, -0.19, -0.18, -0.16999999999999998, -0.15999999999999998, -0.14999999999999997, -0.13999999999999996, -0.12999999999999995, -0.11999999999999994, -0.10999999999999993, -0.09999999999999992, -0.08999999999999991, -0.0799999999999999, -0.0699999999999999, -0.05999999999999989, -0.04999999999999988, -0.03999999999999987, -0.02999999999999986, -0.01999999999999985, -0.009999999999999842, 1.6653345369377348e-16, 0.010000000000000175, 0.020000000000000184, 0.030000000000000193, 0.0400000000000002, 0.05000000000000021, 0.06000000000000022, 0.07000000000000023, 0.08000000000000024, 0.09000000000000025, 0.10000000000000026, 0.11000000000000026, 0.12000000000000027, 0.13000000000000028, 0.1400000000000003, 0.1500000000000003, 0.1600000000000003, 0.17000000000000032, 0.18000000000000033, 0.19000000000000034], "y_pr_no": [0.00211765232318234, 0.0032976406592623467, 0.00503884823428997, 0.007555944359863766, 0.01112066487763576, 0.016066363097661417, 0.022788482031823508, 0.03173926926281192, 0.04341523323387823, 0.05833632970109481, 0.07701668865641462, 0.09992780182230626, 0.12745637259367637, 0.15986029954389758, 0.19722729129188876, 0.23944115890075046, 0.2861607110767369, 0.3368152914243385, 0.39061938233490967, 0.44660653760501184, 0.5036805011695258, 0.5606791020373119, 0.6164447671265114, 0.669894569735849, 0.720082796602514, 0.7662500591902808, 0.8078548094330118, 0.8445854272486938, 0.876353441057752, 0.9032705494410154, 0.925613640180111, 0.9437827895418544, 0.9582572516680906, 0.9695538258744354, 0.9781909182234894, 0.9846603306256366, 0.9894075420185824, 0.9928201685033778, 0.9952235094375285, 0.996881638914749], "pearson_chi2": 73.19588141118393, "mean_perf_no": 85.0, "mse_no": 0.006914016332008134}