{"Hno": 0.0037292615712081114, "Sigma": 0.07283708986837585, "signed_st": [-0.14, -0.1, -0.06, -0.02, 0.02, 0.06, 0.1, 0.14], "m_right_No": [0.0, 0.2, 0.0, 0.5, 0.6, 0.7, 0.9, 1.0], "se_right_No": [0.0, 0.1264911064067352, 0.0, 0.15811388300841897, 0.15491933384829668, 0.14491376746189438, 0.09486832980505137, 0.0], "x_lr": [-0.2, -0.19, -0.18, -0.16999999999999998, -0.15999999999999998, -0.14999999999999997, -0.13999999999999996, -0.12999999999999995, -0.11999999999999994, -0.10999999999999993, -0.09999999999999992, -0.08999999999999991, -0.0799999999999999, -0.0699999999999999, -0.05999999999999989, -0.04999999999999988, -0.03999999999999987, -0.02999999999999986, -0.01999999999999985, -0.009999999999999842, 1.6653345369377348e-16, 0.010000000000000175, 0.020000000000000184, 0.030000000000000193, 0.0400000000000002, 0.05000000000000021, 0.06000000000000022, 0.07000000000000023, 0.08000000000000024, 0.09000000000000025, 0.10000000000000026, 0.11000000000000026, 0.12000000000000027, 0.13000000000000028, 0.1400000000000003, 0.1500000000000003, 0.1600000000000003, 0.17000000000000032, 0.18000000000000033, 0.19000000000000034], "y_pr_no": [0.002578546972563476, 0.003909804201596449, 0.005826720077726181, 0.00853548152469103, 0.012291823327884921, 0.01740376739805548, 0.024230827676783015, 0.0331784581921901, 0.044686700932157535, 0.05921238716574803, 0.07720486526706562, 0.0990760339843636, 0.12516637091516447, 0.15570953866953618, 0.19079887580982718, 0.23035948322305616, 0.27412957338157806, 0.32165419160955017, 0.3722933570861603, 0.42524520884550987, 0.47958306186551425, 0.5343036186845554, 0.5883821953068277, 0.6408299266337636, 0.6907476617326072, 0.7373716848736734, 0.7801074345059561, 0.8185488713450462, 0.8524828357702507, 0.8818793805892219, 0.9068704402458763, 0.9277201371868021, 0.9447904511864413, 0.9585058978535385, 0.9693203638425532, 0.977688464091225, 0.9840428755858457, 0.988778207821243, 0.9922412057084823, 0.9947265161397025], "pearson_chi2": 72.08621358021178, "mean_perf_no": 81.25, "mse_no": 0.012653265541923074}