{"Hno": 0.004084072176097321, "Sigma": 0.12340152711307086, "signed_st": [-0.14, -0.1, -0.06, -0.02, 0.02, 0.06, 0.1, 0.14], "m_right_No": [0.2, 0.1111111111111111, 0.1, 0.6, 0.7, 0.6, 0.7, 0.9], "se_right_No": [0.1264911064067352, 0.10475656017578482, 0.09486832980505139, 0.15491933384829668, 0.14491376746189438, 0.15491933384829668, 0.14491376746189438, 0.09486832980505137], "x_lr": [-0.2, -0.19, -0.18, -0.16999999999999998, -0.15999999999999998, -0.14999999999999997, -0.13999999999999996, -0.12999999999999995, -0.11999999999999994, -0.10999999999999993, -0.09999999999999992, -0.08999999999999991, -0.0799999999999999, -0.0699999999999999, -0.05999999999999989, -0.04999999999999988, -0.03999999999999987, -0.02999999999999986, -0.01999999999999985, -0.009999999999999842, 1.6653345369377348e-16, 0.010000000000000175, 0.020000000000000184, 0.030000000000000193, 0.0400000000000002, 0.05000000000000021, 0.06000000000000022, 0.07000000000000023, 0.08000000000000024, 0.09000000000000025, 0.10000000000000026, 0.11000000000000026, 0.12000000000000027, 0.13000000000000028, 0.1400000000000003, 0.1500000000000003, 0.1600000000000003, 0.17000000000000032, 0.18000000000000033, 0.19000000000000034], "y_pr_no": [0.049081914912203733, 0.05788430375803369, 0.06788251367780258, 0.07916470739735498, 0.09181249181998574, 0.10589840338119266, 0.12148334073258304, 0.13861402714654364, 0.15732059314252922, 0.1776143744878712, 0.19948602130000148, 0.22290401003901616, 0.24781364153048768, 0.27413659486915065, 0.3017710894831426, 0.3305926864303821, 0.3604557360607021, 0.3911954536354504, 0.42263057863229886, 0.45456654863723583, 0.4867990962900729, 0.519118158958245, 0.5513119767368234, 0.5831712458233774, 0.6144931917925207, 0.6450854309442298, 0.6747694975090325, 0.7033839295029904, 0.7307868255710852, 0.7568578081289853, 0.7814993532317202, 0.8046374735033375, 0.8262217658019726, 0.8462248588111794, 0.86464131635079, 0.8814860690271469, 0.8967924593000387, 0.9106099928266793, 0.9230018920321307, 0.9340425464958538], "pearson_chi2": 79.96201508384661, "mean_perf_no": 73.41772151898735, "mse_no": 0.02028957697119922}