{"Hno": -0.01116598412590235, "Sigma": 0.0889855163917868, "signed_st": [-0.14, -0.1, -0.06, -0.02, 0.02, 0.06, 0.1, 0.14], "m_right_No": [0.0, 0.0, 0.6, 0.6, 0.6, 0.7, 0.8, 1.0], "se_right_No": [0.0, 0.0, 0.15491933384829668, 0.15491933384829668, 0.15491933384829668, 0.14491376746189438, 0.12649110640673517, 0.0], "x_lr": [-0.2, -0.19, -0.18, -0.16999999999999998, -0.15999999999999998, -0.14999999999999997, -0.13999999999999996, -0.12999999999999995, -0.11999999999999994, -0.10999999999999993, -0.09999999999999992, -0.08999999999999991, -0.0799999999999999, -0.0699999999999999, -0.05999999999999989, -0.04999999999999988, -0.03999999999999987, -0.02999999999999986, -0.01999999999999985, -0.009999999999999842, 1.6653345369377348e-16, 0.010000000000000175, 0.020000000000000184, 0.030000000000000193, 0.0400000000000002, 0.05000000000000021, 0.06000000000000022, 0.07000000000000023, 0.08000000000000024, 0.09000000000000025, 0.10000000000000026, 0.11000000000000026, 0.12000000000000027, 0.13000000000000028, 0.1400000000000003, 0.1500000000000003, 0.1600000000000003, 0.17000000000000032, 0.18000000000000033, 0.19000000000000034], "y_pr_no": [0.016915684262727028, 0.022231579963660795, 0.028892846670059123, 0.03713533498894738, 0.04720653002774769, 0.059357888211384824, 0.07383526208158786, 0.09086766450922962, 0.11065481164196378, 0.13335406703650798, 0.1590675670557049, 0.1878304183278141, 0.219600902515165, 0.25425358743493165, 0.2915761199224941, 0.33127026741569787, 0.37295749499748077, 0.4161890351213519, 0.4604600585976392, 0.5052272220771363, 0.5499285838596306, 0.5940046768231928, 0.6369194269008202, 0.6781796189711536, 0.7173517377821073, 0.7540752356514511, 0.7880715766869113, 0.8191487473389799, 0.8472012702678214, 0.8722060789898622, 0.8942148759463318, 0.9133437860616713, 0.929761220989636, 0.9436748857170784, 0.9553187977772869, 0.9649410658137327, 0.9727930087270296, 0.9791200106221097, 0.9841543204748854, 0.9881098357358219], "pearson_chi2": 71.15280299520467, "mean_perf_no": 73.75, "mse_no": 0.027557220208128202}