{"Hno": 0.006751764409817533, "Sigma": 0.05260049744477109, "signed_st": [-0.14, -0.1, -0.06, -0.02, 0.02, 0.06, 0.1, 0.14], "m_right_No": [0.0, 0.1, 0.0, 0.3, 0.6, 0.8, 1.0, 1.0], "se_right_No": [0.0, 0.09486832980505139, 0.0, 0.14491376746189438, 0.15491933384829668, 0.12649110640673517, 0.0, 0.0], "x_lr": [-0.2, -0.19, -0.18, -0.16999999999999998, -0.15999999999999998, -0.14999999999999997, -0.13999999999999996, -0.12999999999999995, -0.11999999999999994, -0.10999999999999993, -0.09999999999999992, -0.08999999999999991, -0.0799999999999999, -0.0699999999999999, -0.05999999999999989, -0.04999999999999988, -0.03999999999999987, -0.02999999999999986, -0.01999999999999985, -0.009999999999999842, 1.6653345369377348e-16, 0.010000000000000175, 0.020000000000000184, 0.030000000000000193, 0.0400000000000002, 0.05000000000000021, 0.06000000000000022, 0.07000000000000023, 0.08000000000000024, 0.09000000000000025, 0.10000000000000026, 0.11000000000000026, 0.12000000000000027, 0.13000000000000028, 0.1400000000000003, 0.1500000000000003, 0.1600000000000003, 0.17000000000000032, 0.18000000000000033, 0.19000000000000034], "y_pr_no": [4.236623605634941e-05, 9.183002576607392e-05, 0.00019233758763011668, 0.00038933459684946625, 0.0007617864871282113, 0.0014410378102617393, 0.002635962854285611, 0.004663649252800405, 0.007982677548862411, 0.013223159709940207, 0.021204608668746936, 0.03293040933241997, 0.04954744724750521, 0.07226257120247644, 0.102214656289764, 0.14031154479507313, 0.1870530281021024, 0.24237097406911967, 0.3055219697096093, 0.37506361823872664, 0.4489323089092691, 0.524620211544024, 0.599427376251204, 0.6707472508533971, 0.7363358856401048, 0.7945190371740936, 0.8443060994353941, 0.8854008495008424, 0.9181203553494441, 0.9432494961687641, 0.9618660380045542, 0.9751696875828989, 0.9843401860385829, 0.9904378766237675, 0.9943488787455566, 0.9967685751128817, 0.9982126302154117, 0.999043928040254, 0.9995055425129528, 0.999752801442557], "pearson_chi2": 80.18776124806713, "mean_perf_no": 87.5, "mse_no": 0.003357247113193674}