{"Hno": 0.03526211163268314, "Sigma": 0.048500334069693805, "signed_st": [-0.14, -0.1, -0.06, -0.02, 0.02, 0.06, 0.1, 0.14], "m_right_No": [0.0, 0.0, 0.0, 0.2, 0.5, 0.4, 1.0, 1.0], "se_right_No": [0.0, 0.0, 0.0, 0.1264911064067352, 0.15811388300841897, 0.15491933384829668, 0.0, 0.0], "x_lr": [-0.2, -0.19, -0.18, -0.16999999999999998, -0.15999999999999998, -0.14999999999999997, -0.13999999999999996, -0.12999999999999995, -0.11999999999999994, -0.10999999999999993, -0.09999999999999992, -0.08999999999999991, -0.0799999999999999, -0.0699999999999999, -0.05999999999999989, -0.04999999999999988, -0.03999999999999987, -0.02999999999999986, -0.01999999999999985, -0.009999999999999842, 1.6653345369377348e-16, 0.010000000000000175, 0.020000000000000184, 0.030000000000000193, 0.0400000000000002, 0.05000000000000021, 0.06000000000000022, 0.07000000000000023, 0.08000000000000024, 0.09000000000000025, 0.10000000000000026, 0.11000000000000026, 0.12000000000000027, 0.13000000000000028, 0.1400000000000003, 0.1500000000000003, 0.1600000000000003, 0.17000000000000032, 0.18000000000000033, 0.19000000000000034], "y_pr_no": [6.150339925331748e-07, 1.704112082085524e-06, 4.532272434284781e-06, 1.1571887428851261e-05, 2.83674243630091e-05, 6.677697365949798e-05, 0.00015097173726238766, 0.0003278733174642613, 0.0006841433553393655, 0.0013718892899312525, 0.0026444487526224134, 0.004901438698109322, 0.008738359244107432, 0.01499062995519732, 0.024756133926983673, 0.039376343208770564, 0.060356786969068106, 0.08921556923095109, 0.12726460647902144, 0.1753498432374027, 0.23359801858872387, 0.3012305161624826, 0.37650210801480943, 0.4568009681250665, 0.5389098772795263, 0.6193872543412128, 0.6949938994175373, 0.7630784738539471, 0.821846359217667, 0.870468484312034, 0.9090278865083858, 0.9383387806735191, 0.9596952858799562, 0.9746106397205136, 0.9845954333463264, 0.9910023145669256, 0.9949428585389626, 0.9972659562511205, 0.9985787014116426, 0.9992897427821019], "pearson_chi2": 43.04755367941535, "mean_perf_no": 83.75, "mse_no": 0.019449445944100197}