{"Hno": -0.1384109154530397, "Sigma": 0.24820042477778634, "signed_st": [-0.14, -0.1, -0.06, -0.02, 0.02, 0.06, 0.1, 0.14], "m_right_No": [0.4, 0.5, 0.7, 0.8, 0.8, 0.8, 0.8, 0.8], "se_right_No": [0.15491933384829668, 0.15811388300841897, 0.14491376746189438, 0.12649110640673517, 0.12649110640673517, 0.12649110640673517, 0.12649110640673517, 0.12649110640673517], "x_lr": [-0.2, -0.19, -0.18, -0.16999999999999998, -0.15999999999999998, -0.14999999999999997, -0.13999999999999996, -0.12999999999999995, -0.11999999999999994, -0.10999999999999993, -0.09999999999999992, -0.08999999999999991, -0.0799999999999999, -0.0699999999999999, -0.05999999999999989, -0.04999999999999988, -0.03999999999999987, -0.02999999999999986, -0.01999999999999985, -0.009999999999999842, 1.6653345369377348e-16, 0.010000000000000175, 0.020000000000000184, 0.030000000000000193, 0.0400000000000002, 0.05000000000000021, 0.06000000000000022, 0.07000000000000023, 0.08000000000000024, 0.09000000000000025, 0.10000000000000026, 0.11000000000000026, 0.12000000000000027, 0.13000000000000028, 0.1400000000000003, 0.1500000000000003, 0.1600000000000003, 0.17000000000000032, 0.18000000000000033, 0.19000000000000034], "y_pr_no": [0.4020120601361341, 0.41767206024835624, 0.4334637359553317, 0.4493623689535597, 0.46534272543131516, 0.4813791761166157, 0.4974458195128258, 0.5135166073349078, 0.5295654711344356, 0.5455664490880184, 0.5614938119219257, 0.5773221869554996, 0.5930266792672326, 0.6085829890198751, 0.6239675240241443, 0.6391575066739117, 0.6541310744483761, 0.6688673732478018, 0.683346642907888, 0.6975502943226601, 0.7114609776957179, 0.7250626415335414, 0.7383405820910415, 0.7512814830773704, 0.7638734455278983, 0.7761060078449559, 0.787970156104232, 0.799458324814456, 0.8105643884041147, 0.8212836437895091, 0.8316127844525436, 0.8415498665235719, 0.8510942674237394, 0.8602466376721151, 0.8690088465051176, 0.8773839219891439, 0.8853759863317773, 0.8929901871125894, 0.9002326251614989, 0.9071102798112303], "pearson_chi2": 81.54224401950249, "mean_perf_no": 60.0, "mse_no": 0.007062384961155387}