{"Hno": -0.08080638009472009, "Sigma": 0.059625283810579126, "signed_st": [-0.14, -0.1, -0.06, -0.02, 0.02, 0.06, 0.1, 0.14], "m_right_No": [0.3, 0.4, 0.7, 0.6, 0.8, 0.9, 1.0, 1.0], "se_right_No": [0.14491376746189438, 0.15491933384829668, 0.14491376746189438, 0.15491933384829668, 0.12649110640673517, 0.09486832980505137, 0.0, 0.0], "x_lr": [-0.2, -0.19, -0.18, -0.16999999999999998, -0.15999999999999998, -0.14999999999999997, -0.13999999999999996, -0.12999999999999995, -0.11999999999999994, -0.10999999999999993, -0.09999999999999992, -0.08999999999999991, -0.0799999999999999, -0.0699999999999999, -0.05999999999999989, -0.04999999999999988, -0.03999999999999987, -0.02999999999999986, -0.01999999999999985, -0.009999999999999842, 1.6653345369377348e-16, 0.010000000000000175, 0.020000000000000184, 0.030000000000000193, 0.0400000000000002, 0.05000000000000021, 0.06000000000000022, 0.07000000000000023, 0.08000000000000024, 0.09000000000000025, 0.10000000000000026, 0.11000000000000026, 0.12000000000000027, 0.13000000000000028, 0.1400000000000003, 0.1500000000000003, 0.1600000000000003, 0.17000000000000032, 0.18000000000000033, 0.19000000000000034], "y_lr_no": [0.11930323718072856, 0.13807981093467178, 0.15927709069467877, 0.18303742476527762, 0.20945915631836895, 0.2385810813326834, 0.27036719420117084, 0.30469352126558336, 0.34133914670775745, 0.3799835308116803, 0.420211788271627, 0.4615287005356821, 0.5033809809894966, 0.5451859354807425, 0.5863634920565965, 0.6263679268051943, 0.6647156718814975, 0.70100633999374, 0.7349353248231874, 0.7662977145865213, 0.7949844657129219, 0.8209726057882646, 0.844311593036353, 0.8651079047769086, 0.8835095871721586, 0.8996920201360598, 0.913845658696327, 0.9261660869696066, 0.9368464014934442, 0.9460717319499433, 0.9540155943020454, 0.9608377305805229, 0.96668309698764, 0.9716816972853591, 0.9759490064651176, 0.979586780350728, 0.9826840940897218, 0.9853184934681184, 0.9875571766458553, 0.9894581504388528], "score_no": 0.788, "mean_perf_no": 71.25, "mse_no": 0.006209275464487005}