{"Hno": 0.037801180756359055, "Sigma": 0.10604310396647411, "signed_st": [-0.14, -0.1, -0.06, -0.02, 0.02, 0.06, 0.1, 0.14], "m_right_No": [0.2, 0.1, 0.3, 0.4, 0.4, 0.6, 0.9, 0.5], "se_right_No": [0.1264911064067352, 0.09486832980505139, 0.14491376746189438, 0.15491933384829668, 0.15491933384829668, 0.15491933384829668, 0.09486832980505137, 0.15811388300841897], "x_lr": [-0.2, -0.19, -0.18, -0.16999999999999998, -0.15999999999999998, -0.14999999999999997, -0.13999999999999996, -0.12999999999999995, -0.11999999999999994, -0.10999999999999993, -0.09999999999999992, -0.08999999999999991, -0.0799999999999999, -0.0699999999999999, -0.05999999999999989, -0.04999999999999988, -0.03999999999999987, -0.02999999999999986, -0.01999999999999985, -0.009999999999999842, 1.6653345369377348e-16, 0.010000000000000175, 0.020000000000000184, 0.030000000000000193, 0.0400000000000002, 0.05000000000000021, 0.06000000000000022, 0.07000000000000023, 0.08000000000000024, 0.09000000000000025, 0.10000000000000026, 0.11000000000000026, 0.12000000000000027, 0.13000000000000028, 0.1400000000000003, 0.1500000000000003, 0.1600000000000003, 0.17000000000000032, 0.18000000000000033, 0.19000000000000034], "y_lr_no": [0.09599875850423423, 0.10450008902838974, 0.113659613700411, 0.12351124751945766, 0.1340876069489209, 0.14541936840250078, 0.15753455447973957, 0.170457754753704, 0.1842092921998149, 0.19880435116006964, 0.2142520878782677, 0.2305547498497377, 0.24770683514592332, 0.26569432706413065, 0.2844940424246563, 0.304073133083189, 0.32438877927296406, 0.3453881098645741, 0.36700837832390837, 0.3891774140813045, 0.4118143574924076, 0.4348306731589087, 0.45813142194074447, 0.48161675759388006, 0.5051836007802634, 0.528727432369198, 0.5521441404740534, 0.5753318522520291, 0.5981926824664013, 0.6206343360764577, 0.6425715111762961, 0.6639270606036375, 0.6846328844054864, 0.7046305399027316, 0.7238715702025593, 0.7423175646836115, 0.7599399754822649, 0.7767197218814224, 0.792646619575487, 0.807718674143215], "score_no": 0.7, "mean_perf_no": 67.5, "mse_no": 0.023040514629959957}