{"Hno": -2.443316345603669e-07, "Sigma": 0.04494057530900624, "signed_st": [-0.14, -0.1, -0.06, -0.02, 0.02, 0.06, 0.1, 0.14], "m_right_No": [0.1, 0.0, 0.3, 0.3, 0.7, 0.7, 0.9, 1.0], "se_right_No": [0.09486832980505139, 0.0, 0.14491376746189438, 0.14491376746189438, 0.14491376746189438, 0.14491376746189438, 0.09486832980505137, 0.0], "x_lr": [-0.2, -0.19, -0.18, -0.16999999999999998, -0.15999999999999998, -0.14999999999999997, -0.13999999999999996, -0.12999999999999995, -0.11999999999999994, -0.10999999999999993, -0.09999999999999992, -0.08999999999999991, -0.0799999999999999, -0.0699999999999999, -0.05999999999999989, -0.04999999999999988, -0.03999999999999987, -0.02999999999999986, -0.01999999999999985, -0.009999999999999842, 1.6653345369377348e-16, 0.010000000000000175, 0.020000000000000184, 0.030000000000000193, 0.0400000000000002, 0.05000000000000021, 0.06000000000000022, 0.07000000000000023, 0.08000000000000024, 0.09000000000000025, 0.10000000000000026, 0.11000000000000026, 0.12000000000000027, 0.13000000000000028, 0.1400000000000003, 0.1500000000000003, 0.1600000000000003, 0.17000000000000032, 0.18000000000000033, 0.19000000000000034], "y_lr_no": [0.011540148765568707, 0.014374795451563565, 0.017893122065047153, 0.022253140061860514, 0.02764565785406422, 0.03429908337699781, 0.042483813532203464, 0.05251544023448366, 0.06475562136046753, 0.07960901055207342, 0.09751417616380827, 0.11892610625054802, 0.14428793595648756, 0.17399029200718022, 0.20831850817691494, 0.24739116102292374, 0.2910976881037359, 0.3390472761528694, 0.39054386260017676, 0.4446007271109996, 0.500001359192851, 0.5554019579013183, 0.6094587255103777, 0.6609551605409678, 0.7089045557535483, 0.752610863503125, 0.7916832851028168, 0.8260112707075205, 0.8557134065829882, 0.881075033103769, 0.9024867807598959, 0.9203917861641632, 0.9352450371635131, 0.9474851008039378, 0.9575166287897819, 0.9657012767817992, 0.9723546344402212, 0.9777470965227788, 0.982107069014265, 0.985625358605725], "score_no": 0.825, "mean_perf_no": 82.5, "mse_no": 0.007972563552925516}