{"Hno": -0.013289602478027381, "Sigma": 0.05397088259500605, "signed_st": [-0.14, -0.1, -0.06, -0.02, 0.02, 0.06, 0.1, 0.14], "m_right_No": [0.0, 0.0, 0.6, 0.6, 0.6, 0.7, 0.8, 1.0], "se_right_No": [0.0, 0.0, 0.15491933384829668, 0.15491933384829668, 0.15491933384829668, 0.14491376746189438, 0.12649110640673517, 0.0], "x_lr": [-0.2, -0.19, -0.18, -0.16999999999999998, -0.15999999999999998, -0.14999999999999997, -0.13999999999999996, -0.12999999999999995, -0.11999999999999994, -0.10999999999999993, -0.09999999999999992, -0.08999999999999991, -0.0799999999999999, -0.0699999999999999, -0.05999999999999989, -0.04999999999999988, -0.03999999999999987, -0.02999999999999986, -0.01999999999999985, -0.009999999999999842, 1.6653345369377348e-16, 0.010000000000000175, 0.020000000000000184, 0.030000000000000193, 0.0400000000000002, 0.05000000000000021, 0.06000000000000022, 0.07000000000000023, 0.08000000000000024, 0.09000000000000025, 0.10000000000000026, 0.11000000000000026, 0.12000000000000027, 0.13000000000000028, 0.1400000000000003, 0.1500000000000003, 0.1600000000000003, 0.17000000000000032, 0.18000000000000033, 0.19000000000000034], "y_lr_no": [0.03048783305325649, 0.036467658889155326, 0.04356765027832583, 0.05197539329550436, 0.06190066249370082, 0.07357417707795104, 0.08724440011955058, 0.103171714024815, 0.12161928205191204, 0.14283999712258166, 0.16705918940364653, 0.1944532737130444, 0.22512529685899696, 0.259079354090734, 0.2961969331138641, 0.336219134041338, 0.3787390285052209, 0.4232077989634982, 0.46895656532163676, 0.5152331417931111, 0.5612499652318614, 0.6062369577031059, 0.6494919364700804, 0.690421759959235, 0.7285694987660348, 0.7636258454714119, 0.7954258419967182, 0.8239340970636313, 0.849222664170445, 0.8714457208881955, 0.8908144524159242, 0.9075744835644982, 0.9219871434710312, 0.9343149803809274, 0.9448113428623356, 0.953713497698104, 0.9612386095273227, 0.9675818981213069, 0.9729163582817422, 0.9773935316140099], "score_no": 0.738, "mean_perf_no": 73.75, "mse_no": 0.02797293984645868}