{"HRopt_": 0.01937088459166447, "SO_HRopt_": 0.04429068428749248, "xhat": [-0.2, -0.15000000000000002, -0.10000000000000003, -0.050000000000000044, -5.551115123125783e-17, 0.04999999999999993, 0.09999999999999992, 0.1499999999999999], "theo_pR": [0.0007202685898681782, 0.00908904496322882, 0.062080831040435935, 0.23789034432816636, 0.544321676103379, 0.8253016559627117, 0.9608124404114933, 0.9951257587159975], "partid": 3070, "sessionid": 3, "part_sessid": "3070_3"}