{"HRopt_": 0.085060763817077, "SO_HRopt_": 0.17010081686611375, "xhat": [-0.2, -0.15000000000000002, -0.10000000000000003, -0.050000000000000044, -5.551115123125783e-17, 0.04999999999999993, 0.09999999999999992, 0.1499999999999999], "theo_pR": [0.171916070518077, 0.24039512094368562, 0.32152319697232845, 0.41221331131797007, 0.50787193495529, 0.6030778102397376, 0.6924863110841977, 0.7717125922859105], "partid": 3076, "sessionid": 3, "part_sessid": "3076_3"}