{"HRopt_": 0.09609135004088863, "SO_HRopt_": 0.15228138231744026, "xhat": [-0.2, -0.15000000000000002, -0.10000000000000003, -0.050000000000000044, -5.551115123125783e-17, 0.04999999999999993, 0.09999999999999992, 0.1499999999999999], "theo_pR": [0.041417940152735366, 0.085525486320589, 0.15788079115323095, 0.2618745559387312, 0.39283096639536763, 0.5373186211800952, 0.676994073587192, 0.7952967321794447], "partid": 3078, "sessionid": 3, "part_sessid": "3078_3"}