{"HRopt_": 0.04348504058744178, "SO_HRopt_": 0.08363659136342906, "xhat": [-0.2, -0.15000000000000002, -0.10000000000000003, -0.050000000000000044, -5.551115123125783e-17, 0.04999999999999993, 0.09999999999999992, 0.1499999999999999], "theo_pR": [0.019651744477206523, 0.060652826402328726, 0.14971937381709044, 0.29945836783149105, 0.494303235894459, 0.6905460141177391, 0.8435312456504298, 0.9358394851105528], "partid": 3077, "sessionid": 3, "part_sessid": "3077_3"}