{"HRopt_": 0.2774403049619351, "SO_HRopt_": 0.45679659724904714, "xhat": [-0.2, -0.15000000000000002, -0.10000000000000003, -0.050000000000000044, -5.551115123125783e-17, 0.04999999999999993, 0.09999999999999992, 0.1499999999999999], "theo_pR": [0.2536466159066493, 0.2916703899887685, 0.3321570762207162, 0.3747048754449541, 0.41883649129658945, 0.4640148465473818, 0.5096625425597228, 0.5551838961560679], "partid": 3058, "sessionid": 3, "part_sessid": "3058_3"}