{"HRopt_": 0.03836233799565653, "SO_HRopt_": 0.07434477964882019, "xhat": [-0.2, -0.15000000000000002, -0.10000000000000003, -0.050000000000000044, -5.551115123125783e-17, 0.04999999999999993, 0.09999999999999992, 0.1499999999999999], "theo_pR": [0.010975885436017019, 0.04269469826986738, 0.12522184659217617, 0.2815281447872553, 0.4970704490012518, 0.7134940003372076, 0.8717255122963444, 0.9559540644719456], "partid": 3074, "sessionid": 3, "part_sessid": "3074_3"}