{"participantID": [991, 992, 993, 994, 995, 996, 997, 998, 999, 1000, 1001, 1002, 1003, 1005, 1006, 1007, 1008, 1009, 1010, 1012, 1013, 1014], "sessionID": [11, 11, 11, 11, 11, 11, 11, 11, 11, 11, 11, 11, 11, 11, 11, 11, 11, 11, 11, 11, 11, 11], "Dsubj_perf_oo": [59.05205905205906, 67.22222222222223, 58.93188854489165, 62.82051282051282, 75.0, 72.64863547758284, 64.47368421052632, 69.21568627450982, 61.37566137566137, 100.0, 56.868686868686865, 56.666666666666664, 63.91534391534392, 56.209150326797385, 72.79669762641898, 49.5970695970696, 47.23082215342277, 79.9498746867168, 72.17723796671164, 67.3076923076923, 67.73148148148148, 59.02255639097745], "Ssubj_perf_oo": [47.22222222222222, 80.36963036963037, 61.53846153846154, 76.59125188536953, 66.55773420479302, 59.82905982905982, 83.93246187363836, 70.51282051282051, 62.6984126984127, 100.0, 62.5, 64.28571428571429, 64.70588235294117, 61.88536953242836, 66.2962962962963, 70.38398692810458, 56.209150326797385, 85.8511586452763, 77.31481481481482, 57.24867724867725, 82.14285714285715, 60.23148148148149], "subj_perf_no": [65.0, 66.66666666666667, 65.0, 58.333333333333336, 68.33333333333333, 65.0, 75.0, 66.66666666666667, 76.66666666666667, 71.66666666666667, 63.333333333333336, 61.666666666666664, 61.666666666666664, 66.66666666666667, 66.66666666666667, 50.0, 46.666666666666664, 78.33333333333333, 60.0, 65.0, 78.33333333333333, 66.66666666666667], "subj_RT_no": [1.0122756702086175, 1.0368804086937728, 0.9931745034374525, 0.9791530618766124, 0.9836132990894297, 0.9972802729671084, 0.9974358974358974, 0.9605344112413261, 0.9913298711355688, 1.018999037535989, 1.015556520272263, 1.0696634508919522, 1.0216905243962235, 1.0411405340262565, 0.9965568055344077, 0.9879511097614035, 0.9899117276166457, 0.9921641098685181, 0.9770449661626115, 1.025982345241087, 0.9702601461119434, 1.0221668091978218], "Dsubj_RT_oo": [1.0619336630877454, 1.2448070595522858, 1.268169484734714, 1.1285635286961406, NaN, 1.3743184278941885, 1.573076923076923, 0.9620659314486202, 1.373322583614075, 0.9593904395251815, 1.1079637991535438, 1.0210662593486173, 1.032574768270181, 0.9922061860726773, 1.2704955143546381, 1.425807841613203, 1.974779319041614, 1.4621184609945437, 1.4234798733428964, 1.2925847189174826, 1.0289982546544898, 1.001526680771779], "Ssubj_RT_oo": [0.9862086535167346, 1.2025367339611235, 1.0174814306113973, 1.1726027549524725, 1.049929524942071, 1.3965486696862344, 1.2397435897435898, 1.114304994144484, 1.1676298393048048, 1.0124606993903538, 1.135496019621543, 0.9523368784456998, 0.999217581861185, 1.0045348410986747, 1.230241283098799, 1.3735284566396109, 1.5372005044136192, 1.2438594650923505, 1.299640511722969, 1.3462142223686981, 1.1111364059695032, 1.1594303982981056], "OKubj_RT_no": [0.9752461340224845, 1.0093808990887907, 1.0078421977863734, 0.9135416174573623, 1.0133222784352764, 0.9982284045912124, 0.9948717948717949, 0.9584670243514666, 0.9913298711355688, 0.9779082451073875, 0.9414902294767411, 0.9879053551451391, 0.9953416883993355, 1.0301872578215259, 0.9863021994717973, 0.9916747860285801, 0.9722572509457755, 0.987510457271736, 0.9129763889148239, 1.0065184642884706, 0.9654173306563069, 1.0245137072090849], "OKDsubj_RT_oo": [0.9974912945730918, 0.9355268190081357, 1.0155807825363072, 0.811996854340999, 0.9506475416867426, 0.9809651914506142, 0.9910256410256411, 1.025681906891371, 0.992271523399079, 1.04964388835388, 0.8887512477570547, 0.9347087916142685, 0.94525578948138, 0.9660313387489492, 0.9939700840142592, 0.9598531109343282, 1.0226986128625473, 0.8507791505355399, 0.9588563318825601, 0.9613397344729735, 0.98957276985642, 1.00881882796976], "OKSsubj_RT_oo": [0.9041694159795021, 0.9399101464157641, 1.0132041626216386, 0.9176265280209437, 0.997821076206362, 0.9593714117127656, 0.9641025641025641, 0.9563764827296596, 0.9680373638156845, 1.0495251844721887, 0.9329764495407664, 0.8376875947554118, 0.9187259670964637, 0.984657594793884, 0.9518731381824658, 0.9500712257616113, 0.9564943253467844, 0.8664993504232757, 0.9644126684452957, 0.9590167396422178, 0.9478741971768109, 0.9353345827082163], "NOKubj_RT_no": [1.0980616331208568, 1.096426768191976, 0.9822498236219029, 1.012107452599227, 0.9710504933456867, 0.9957153636794797, 1.008974358974359, 0.9701138551306607, 0.9817653302245796, 1.0593006095604423, 1.059679412911452, 1.1104303535849496, 1.0967386249616373, 1.0622367856180728, 1.0328199302256411, 0.9818060794024589, 1.0025220680958387, 1.2251695355255148, 1.1102631561312073, 1.2003266271624775, 1.1366198251897293, 1.0095312789501254], "NOKDsubj_RT_oo": [0.9983895940057211, 0.8957038245621215, 0.9545269102781426, 0.9000614126008517, 1.0033131581294379, 1.000564285948699, 1.0192307692307692, 1.0139159946279452, 1.0070104274590397, NaN, 0.9763942386126313, 0.8630409230539469, 0.9635270630431518, 0.9887019904300061, 1.0125644878645201, 0.9756481866558858, 0.9974779319041615, 0.9273008007993978, 0.9930378433337476, 0.9861781807503457, 1.0575791441604416, 1.0143298467410609], "NOKSsubj_RT_oo": [0.9319970994376504, 0.9944396382914751, 0.9096560700112948, 0.8452874860016505, 1.215866014447015, 0.9679341228966142, 1.0173076923076922, 1.2310313118148455, 0.9967341360577668, NaN, 0.9079300647864637, 0.9190567312657775, 0.9759789275897376, 1.1229204946827838, 0.962355560285591, 1.0191553879285395, 0.9495586380832283, 1.221920048633747, 0.9676895681470534, 0.9562854608660479, 1.0876811744164172, 0.9535230409364005], "medianRT": [765.335000003688, 777.3775000823662, 772.1049999818206, 899.6525000002221, 753.8124999846332, 762.0249999890802, 780.0, 755.7850000002654, 793.8175000017509, 779.2500000000437, 904.1224999998594, 880.5549999997311, 897.8575000073761, 703.4424999728799, 866.9274999992922, 777.4574999930337, 793.0, 929.3774999969173, 746.8950000002224, 710.2899999990768, 724.7849999998725, 835.1450000191107], "Dsubj_optout_oo": [30.0, 11.666666666666666, 6.666666666666667, 45.0, 0.0, 11.666666666666666, 5.0, 10.0, 26.666666666666668, 95.0, 40.0, 45.0, 36.666666666666664, 8.333333333333334, 6.666666666666667, 21.666666666666668, 10.0, 11.666666666666666, 16.666666666666668, 11.666666666666666, 10.0, 28.333333333333332], "Ssubj_optout_oo": [51.666666666666664, 36.666666666666664, 26.666666666666668, 33.333333333333336, 43.333333333333336, 21.666666666666668, 15.0, 35.0, 28.333333333333332, 90.0, 56.666666666666664, 50.0, 38.333333333333336, 33.333333333333336, 20.0, 25.0, 11.666666666666666, 40.0, 25.0, 13.333333333333334, 26.666666666666668, 26.666666666666668]}