{"Dperf_oo": [100.0, 100.0, 93.33333333333333, 75.0], "Dse_perf_oo": [0.0, 0.0, 6.440611887195311, 12.5], "Sperf_oo": [95.0, 100.0, 93.33333333333333, 70.0], "Sse_perf_oo": [4.873397172404484, 0.0, 6.440611887195311, 14.491376746189438], "perf_no": [100.0, 95.0, 95.0, 65.0], "se_perf_no": [0.0, 4.873397172404484, 4.873397172404484, 10.66536450385077], "Dn_trials_oo": [20, 16, 15, 12], "Sn_trials_oo": [20, 19, 15, 10], "NOn_trials": [20, 20, 20, 20], "DRT_oo": [NaN, 1.3327169275007427, 1.4275625475118023, 1.4153710989994952], "DsdRT_oo": [NaN, 0.058434440615071, 0.24077483039918748, 0.06900076830941015], "SRT_oo": [NaN, 1.31111204099201, 1.3570914571558355, 1.3721194877706746], "SsdRT_oo": [NaN, NaN, 0.06032549573973449, 0.07474701096804141], "DRT_OKoo": [0.8611580621575468, 0.9390260228942424, 1.0806376036882346, 1.1262906871805523], "DsdRT_OKoo": [0.01414637291089023, 0.025063133024188035, 0.05943497240541901, 0.09739145165861564], "SRT_OKoo": [0.8723872477840159, 0.9634925947829982, 1.0038783366548034, 1.1451008284343607], "SsdRT_OKoo": [0.019046331197889343, 0.03015833901938224, 0.05967348017053527, 0.03877421511670528], "RT_no": [0.8386411179542105, 0.9275960168924778, 0.9695422978249097, 1.1309597522366341], "sdRT_no": [0.018803576793752053, 0.03156737975837838, 0.04487046085888377, 0.07659782243992946], "RT_noNOK": [NaN, 1.0067609407508618, 2.31546314152539, 1.2898836919563772], "sdRT_noNOK": [NaN, NaN, NaN, 0.2158063151604798], "Doptout": [0.0, 20.0, 25.0, 40.0], "Dse_optout": [0.0, 8.944271909999161, 9.682458365518542, 10.954451150103322], "Soptout": [0.0, 5.0, 25.0, 50.0], "Sse_optout": [0.0, 4.873397172404482, 9.682458365518542, 11.180339887498949]}