{"Dperf_oo": [95.0, 88.88888888888889, 90.9090909090909, 87.5], "Dse_perf_oo": [4.873397172404484, 7.407407407407408, 8.667841720414476, 11.692679333668567], "Sperf_oo": [100.0, 92.85714285714286, 84.61538461538461, 70.0], "Sse_perf_oo": [0.0, 6.883029368995938, 10.006825162892168, 14.491376746189438], "perf_no": [100.0, 95.0, 75.0, 55.0], "se_perf_no": [0.0, 4.873397172404484, 9.682458365518542, 11.124297730643494], "Dn_trials_oo": [20, 18, 11, 8], "Sn_trials_oo": [20, 14, 13, 10], "NOn_trials": [20, 20, 20, 20], "DRT_oo": [NaN, 1.2862881543832339, 1.2284946114997193, 1.3742075415710397], "DsdRT_oo": [NaN, 0.0, 0.008538747127640547, 0.03551716654121224], "SRT_oo": [NaN, 1.572598901981742, 1.2598178983703165, 1.3043040148375054], "SsdRT_oo": [NaN, 0.166506624710439, 0.021899166515303752, 0.03779785250878737], "DRT_OKoo": [0.8803325726422538, 0.9389078421630072, 0.862908655417126, 1.0020740606445722], "DsdRT_OKoo": [0.047477384503535024, 0.05234538025778527, 0.014962389925726169, 0.0006475541354916735], "SRT_OKoo": [0.8645082578570845, 0.9044892794868167, 0.9233682022795645, 0.9261607283376706], "SsdRT_OKoo": [0.0282978513792529, 0.04181665374185971, 0.009721741354688599, 0.02053428334973709], "RT_no": [0.885425092128924, 0.9013171867177283, 1.0685614875053062, 1.138853618320099], "sdRT_no": [0.061436023277797465, 0.054078810225737385, 0.04476331291126463, 0.19645087952979604], "RT_noNOK": [NaN, 1.896450599804634, 0.9143580127098597, 1.3114570389659375], "sdRT_noNOK": [NaN, NaN, 0.0015431192176584808, 0.16249227088435056], "Doptout": [0.0, 10.0, 45.0, 60.0], "Dse_optout": [0.0, 6.708203932499369, 11.124297730643494, 10.954451150103322], "Soptout": [0.0, 30.0, 35.0, 50.0], "Sse_optout": [0.0, 10.246950765959598, 10.66536450385077, 11.180339887498949]}