{"Dperf_oo": [100.0, 84.21052631578948, 83.33333333333333, 66.66666666666667], "Dse_perf_oo": [0.0, 8.36546751830554, 8.784104611578833, 11.11111111111111], "Sperf_oo": [83.33333333333333, 77.77777777777777, 72.22222222222223, 62.5], "Sse_perf_oo": [8.784104611578833, 9.799078929868855, 10.557179862029054, 12.103072956898178], "perf_no": [100.0, 95.0, 95.0, 60.0], "se_perf_no": [0.0, 4.873397172404484, 4.873397172404484, 10.954451150103322], "Dn_trials_oo": [20, 19, 18, 18], "Sn_trials_oo": [18, 18, 18, 16], "NOn_trials": [20, 20, 20, 20], "DRT_oo": [NaN, 0.9578850481589476, 1.3693194579576335, 1.1655311821496601], "DsdRT_oo": [NaN, NaN, 0.0, 0.0], "SRT_oo": [1.1329992205024353, 1.2307096080909963, 1.102418207679711, 1.3492330525097809], "SsdRT_oo": [0.0, 0.0, 0.0, 0.13735912872135933], "DRT_OKoo": [0.9897476097536534, 1.02462247158149, 1.0864627051650195, 1.1166209390097355], "DsdRT_OKoo": [0.036415999223352064, 0.064900227517087, 0.04952770619504367, 0.03577286366808281], "SRT_OKoo": [0.9803716051076511, 0.9119122381287474, 1.0249395558141952, 0.9386794322414029], "SsdRT_OKoo": [0.042321979640499344, 0.03785960985429133, 0.03169777010385333, 0.014847155529520744], "RT_no": [0.9419207377458769, 0.9345441253558477, 0.9598051693519379, 0.871210953496913], "sdRT_no": [0.024636642692218075, 0.08005594069803895, 0.0404643957766785, 0.02197861837514884], "RT_noNOK": [NaN, 1.1021143352913703, 0.8006200758344125, 1.0464308205824997], "sdRT_noNOK": [NaN, NaN, NaN, 0.06991704661936059], "Doptout": [0.0, 5.0, 10.0, 10.0], "Dse_optout": [0.0, 4.873397172404482, 6.708203932499369, 6.708203932499369], "Soptout": [10.0, 10.0, 10.0, 20.0], "Sse_optout": [6.708203932499369, 6.708203932499369, 6.708203932499369, 8.944271909999161]}