{"Dperf_oo": [100.0, 94.73684210526316, 89.47368421052632, 62.5], "Dse_perf_oo": [0.0, 5.122781719918815, 7.040590042736196, 12.103072956898178], "Sperf_oo": [100.0, 100.0, 93.33333333333333, 61.53846153846154], "Sse_perf_oo": [0.0, 0.0, 6.440611887195311, 13.493200297031219], "perf_no": [100.0, 95.0, 90.0, 45.0], "se_perf_no": [0.0, 4.873397172404484, 6.708203932499368, 11.124297730643494], "Dn_trials_oo": [20, 19, 19, 16], "Sn_trials_oo": [18, 20, 15, 13], "NOn_trials": [20, 20, 20, 20], "DRT_oo": [NaN, 1.3697515071696005, 2.253119910297934, 1.4007181914637614], "DsdRT_oo": [NaN, NaN, NaN, 0.01973429754600025], "SRT_oo": [1.5085072333635432, NaN, 1.6208204556827603, 1.534474254752], "SsdRT_oo": [0.0, NaN, 0.06566448677989185, 0.2781990587823174], "DRT_OKoo": [0.8596652461347194, 0.9431904875136893, 1.0036157959570355, 1.1218725494010833], "DsdRT_OKoo": [0.022837524520334967, 0.0172288433204767, 0.051382293228740855, 0.0807143039752617], "SRT_OKoo": [0.9219392588867592, 0.9295363336027773, 0.9909587359274491, 1.1574556719038562], "SsdRT_OKoo": [0.04356972026139581, 0.061995820870263355, 0.08004017913641463, 0.09303729232658052], "RT_no": [0.953310458130499, 0.9379069544663899, 1.0272231467731492, 1.1524418154964942], "sdRT_no": [0.008784704785501694, 0.019708634871710113, 0.021621517258132675, 0.2653038731198507], "RT_noNOK": [NaN, 1.15721793065814, 1.327848725600898, 1.4893530954250116], "sdRT_noNOK": [NaN, NaN, 0.0, 0.3162904087529942], "Doptout": [0.0, 5.0, 5.0, 20.0], "Dse_optout": [0.0, 4.873397172404482, 4.873397172404482, 8.944271909999161], "Soptout": [10.0, 0.0, 25.0, 35.0], "Sse_optout": [6.708203932499369, 0.0, 9.682458365518542, 10.66536450385077]}