{"Dperf_oo": [90.0, 95.0, 75.0, 60.0], "Dse_perf_oo": [6.708203932499368, 4.873397172404484, 9.682458365518542, 10.954451150103322], "Sperf_oo": [70.0, 90.0, 75.0, 60.0], "Sse_perf_oo": [10.2469507659596, 6.708203932499368, 9.682458365518542, 10.954451150103322], "perf_no": [100.0, 85.0, 80.0, 50.0], "se_perf_no": [0.0, 7.984359711335657, 8.944271909999157, 11.180339887498949], "Dn_trials_oo": [20, 20, 20, 20], "Sn_trials_oo": [20, 20, 20, 20], "NOn_trials": [20, 20, 20, 20], "DRT_oo": [NaN, NaN, NaN, NaN], "DsdRT_oo": [NaN, NaN, NaN, NaN], "SRT_oo": [NaN, NaN, NaN, NaN], "SsdRT_oo": [NaN, NaN, NaN, NaN], "DRT_OKoo": [0.9380956850725128, 0.9043494586507413, 0.9360600415196525, 1.1678961229619071], "DsdRT_OKoo": [0.051311654740409635, 0.04563323997468505, 0.04825720379164706, 0.09928594821303774], "SRT_OKoo": [0.9784330485706739, 1.019195327907219, 1.0367453420628425, 1.1137341706621857], "SsdRT_OKoo": [0.008774935477263901, 0.02739143917935449, 0.060328847426302665, 0.1170298923881327], "RT_no": [0.9355708942969178, 0.9670789010002878, 0.9956026147074433, 1.0675764478502345], "sdRT_no": [0.026589029586233198, 0.027578155762538928, 0.0330716682538541, 0.020930079040924275], "RT_noNOK": [NaN, 1.1653762728761992, 0.999836950791543, 1.0147435928976831], "sdRT_noNOK": [NaN, 0.0, 0.041258837967987134, 0.02267880316795915], "Doptout": [0.0, 0.0, 0.0, 0.0], "Dse_optout": [0.0, 0.0, 0.0, 0.0], "Soptout": [0.0, 0.0, 0.0, 0.0], "Sse_optout": [0.0, 0.0, 0.0, 0.0]}