{"Hno": -0.008085076216267499, "Sigma": 0.030849697879829302, "signed_st": [-0.14, -0.1, -0.06, -0.02, 0.02, 0.06, 0.1, 0.14], "m_right_No": [0.0, 0.0, 0.4, 0.1, 0.9, 0.8, 1.0, 1.0], "se_right_No": [0.0, 0.0, 0.15491933384829668, 0.09486832980505139, 0.09486832980505137, 0.12649110640673517, 0.0, 0.0], "x_lr": [-0.2, -0.19, -0.18, -0.16999999999999998, -0.15999999999999998, -0.14999999999999997, -0.13999999999999996, -0.12999999999999995, -0.11999999999999994, -0.10999999999999993, -0.09999999999999992, -0.08999999999999991, -0.0799999999999999, -0.0699999999999999, -0.05999999999999989, -0.04999999999999988, -0.03999999999999987, -0.02999999999999986, -0.01999999999999985, -0.009999999999999842, 1.6653345369377348e-16, 0.010000000000000175, 0.020000000000000184, 0.030000000000000193, 0.0400000000000002, 0.05000000000000021, 0.06000000000000022, 0.07000000000000023, 0.08000000000000024, 0.09000000000000025, 0.10000000000000026, 0.11000000000000026, 0.12000000000000027, 0.13000000000000028, 0.1400000000000003, 0.1500000000000003, 0.1600000000000003, 0.17000000000000032, 0.18000000000000033, 0.19000000000000034], "y_lr_no": [0.001983382769919231, 0.002740655359535742, 0.003785964309629048, 0.0052278728375463185, 0.00721496414928237, 0.009949785654486655, 0.013706924939400303, 0.0188557776920447, 0.02588797327906325, 0.03544804747562979, 0.0483632467654838, 0.0656636521463638, 0.08857669410997704, 0.1184713451363207, 0.1567205510081556, 0.204454623954838, 0.26220690103376676, 0.32951548536826814, 0.40462639053383664, 0.484486807821831, 0.5651474325502216, 0.6425000964433911, 0.713078766844871, 0.774611571096247, 0.8261651128479026, 0.8679371096818667, 0.900875755166397, 0.9262966012524702, 0.9455918904959265, 0.9600535838316773, 0.9707900954372656, 0.9787049320446047, 0.9845093531909149, 0.9887498429472462, 0.9918391414021166, 0.9940851917967566, 0.9957157491594032, 0.9968982072154927, 0.9977550413332318, 0.9983755706921182], "score_no": 0.9, "mean_perf_no": 90.0, "mse_no": 0.033424049177114314}