{"Hno": 0.016840971715288568, "Sigma": 0.04376904318591315, "signed_st": [-0.14, -0.1, -0.06, -0.02, 0.02, 0.06, 0.1, 0.14], "m_right_No": [0.0, 0.0, 0.1, 0.5, 0.6, 0.7, 0.7, 1.0], "se_right_No": [0.0, 0.0, 0.09486832980505139, 0.15811388300841897, 0.15491933384829668, 0.14491376746189438, 0.14491376746189438, 0.0], "x_lr": [-0.2, -0.19, -0.18, -0.16999999999999998, -0.15999999999999998, -0.14999999999999997, -0.13999999999999996, -0.12999999999999995, -0.11999999999999994, -0.10999999999999993, -0.09999999999999992, -0.08999999999999991, -0.0799999999999999, -0.0699999999999999, -0.05999999999999989, -0.04999999999999988, -0.03999999999999987, -0.02999999999999986, -0.01999999999999985, -0.009999999999999842, 1.6653345369377348e-16, 0.010000000000000175, 0.020000000000000184, 0.030000000000000193, 0.0400000000000002, 0.05000000000000021, 0.06000000000000022, 0.07000000000000023, 0.08000000000000024, 0.09000000000000025, 0.10000000000000026, 0.11000000000000026, 0.12000000000000027, 0.13000000000000028, 0.1400000000000003, 0.1500000000000003, 0.1600000000000003, 0.17000000000000032, 0.18000000000000033, 0.19000000000000034], "y_lr_no": [0.007004254458211702, 0.00878629832058729, 0.011016705108156296, 0.013805416141921973, 0.01728770720582424, 0.0216291101680022, 0.027030766350855596, 0.03373491787921949, 0.04203000101607786, 0.05225445977166411, 0.06479793842631598, 0.08009795670813412, 0.09862959895420643, 0.12088533537550047, 0.14734215221599922, 0.1784141472642121, 0.21439113843354585, 0.2553679115551627, 0.3011741335798437, 0.3513202374704927, 0.40497718507416813, 0.46100509183227084, 0.5180359075084982, 0.5746006556108357, 0.6292775875459963, 0.6808304610871819, 0.7283095641677579, 0.7711003547320925, 0.8089198445716099, 0.8417728855367529, 0.8698859562094111, 0.8936351838650884, 0.9134807013161756, 0.9299138491779253, 0.9434190771534935, 0.954449394057204, 0.9634127700410868, 0.97066655459945, 0.9765172576501316, 0.9812235819190473], "score_no": 0.8, "mean_perf_no": 80.0, "mse_no": 0.014380770419442702}