{"Hno": 0.01204465516615401, "Sigma": 0.025623945853124337, "signed_st": [-0.14, -0.1, -0.06, -0.02, 0.02, 0.06, 0.1, 0.14], "m_right_No": [0.0, 0.1, 0.1, 0.1, 0.4, 1.0, 1.0, 1.0], "se_right_No": [0.0, 0.09486832980505139, 0.09486832980505139, 0.09486832980505139, 0.15491933384829668, 0.0, 0.0, 0.0], "x_lr": [-0.2, -0.19, -0.18, -0.16999999999999998, -0.15999999999999998, -0.14999999999999997, -0.13999999999999996, -0.12999999999999995, -0.11999999999999994, -0.10999999999999993, -0.09999999999999992, -0.08999999999999991, -0.0799999999999999, -0.0699999999999999, -0.05999999999999989, -0.04999999999999988, -0.03999999999999987, -0.02999999999999986, -0.01999999999999985, -0.009999999999999842, 1.6653345369377348e-16, 0.010000000000000175, 0.020000000000000184, 0.030000000000000193, 0.0400000000000002, 0.05000000000000021, 0.06000000000000022, 0.07000000000000023, 0.08000000000000024, 0.09000000000000025, 0.10000000000000026, 0.11000000000000026, 0.12000000000000027, 0.13000000000000028, 0.1400000000000003, 0.1500000000000003, 0.1600000000000003, 0.17000000000000032, 0.18000000000000033, 0.19000000000000034], "y_lr_no": [0.0002546785220379243, 0.0003762073452323377, 0.0005556956910707447, 0.0008207475313271339, 0.0012120686246695493, 0.0017896320359745046, 0.002641682556995308, 0.003897813485908238, 0.0057477976152049215, 0.008468358395054793, 0.012460483108194897, 0.01829982810776434, 0.02680139303897036, 0.03909524830108079, 0.05669977290878423, 0.08155874071937647, 0.11597666140461128, 0.16235153984679165, 0.2226006931851657, 0.29727361731022584, 0.3846033063062867, 0.48006190210651467, 0.5769988200637995, 0.6683485409005296, 0.7485671894906921, 0.8147605755615093, 0.866632331729464, 0.9056605429629316, 0.9341356902507368, 0.9544482746802254, 0.9687063071632617, 0.978601524670772, 0.9854149360646296, 0.9900809030596949, 0.9932643647703565, 0.9954308328260721, 0.9969026451592525, 0.9979013593428582, 0.9985785063098982, 0.9990373759386786], "score_no": 0.888, "mean_perf_no": 88.75, "mse_no": 0.012452694396203334}