{"Hno": 0.004011107913396786, "Sigma": 0.024375888803424475, "signed_st": [-0.14, -0.1, -0.06, -0.02, 0.02, 0.06, 0.1, 0.14], "m_right_No": [0.0, 0.0, 0.0, 0.5, 0.5, 0.9, 1.0, 1.0], "se_right_No": [0.0, 0.0, 0.0, 0.15811388300841897, 0.15811388300841897, 0.09486832980505137, 0.0, 0.0], "x_lr": [-0.2, -0.19, -0.18, -0.16999999999999998, -0.15999999999999998, -0.14999999999999997, -0.13999999999999996, -0.12999999999999995, -0.11999999999999994, -0.10999999999999993, -0.09999999999999992, -0.08999999999999991, -0.0799999999999999, -0.0699999999999999, -0.05999999999999989, -0.04999999999999988, -0.03999999999999987, -0.02999999999999986, -0.01999999999999985, -0.009999999999999842, 1.6653345369377348e-16, 0.010000000000000175, 0.020000000000000184, 0.030000000000000193, 0.0400000000000002, 0.05000000000000021, 0.06000000000000022, 0.07000000000000023, 0.08000000000000024, 0.09000000000000025, 0.10000000000000026, 0.11000000000000026, 0.12000000000000027, 0.13000000000000028, 0.1400000000000003, 0.1500000000000003, 0.1600000000000003, 0.17000000000000032, 0.18000000000000033, 0.19000000000000034], "y_lr_no": [0.00023180521447771523, 0.00034933149616313774, 0.0005264127546180229, 0.0007931878744730136, 0.0011949974752060032, 0.0017999873312891741, 0.00271043346947749, 0.004079507568534924, 0.006135863540273263, 0.009219170912238337, 0.013830297620034175, 0.020699574208715946, 0.030873890635930726, 0.04581515703360342, 0.06748367249377576, 0.0983441779159763, 0.14118067942828147, 0.19856670933140658, 0.271893838004765, 0.36013143535295244, 0.45895450720980735, 0.561115177877254, 0.6583456692506742, 0.7438682701007893, 0.8140302546497536, 0.8683736632430602, 0.9086196766753774, 0.937446522700515, 0.9576039603848021, 0.9714635294134816, 0.9808827570759739, 0.9872337729519574, 0.9914931906944452, 0.9943396132654947, 0.9962372225840467, 0.9975002695094389, 0.9983400574236826, 0.9988980291029609, 0.9992685820687257, 0.9995145920214672], "score_no": 0.862, "mean_perf_no": 86.25, "mse_no": 0.013718728007104152}