{"HRopt_": 0.03632149405833738, "SO_HRopt_": 0.07154303787007855, "xhat": [-0.2, -0.15000000000000002, -0.10000000000000003, -0.050000000000000044, -5.551115123125783e-17, 0.04999999999999993, 0.09999999999999992, 0.1499999999999999], "theo_pR": [0.010004068409931288, 0.04067588284392165, 0.12310647284434173, 0.282206958159415, 0.5027931173201331, 0.7225054039877129, 0.8797222937488783, 0.9605324721482181], "partid": 3071, "sessionid": 12, "part_sessid": "3071_12"}