{"Dperf_oo": [100.0, 70.58823529411765, 77.77777777777777], "Dse_perf_oo": [0.0, 11.051016901502637, 9.799078929868855], "Sperf_oo": [100.0, 57.89473684210526, 78.94736842105263], "Sse_perf_oo": [0.0, 11.32689656524148, 9.352877017248828], "perf_no": [100.0, 65.0, 65.0], "se_perf_no": [0.0, 10.66536450385077, 10.66536450385077], "Dn_trials_oo": [20, 17, 18], "Sn_trials_oo": [20, 19, 19], "NOn_trials": [20, 20, 20], "DRT_oo": [NaN, 1.6559371611238582, 1.7387484800160828], "DsdRT_oo": [NaN, 0.0, 0.0], "SRT_oo": [NaN, 1.4411871036425545, 1.3520491669395365], "SsdRT_oo": [NaN, NaN, NaN], "DRT_OKoo": [0.9904558451965166, 1.0922930292547406, 1.0233476847220513], "DsdRT_OKoo": [0.031374611780480614, 0.03597446582640744, 0.029662628520749555], "SRT_OKoo": [0.9661682059028437, 0.9497945903393649, 0.949032109657539], "SsdRT_OKoo": [0.014024712423029504, 0.07968466237604961, 0.022206924083376003], "RT_no": [0.9902422191209903, 0.9773359187349372, 0.9892201005917589], "sdRT_no": [0.016823970424137396, 0.03482269347347514, 0.014008738193611205], "RT_noNOK": [NaN, 0.9980806521295564, 0.9749630263051619], "sdRT_noNOK": [NaN, 0.014904234698020206, 0.10021509932183303], "Doptout": [0.0, 15.0, 10.0], "Dse_optout": [0.0, 7.984359711335657, 6.708203932499369], "Soptout": [0.0, 5.0, 5.0], "Sse_optout": [0.0, 4.873397172404482, 4.873397172404482]}