{"Dperf_oo": [100.0, 100.0, NaN], "Dse_perf_oo": [0.0, 0.0, NaN], "Sperf_oo": [NaN, NaN, NaN], "Sse_perf_oo": [NaN, NaN, NaN], "perf_no": [95.0, 55.0, 65.0], "se_perf_no": [4.873397172404484, 11.124297730643494, 10.66536450385077], "Dn_trials_oo": [2, 1, 0], "Sn_trials_oo": [0, 0, 0], "NOn_trials": [20, 20, 20], "DRT_oo": [1.0292544559543406, 1.0588402347599897, 0.988041949531558], "DsdRT_oo": [0.029581009789603763, 0.03249850026902118, 0.02270628807931274], "SRT_oo": [0.9817265301588701, 0.9813715413959367, 1.0091891380211344], "SsdRT_oo": [0.06338636455159428, 0.020469535516501398, 0.03334839130398095], "DRT_OKoo": [1.1780015146103346, 0.8790874421777366, NaN], "DsdRT_OKoo": [0.0, NaN, NaN], "SRT_OKoo": [NaN, NaN, NaN], "SsdRT_OKoo": [NaN, NaN, NaN], "RT_no": [1.0042733886892985, 1.0032388499660183, 1.0310632082844686], "sdRT_no": [0.034658916814384544, 0.009524870710511345, 0.031068922652326986], "RT_noNOK": [1.2684458929477371, 0.9304830552050969, 0.9287655857092817], "sdRT_noNOK": [NaN, 0.015324284062131934, 0.11798925842881891], "Doptout": [90.0, 95.0, 100.0], "Dse_optout": [6.708203932499368, 4.873397172404484, 0.0], "Soptout": [100.0, 100.0, 100.0], "Sse_optout": [0.0, 0.0, 0.0]}