{"Hno": -0.0007617668538181252, "Sigma": 0.1616628579464503, "signed_st": [-0.21999999999999997, -0.14, -0.06000000000000005, 0.06000000000000005, 0.14, 0.21999999999999997], "m_right_No": [0.0, 0.4, 0.3, 0.6, 0.7, 1.0], "se_right_No": [0.0, 0.15491933384829668, 0.14491376746189438, 0.15491933384829668, 0.14491376746189438, 0.0], "x_lr": [-1.0, -0.9, -0.8, -0.7000000000000001, -0.6000000000000001, -0.5000000000000001, -0.40000000000000013, -0.30000000000000016, -0.20000000000000018, -0.1000000000000002, -2.220446049250313e-16, 0.09999999999999964, 0.19999999999999973, 0.2999999999999998, 0.3999999999999997, 0.49999999999999956, 0.5999999999999996, 0.6999999999999997, 0.7999999999999996, 0.8999999999999995, 0.9999999999999996], "y_pr_no": [3.184827329134329e-10, 1.3302234140234843e-08, 3.8295726931684636e-07, 7.616675294206267e-06, 0.00010498226052453535, 0.001007053233472553, 0.006763720271443475, 0.032084650593133875, 0.10889416101663613, 0.269654185600614, 0.5018798373667503, 0.733450829727784, 0.8928548968278501, 0.9685873529241448, 0.9934123823695636, 0.999024423317701, 0.9998988551243834, 0.9999927024127516, 0.9999996351399836, 0.9999999873978362, 0.9999999996999885], "pearson_chi2": 54.088210794303436, "mean_perf_no": 76.66666666666667, "mse_no": 0.012393888934693967}