{"Hno": 0.052069193775477335, "Sigma": 0.28521768558538196, "signed_st": [-0.19999999999999996, -0.12, -0.040000000000000036, 0.040000000000000036, 0.12, 0.19999999999999996], "m_right_No": [0.2, 0.3, 0.5, 0.3, 0.4, 0.9], "se_right_No": [0.1264911064067352, 0.14491376746189438, 0.15811388300841897, 0.14491376746189438, 0.15491933384829668, 0.09486832980505137], "x_lr": [-1.0, -0.9, -0.8, -0.7000000000000001, -0.6000000000000001, -0.5000000000000001, -0.40000000000000013, -0.30000000000000016, -0.20000000000000018, -0.1000000000000002, -2.220446049250313e-16, 0.09999999999999964, 0.19999999999999973, 0.2999999999999998, 0.3999999999999997, 0.49999999999999956, 0.5999999999999996, 0.6999999999999997, 0.7999999999999996, 0.8999999999999995, 0.9999999999999996], "y_pr_no": [0.00011272203048940627, 0.0004218518880035601, 0.0014066472155290736, 0.00418429657872451, 0.011120816947586055, 0.02645795949300064, 0.05648350086199292, 0.10852924104103501, 0.1884079584579924, 0.2969583410635102, 0.42757183817298816, 0.5667279923414565, 0.6980008270872615, 0.807649910162444, 0.8887444540915639, 0.9418491283610928, 0.9726402526274495, 0.9884478715464668, 0.9956332751530745, 0.9985251177102102, 0.9995555777958027], "pearson_chi2": 59.928534317857824, "mean_perf_no": 60.0, "mse_no": 0.021483276737449406}