{"Hno": 0.04534318431968811, "Sigma": 0.12189417530749982, "signed_st": [-0.21999999999999997, -0.14, -0.06000000000000005, 0.06000000000000005, 0.14, 0.21999999999999997], "m_right_No": [0.0, 0.4, 0.3, 0.4, 0.5, 1.0], "se_right_No": [0.0, 0.15491933384829668, 0.14491376746189438, 0.15491933384829668, 0.15811388300841897, 0.0], "x_lr": [-1.0, -0.9, -0.8, -0.7000000000000001, -0.6000000000000001, -0.5000000000000001, -0.40000000000000013, -0.30000000000000016, -0.20000000000000018, -0.1000000000000002, -2.220446049250313e-16, 0.09999999999999964, 0.19999999999999973, 0.2999999999999998, 0.3999999999999997, 0.49999999999999956, 0.5999999999999996, 0.6999999999999997, 0.7999999999999996, 0.8999999999999995, 0.9999999999999996], "y_lr_no": [0.0001885751128599499, 0.0004282214330406291, 0.0009721206216933188, 0.0022053212629687484, 0.004995098250227059, 0.01127412505642522, 0.02524586001909106, 0.05555943820786198, 0.117870157236354, 0.23283499922371542, 0.4080607107468558, 0.6102577132588147, 0.7805337256038003, 0.8898454210290248, 0.948316359813598, 0.9765677445184233, 0.9895465460119842, 0.9953706471834127, 0.9979565737818283, 0.9990993255347012, 0.9996032666422636], "score_no": 0.7, "mean_perf_no": 70.0, "mse_no": 0.024546763546448313}