{"HRopt_": 0.9181878054146698, "SO_HRopt_": 2.041694342935036, "xhat": [-0.5, -0.45, -0.4, -0.35000000000000003, -0.30000000000000004, -0.25000000000000006, -0.20000000000000007, -0.15000000000000008, -0.10000000000000009, -0.0500000000000001, -1.1102230246251565e-16, 0.04999999999999982, 0.09999999999999987, 0.1499999999999999, 0.19999999999999984, 0.24999999999999978, 0.2999999999999998, 0.34999999999999987, 0.3999999999999998, 0.44999999999999973], "theo_pR": [0.4649626542544396, 0.47223509125223717, 0.479516796672641, 0.48680534479884857, 0.49409830305711266, 0.5013932344521012, 0.5086877000096438, 0.5159792612227857, 0.5232654824970612, 0.5305439335908989, 0.5378121920470862, 0.5450678456112363, 0.5523084946332366, 0.5595317544476921, 0.5667352577294316, 0.5739166568201973, 0.5810736260227107, 0.5882038638583773, 0.5953050952849842, 0.6023750738708309], "partid": 1001, "sessionid": 19, "part_sessid": "1001_19"}