{"H_st": 0.08976938272988885, "st_sigma": 0.15458804187674127, "signed_stair": [-0.7, -0.45999999999999996, -0.30000000000000004, -0.24, -0.21999999999999997, -0.20999999999999996, -0.19999999999999996, -0.18999999999999995, -0.18000000000000005, -0.16000000000000003, -0.15000000000000002, -0.14, -0.13, 0.12, 0.14, 0.15000000000000002, 0.16000000000000003, 0.17000000000000004, 0.18000000000000005, 0.18999999999999995, 0.19999999999999996, 0.21999999999999997, 0.26, 0.33999999999999997, 0.38, 0.42000000000000004, 0.5, 0.54, 0.5800000000000001, 0.62, 0.6599999999999999], "m_right": [NaN, 0.0, 0.0, 0.0, 0.0, 0.0, 0.0, 0.0, 0.5, 0.0, 0.0, 0.5, 0.5, 0.0, 0.0, 1.0, 0.5, 1.0, 0.75, 1.0, 0.0, 0.6, 1.0, 1.0, 1.0, 1.0, 1.0, 1.0, NaN, NaN, NaN], "se_right": [NaN, 0.0, 0.0, 0.0, 0.0, 0.0, 0.0, 0.0, 0.25, 0.0, 0.0, 0.25, 0.3535533905932738, 0.0, 0.0, 0.0, 0.3535533905932738, 0.0, 0.21650635094610965, 0.0, 0.0, 0.21908902300206645, 0.0, 0.0, 0.0, 0.0, 0.0, 0.0, NaN, NaN, NaN], "x_lr": [-1.0, -0.9, -0.8, -0.7000000000000001, -0.6000000000000001, -0.5000000000000001, -0.40000000000000013, -0.30000000000000016, -0.20000000000000018, -0.1000000000000002, -2.220446049250313e-16, 0.09999999999999964, 0.19999999999999973, 0.2999999999999998, 0.3999999999999997, 0.49999999999999956, 0.5999999999999996, 0.6999999999999997, 0.7999999999999996, 0.8999999999999995, 0.9999999999999996], "y_lr": [0.0008670847716147599, 0.0016544583380761193, 0.0031545646860245513, 0.006006642094453005, 0.011407805559886429, 0.02156034175420055, 0.04037921748560298, 0.07437547727283092, 0.13302629610074312, 0.22660504271856635, 0.35877138062923764, 0.5165389327603142, 0.6710770523246816, 0.795750109566938, 0.8815114408959034, 0.9342388034957098, 0.9644487954932384, 0.9810619646444098, 0.9899923145351571, 0.9947341052770399, 0.9972354388066503], "score": 0.75}