{"H_st": -0.037547883742787336, "st_sigma": 0.14855232658284387, "signed_stair": [-0.6599999999999999, -0.45999999999999996, -0.42000000000000004, -0.33999999999999997, -0.26, -0.21999999999999997, -0.18999999999999995, -0.18000000000000005, -0.17000000000000004, -0.16000000000000003, -0.15000000000000002, -0.14, -0.09999999999999998, 0.09999999999999998, 0.13, 0.14, 0.15000000000000002, 0.16000000000000003, 0.17000000000000004, 0.18000000000000005, 0.19999999999999996, 0.21999999999999997, 0.30000000000000004, 0.38, 0.5, 0.54, 0.5800000000000001, 0.62, 0.7], "m_right": [NaN, 0.0, 0.0, 0.0, 0.0, 0.0, 0.0, 0.14285714285714285, 0.0, 0.4, 1.0, 0.7142857142857143, 0.0, 0.0, 0.0, 0.5, 1.0, 1.0, 1.0, 0.6, 1.0, 1.0, 1.0, 1.0, 1.0, 1.0, NaN, NaN, NaN], "se_right": [NaN, 0.0, 0.0, 0.0, 0.0, 0.0, 0.0, 0.13226001425322165, 0.0, 0.21908902300206645, 0.0, 0.17074694419062766, 0.0, 0.0, 0.0, 0.3535533905932738, 0.0, 0.0, 0.0, 0.21908902300206645, 0.0, 0.0, 0.0, 0.0, 0.0, 0.0, NaN, NaN, NaN], "x_lr": [-1.0, -0.9, -0.8, -0.7000000000000001, -0.6000000000000001, -0.5000000000000001, -0.40000000000000013, -0.30000000000000016, -0.20000000000000018, -0.1000000000000002, -2.220446049250313e-16, 0.09999999999999964, 0.19999999999999973, 0.2999999999999998, 0.3999999999999997, 0.49999999999999956, 0.5999999999999996, 0.6999999999999997, 0.7999999999999996, 0.8999999999999995, 0.9999999999999996], "y_lr": [0.0015331812650218044, 0.00300127403919472, 0.005866874187780518, 0.011437146876649344, 0.022178100760483176, 0.04257179775548352, 0.08018063719918905, 0.14594923509828273, 0.25094693867191514, 0.39641988087786545, 0.5628553788527763, 0.7162472382640531, 0.8318905439265492, 0.9065524909362903, 0.9500462233035504, 0.973879725571515, 0.9865035398341025, 0.993069735749319, 0.9964528820184108, 0.9981874925156666, 0.9990746320896863], "score": 0.732}