{"H_st": 0.09990467138170415, "st_sigma": 0.12314574767035281, "signed_stair": [-0.7, -0.5, -0.45999999999999996, -0.42000000000000004, -0.38, -0.26, -0.21999999999999997, -0.18000000000000005, -0.17000000000000004, -0.16000000000000003, -0.15000000000000002, -0.14, -0.12, -0.09999999999999998, 0.09999999999999998, 0.10999999999999999, 0.12, 0.14, 0.15000000000000002, 0.16000000000000003, 0.17000000000000004, 0.18000000000000005, 0.21999999999999997, 0.30000000000000004, 0.33999999999999997, 0.54, 0.5800000000000001, 0.62, 0.6599999999999999], "m_right": [NaN, 0.0, 0.0, 0.0, 0.0, 0.0, 0.0, 0.0, 0.0, 0.0, 0.0, 0.25, 0.5, 0.3333333333333333, 0.0, 1.0, 0.0, 0.42857142857142855, 0.0, 0.75, 1.0, 1.0, 1.0, 1.0, 1.0, 1.0, NaN, NaN, NaN], "se_right": [NaN, 0.0, 0.0, 0.0, 0.0, 0.0, 0.0, 0.0, 0.0, 0.0, 0.0, 0.21650635094610965, 0.25, 0.2721655269759087, 0.0, 0.0, 0.0, 0.1870439059165649, 0.0, 0.21650635094610965, 0.0, 0.0, 0.0, 0.0, 0.0, 0.0, NaN, NaN, NaN], "x_lr": [-1.0, -0.9, -0.8, -0.7000000000000001, -0.6000000000000001, -0.5000000000000001, -0.40000000000000013, -0.30000000000000016, -0.20000000000000018, -0.1000000000000002, -2.220446049250313e-16, 0.09999999999999964, 0.19999999999999973, 0.2999999999999998, 0.3999999999999997, 0.49999999999999956, 0.5999999999999996, 0.6999999999999997, 0.7999999999999996, 0.8999999999999995, 0.9999999999999996], "y_lr": [0.00013211167727672884, 0.0002975338652303756, 0.0006699488458984698, 0.0015078023875414927, 0.003389940478420646, 0.0076035961711199435, 0.016965615704952502, 0.03742008481161122, 0.080515490698195, 0.16474782744380076, 0.30761955078069025, 0.5001935280254057, 0.6927101068877697, 0.8354651069116549, 0.9195990541826724, 0.962635642030051, 0.9830601859437432, 0.9924080774893776, 0.9966152860984447, 0.9984945267108752, 0.9993310868893718], "score": 0.732}