{"Dperf_oo": [100.0, 95.0, 33.333333333333336], "Dse_perf_oo": [0.0, 4.873397172404484, 13.608276348795433], "Sperf_oo": [100.0, 100.0, 43.75], "Sse_perf_oo": [0.0, 0.0, 12.401959270615269], "perf_no": [100.0, 100.0, 60.0], "se_perf_no": [0.0, 0.0, 10.954451150103322], "Dn_trials_oo": [20, 20, 12], "Sn_trials_oo": [20, 19, 16], "NOn_trials": [20, 20, 20], "DRT_oo": [NaN, NaN, 1.4040610856292506], "DsdRT_oo": [NaN, NaN, 0.09387600443410714], "SRT_oo": [NaN, 2.7975861325421887, 1.363970565591249], "SsdRT_oo": [NaN, NaN, 0.0], "DRT_OKoo": [0.9794574956118751, 0.9518088611047626, 1.8231441854384225], "DsdRT_OKoo": [0.02348161591151475, 0.04708407783889397, 0.0], "SRT_OKoo": [0.9462883709503238, 0.9537916807451574, 0.9536562086018247], "SsdRT_OKoo": [0.048090125006327866, 0.05161450441405915, 0.07287786452730431], "RT_no": [1.004904707655418, 0.9261245727835049, 1.4019427937917581], "sdRT_no": [0.04494587603792166, 0.04250100050931352, 0.31135079848598035], "RT_noNOK": [NaN, NaN, 1.1653406816793488], "sdRT_noNOK": [NaN, NaN, 0.13081433677977639], "Doptout": [0.0, 0.0, 40.0], "Dse_optout": [0.0, 0.0, 10.954451150103322], "Soptout": [0.0, 5.0, 20.0], "Sse_optout": [0.0, 4.873397172404482, 8.944271909999161]}