{"Dperf_oo": [94.73684210526316, 100.0, 18.181818181818183], "Dse_perf_oo": [5.122781719918815, 0.0, 11.629129983033296], "Sperf_oo": [93.75, 100.0, 50.0], "Sse_perf_oo": [6.051536478449089, 0.0, 15.811388300841896], "perf_no": [85.0, 75.0, 45.0], "se_perf_no": [7.984359711335657, 9.682458365518542, 11.124297730643494], "Dn_trials_oo": [19, 15, 11], "Sn_trials_oo": [16, 12, 10], "NOn_trials": [20, 20, 20], "DRT_oo": [1.326719565099399, 1.0888113670064823, 1.1811053604297823], "DsdRT_oo": [NaN, 0.033505267875852326, 0.015703065188894087], "SRT_oo": [1.1545243388389994, 1.1427203149283154, 1.078000287042217], "SsdRT_oo": [0.1469747429035404, 0.030147091786228042, 0.04122304967079587], "DRT_OKoo": [0.8817547281929504, 0.8636854915960633, 0.847669510763394], "DsdRT_OKoo": [0.022688687546941748, 0.02360762656634707, 0.0], "SRT_OKoo": [0.9180835888952787, 0.9441315255337166, 1.1196365649374798], "SsdRT_OKoo": [0.011034975236389615, 0.08210354096180052, 0.05895568072335513], "RT_no": [0.9012064708240293, 1.041548406753862, 1.096655331288224], "sdRT_no": [0.041539841474189806, 0.10387450756698643, 0.19799570366943606], "RT_noNOK": [1.3556233139654932, 1.204537665968349, 1.2231136261777182], "sdRT_noNOK": [0.0, 0.012594864223782877, 0.11907890704108924], "Doptout": [5.0, 25.0, 45.0], "Dse_optout": [4.873397172404482, 9.682458365518542, 11.124297730643494], "Soptout": [20.0, 40.0, 50.0], "Sse_optout": [8.944271909999161, 10.954451150103322, 11.180339887498949]}