{"Hno": -0.2976746874667203, "Sigma": 0.8628450255332941, "signed_st": [-0.19999999999999996, -0.12, -0.040000000000000036, 0.040000000000000036, 0.12, 0.19999999999999996], "m_right_No": [0.4, 0.7, 0.9, 0.6, 0.2, 1.0], "se_right_No": [0.15491933384829668, 0.14491376746189438, 0.09486832980505137, 0.15491933384829668, 0.1264911064067352, 0.0], "x_lr": [-1.0, -0.9, -0.8, -0.7000000000000001, -0.6000000000000001, -0.5000000000000001, -0.40000000000000013, -0.30000000000000016, -0.20000000000000018, -0.1000000000000002, -2.220446049250313e-16, 0.09999999999999964, 0.19999999999999973, 0.2999999999999998, 0.3999999999999997, 0.49999999999999956, 0.5999999999999996, 0.6999999999999997, 0.7999999999999996, 0.8999999999999995, 0.9999999999999996], "y_pr_no": [0.20783261335400788, 0.24256704058621587, 0.28022498707794063, 0.3205084031279305, 0.3630260397315873, 0.40730374511947676, 0.4527998549630284, 0.49892487719772094, 0.5450642918549992, 0.5906030035370061, 0.6349498320650784, 0.6775604233032582, 0.7179571076195775, 0.7557445107565297, 0.7906200987908694, 0.8223792725842898, 0.8509150702401158, 0.8762129428259098, 0.8983414005945652, 0.9174395573699747, 0.9337027168489955], "pearson_chi2": 59.934058108575236, "mean_perf_no": 46.666666666666664, "mse_no": 0.07220747708560321}