{"Hno": -0.010767094142165633, "Sigma": 0.17541318786421536, "signed_st": [-0.22999999999999998, -0.15000000000000002, -0.06999999999999995, 0.06999999999999995, 0.15000000000000002, 0.22999999999999998], "m_right_No": [0.0, 0.3, 0.6, 0.4, 0.8, 1.0], "se_right_No": [0.0, 0.14491376746189438, 0.15491933384829668, 0.15491933384829668, 0.12649110640673517, 0.0], "x_lr": [-1.0, -0.9, -0.8, -0.7000000000000001, -0.6000000000000001, -0.5000000000000001, -0.40000000000000013, -0.30000000000000016, -0.20000000000000018, -0.1000000000000002, -2.220446049250313e-16, 0.09999999999999964, 0.19999999999999973, 0.2999999999999998, 0.3999999999999997, 0.49999999999999956, 0.5999999999999996, 0.6999999999999997, 0.7999999999999996, 0.8999999999999995, 0.9999999999999996], "y_pr_no": [8.529990263066565e-09, 1.9957596774962858e-07, 3.4092130653214835e-06, 4.261506424190743e-05, 0.00039096393170701187, 0.0026432961708836365, 0.013245099505902561, 0.049587507358483475, 0.140342058511992, 0.30548082719504244, 0.5244722381625911, 0.7361313739763624, 0.8852303513009958, 0.9617719204293058, 0.9904022289210286, 0.9982032031286237, 0.9997510435620445, 0.9999746047467194, 0.9999981000932838, 0.9999998960460019, 0.999999995848945], "pearson_chi2": 53.07846447699498, "mean_perf_no": 71.66666666666667, "mse_no": 0.026185781140120778}