{"Hno": -0.07893896013210472, "Sigma": 0.18503786569098699, "signed_st": [-0.20999999999999996, -0.13, -0.050000000000000044, 0.050000000000000044, 0.13, 0.20999999999999996], "m_right_No": [0.0, 0.5, 0.9, 0.8, 0.6, 1.0], "se_right_No": [0.0, 0.15811388300841897, 0.09486832980505137, 0.12649110640673517, 0.15491933384829668, 0.0], "x_lr": [-1.0, -0.9, -0.8, -0.7000000000000001, -0.6000000000000001, -0.5000000000000001, -0.40000000000000013, -0.30000000000000016, -0.20000000000000018, -0.1000000000000002, -2.220446049250313e-16, 0.09999999999999964, 0.19999999999999973, 0.2999999999999998, 0.3999999999999997, 0.49999999999999956, 0.5999999999999996, 0.6999999999999997, 0.7999999999999996, 0.8999999999999995, 0.9999999999999996], "y_pr_no": [3.2173887003711873e-07, 4.555570040479604e-06, 4.8730061669978805e-05, 0.00039482176198853033, 0.002431511960665941, 0.011436782042024874, 0.04136066709488152, 0.11610603710138584, 0.2564753483382143, 0.45469017770662273, 0.6651682074411795, 0.8332379034115116, 0.9341548367158685, 0.9797150780474917, 0.9951778656203899, 0.999122270047152, 0.9998783395778965, 0.9999872099295165, 0.9999989831640237, 0.9999999390018167, 0.9999999972436882], "pearson_chi2": 59.66281237675317, "mean_perf_no": 66.66666666666666, "mse_no": 0.04363964042427038}