{"Hno": -0.040552281010841684, "Sigma": 0.14444945288985617, "signed_st": [-0.22999999999999998, -0.15000000000000002, -0.06999999999999995, 0.06999999999999995, 0.15000000000000002, 0.22999999999999998], "m_right_No": [0.1, 0.0, 0.9, 0.4, 1.0, 1.0], "se_right_No": [0.09486832980505139, 0.0, 0.09486832980505137, 0.15491933384829668, 0.0, 0.0], "x_lr": [-1.0, -0.9, -0.8, -0.7000000000000001, -0.6000000000000001, -0.5000000000000001, -0.40000000000000013, -0.30000000000000016, -0.20000000000000018, -0.1000000000000002, -2.220446049250313e-16, 0.09999999999999964, 0.19999999999999973, 0.2999999999999998, 0.3999999999999997, 0.49999999999999956, 0.5999999999999996, 0.6999999999999997, 0.7999999999999996, 0.8999999999999995, 0.9999999999999996], "y_pr_no": [1.5462245534858187e-11, 1.3422174672690903e-09, 7.300047835252949e-08, 2.4945091501750452e-06, 5.375956985322229e-05, 0.0007346450535429877, 0.006416003339291674, 0.03623817524929008, 0.1348333250328178, 0.3403357934240334, 0.6105438697015855, 0.8347284468709398, 0.9520739597766257, 0.9908029497949197, 0.9988553038207459, 0.9999087756380465, 0.9999953843814523, 0.9999998525853232, 0.9999999970400754, 0.9999999999627459, 0.9999999999997067], "pearson_chi2": 50.07990883733777, "mean_perf_no": 73.33333333333333, "mse_no": 0.07233779176494824}