{"Hno": -0.02186494597401223, "Sigma": 0.09616346987518071, "signed_st": [-0.22999999999999998, -0.15000000000000002, -0.06999999999999995, 0.06999999999999995, 0.15000000000000002, 0.22999999999999998], "m_right_No": [0.1, 0.2, 0.5, 0.5, 0.9, 1.0], "se_right_No": [0.09486832980505139, 0.1264911064067352, 0.15811388300841897, 0.15811388300841897, 0.09486832980505137, 0.0], "x_lr": [-1.0, -0.9, -0.8, -0.7000000000000001, -0.6000000000000001, -0.5000000000000001, -0.40000000000000013, -0.30000000000000016, -0.20000000000000018, -0.1000000000000002, -2.220446049250313e-16, 0.09999999999999964, 0.19999999999999973, 0.2999999999999998, 0.3999999999999997, 0.49999999999999956, 0.5999999999999996, 0.6999999999999997, 0.7999999999999996, 0.8999999999999995, 0.9999999999999996], "y_lr_no": [3.8240141778338066e-05, 0.00010817083470363006, 0.0003059463879842532, 0.0008650146199124906, 0.0024431941352552953, 0.006880860495337675, 0.01922350218859322, 0.052534766218240034, 0.1355891101165691, 0.3073530695373083, 0.5565995383026462, 0.7802748189865922, 0.9094686659176321, 0.9660084442411567, 0.9877142861742919, 0.9956223339349897, 0.9984481403107218, 0.9994508799081246, 0.9998058217954114, 0.9999313510427124, 0.9999757321020206], "score_no": 0.767, "mean_perf_no": 76.66666666666667, "mse_no": 0.01182919155064316}