{"Hno": 0.09171088123849751, "Sigma": 0.09143634219029247, "signed_st": [-0.24, -0.16000000000000003, -0.07999999999999996, 0.07999999999999996, 0.16000000000000003, 0.24], "m_right_No": [0.0, 0.0, 0.3, 0.4, 0.6, 0.9], "se_right_No": [0.0, 0.0, 0.14491376746189438, 0.15491933384829668, 0.15491933384829668, 0.09486832980505137], "x_lr": [-1.0, -0.9, -0.8, -0.7000000000000001, -0.6000000000000001, -0.5000000000000001, -0.40000000000000013, -0.30000000000000016, -0.20000000000000018, -0.1000000000000002, -2.220446049250313e-16, 0.09999999999999964, 0.19999999999999973, 0.2999999999999998, 0.3999999999999997, 0.49999999999999956, 0.5999999999999996, 0.6999999999999997, 0.7999999999999996, 0.8999999999999995, 0.9999999999999996], "y_lr_no": [6.526893117798764e-06, 1.9483639907686582e-05, 5.815974820435397e-05, 0.00017359675342785917, 0.0005180374763692546, 0.0015448417708661013, 0.004597517373367345, 0.013600248208336647, 0.039531756437851354, 0.10942191821087296, 0.26835150066868807, 0.5226481243429331, 0.7657221513014739, 0.9070358993667178, 0.9668059022699704, 0.9886293354449602, 0.9961619283885113, 0.9987109975420779, 0.9995678276656327, 0.9998551853245947, 0.9999514839784255], "score_no": 0.8, "mean_perf_no": 76.66666666666667, "mse_no": 0.007880509524854187}