{"Hno": -0.29794821671932453, "Sigma": 0.5366863723859675, "signed_st": [-0.19999999999999996, -0.12, -0.040000000000000036, 0.040000000000000036, 0.12, 0.19999999999999996], "m_right_No": [0.4, 0.7, 0.9, 0.6, 0.2, 1.0], "se_right_No": [0.15491933384829668, 0.14491376746189438, 0.09486832980505137, 0.15491933384829668, 0.1264911064067352, 0.0], "x_lr": [-1.0, -0.9, -0.8, -0.7000000000000001, -0.6000000000000001, -0.5000000000000001, -0.40000000000000013, -0.30000000000000016, -0.20000000000000018, -0.1000000000000002, -2.220446049250313e-16, 0.09999999999999964, 0.19999999999999973, 0.2999999999999998, 0.3999999999999997, 0.49999999999999956, 0.5999999999999996, 0.6999999999999997, 0.7999999999999996, 0.8999999999999995, 0.9999999999999996], "y_lr_no": [0.21280110496230836, 0.24567858690411137, 0.2818171252699514, 0.3210093065354897, 0.36289781991177383, 0.40697611402921896, 0.4526048171071293, 0.4990442365936534, 0.545500151743134, 0.5911772175807707, 0.635332528557128, 0.6773218522517891, 0.7166327510948661, 0.7529016761799655, 0.7859152294796791, 0.8155983020108288, 0.8419932174812441, 0.8652342929170258, 0.8855216438403476, 0.9030970171758762, 0.9182233001625772], "score_no": 0.633, "mean_perf_no": 46.666666666666664, "mse_no": 0.07221883511113954}