{"Hno": -0.032131932248845536, "Sigma": 0.07104243447735419, "signed_st": [-0.22999999999999998, -0.15000000000000002, -0.06999999999999995, 0.06999999999999995, 0.15000000000000002, 0.22999999999999998], "m_right_No": [0.0, 0.1, 0.6, 0.7, 0.9, 1.0], "se_right_No": [0.0, 0.09486832980505139, 0.15491933384829668, 0.14491376746189438, 0.09486832980505137, 0.0], "x_lr": [-1.0, -0.9, -0.8, -0.7000000000000001, -0.6000000000000001, -0.5000000000000001, -0.40000000000000013, -0.30000000000000016, -0.20000000000000018, -0.1000000000000002, -2.220446049250313e-16, 0.09999999999999964, 0.19999999999999973, 0.2999999999999998, 0.3999999999999997, 0.49999999999999956, 0.5999999999999996, 0.6999999999999997, 0.7999999999999996, 0.8999999999999995, 0.9999999999999996], "y_lr_no": [1.2113158528897165e-06, 4.949630524450122e-06, 2.0224749497810252e-05, 8.26367157244489e-05, 0.0003375820201042425, 0.001377983707861866, 0.005606838914611259, 0.022520833703513675, 0.08604375636092598, 0.27781672531028684, 0.6111840640937256, 0.8652854696127892, 0.963297271023586, 0.9907617385378293, 0.9977232564512104, 0.9994418581986187, 0.9998633496775217, 0.99996655443922, 0.9999918147405682, 0.9999979968285125, 0.999999509767857], "score_no": 0.817, "mean_perf_no": 81.66666666666667, "mse_no": 0.012173365321803726}