{"Hno": 0.1192382111893353, "Sigma": 0.14293714973290306, "signed_st": [-0.24, -0.16000000000000003, -0.07999999999999996, 0.07999999999999996, 0.16000000000000003, 0.24], "m_right_No": [0.0, 0.1, 0.4, 0.3, 0.6, 0.7], "se_right_No": [0.0, 0.09486832980505139, 0.15491933384829668, 0.14491376746189438, 0.15491933384829668, 0.14491376746189438], "x_lr": [-1.0, -0.9, -0.8, -0.7000000000000001, -0.6000000000000001, -0.5000000000000001, -0.40000000000000013, -0.30000000000000016, -0.20000000000000018, -0.1000000000000002, -2.220446049250313e-16, 0.09999999999999964, 0.19999999999999973, 0.2999999999999998, 0.3999999999999997, 0.49999999999999956, 0.5999999999999996, 0.6999999999999997, 0.7999999999999996, 0.8999999999999995, 0.9999999999999996], "y_lr_no": [0.0003973553546475384, 0.0007995401423339752, 0.0016081429557146861, 0.0032318689430921306, 0.006484406900859562, 0.012967698711059359, 0.02576506367851797, 0.05054496467502735, 0.09678954049995017, 0.17743714410784833, 0.3027576749664531, 0.46640267767762916, 0.6376123693850155, 0.7798211230989671, 0.8769902718581591, 0.9348589438648968, 0.9665424849419187, 0.9830943467183088, 0.9915295507141603, 0.9957740377917352, 0.9978961528514332], "score_no": 0.75, "mean_perf_no": 68.33333333333333, "mse_no": 0.01081806945406684}