{"Hno": 0.04108904308573663, "Sigma": 0.16465727389377866, "signed_st": [-0.22999999999999998, -0.15000000000000002, -0.06999999999999995, 0.06999999999999995, 0.15000000000000002, 0.22999999999999998], "m_right_No": [0.0, 0.4, 0.5, 0.5, 0.3, 1.0], "se_right_No": [0.0, 0.15491933384829668, 0.15811388300841897, 0.15811388300841897, 0.14491376746189438, 0.0], "x_lr": [-1.0, -0.9, -0.8, -0.7000000000000001, -0.6000000000000001, -0.5000000000000001, -0.40000000000000013, -0.30000000000000016, -0.20000000000000018, -0.1000000000000002, -2.220446049250313e-16, 0.09999999999999964, 0.19999999999999973, 0.2999999999999998, 0.3999999999999997, 0.49999999999999956, 0.5999999999999996, 0.6999999999999997, 0.7999999999999996, 0.8999999999999995, 0.9999999999999996], "y_lr_no": [0.0017917596093644367, 0.003283875691202456, 0.006011092290580495, 0.01097828042928947, 0.019967586029317166, 0.03604927955180177, 0.06423409478011884, 0.11189698119943774, 0.18782776668368997, 0.29799476800266395, 0.4379360259671707, 0.5885027484093138, 0.7241420164479232, 0.8281288143037924, 0.8984158503905348, 0.9419729688679436, 0.9675287392137182, 0.9820440002333345, 0.9901368140832627, 0.9946022246666516, 0.9970520062625785], "score_no": 0.65, "mean_perf_no": 65.0, "mse_no": 0.04464752685962108}