{"HRopt_": 0.14776086258561122, "SO_HRopt_": 0.24064767710832707, "xhat": [-0.5, -0.45, -0.4, -0.35000000000000003, -0.30000000000000004, -0.25000000000000006, -0.20000000000000007, -0.15000000000000008, -0.10000000000000009, -0.0500000000000001, -1.1102230246251565e-16, 0.04999999999999982, 0.09999999999999987, 0.1499999999999999, 0.19999999999999984, 0.24999999999999978, 0.2999999999999998, 0.34999999999999987, 0.3999999999999998, 0.44999999999999973], "theo_pR": [0.007451938435686256, 0.013430684020989236, 0.02316652101688832, 0.038266492811863895, 0.060572343067992536, 0.09195584451710981, 0.13401147231784427, 0.1876883293661653, 0.25293981037385127, 0.32848974397098285, 0.41180380068804334, 0.49931084166416195, 0.5868511876268243, 0.6702604080226986, 0.745954221928887, 0.8113797438807607, 0.8652407453282931, 0.9074727784994441, 0.9390119144853587, 0.9614454490896802], "partid": 997, "sessionid": 17, "part_sessid": "997_17"}