{"HRopt_": 0.6464809306232018, "SO_HRopt_": 1.0997593974025424, "xhat": [-0.5, -0.45, -0.4, -0.35000000000000003, -0.30000000000000004, -0.25000000000000006, -0.20000000000000007, -0.15000000000000008, -0.10000000000000009, -0.0500000000000001, -1.1102230246251565e-16, 0.04999999999999982, 0.09999999999999987, 0.1499999999999999, 0.19999999999999984, 0.24999999999999978, 0.2999999999999998, 0.34999999999999987, 0.3999999999999998, 0.44999999999999973], "theo_pR": [0.2714113485622418, 0.28664069860037145, 0.30226376012654366, 0.318257826273074, 0.33459811036562437, 0.35125785301810225, 0.36820844790126217, 0.38541958526689735, 0.40285941207112397, 0.42049470731420335, 0.4382910710045771, 0.4562131249650174, 0.4742247235324071, 0.4922891720626785, 0.5103694510413926, 0.5284284435203538, 0.5464291635530234, 0.5643349832871648, 0.5821098563924111, 0.5997185355529251], "partid": 1006, "sessionid": 17, "part_sessid": "1006_17"}