{"HRopt_": -0.06377798731190863, "SO_HRopt_": 0.02888128157819503, "xhat": [-0.5, -0.45, -0.4, -0.35000000000000003, -0.30000000000000004, -0.25000000000000006, -0.20000000000000007, -0.15000000000000008, -0.10000000000000009, -0.0500000000000001, -1.1102230246251565e-16, 0.04999999999999982, 0.09999999999999987, 0.1499999999999999, 0.19999999999999984, 0.24999999999999978, 0.2999999999999998, 0.34999999999999987, 0.3999999999999998, 0.44999999999999973], "theo_pR": [0.06633159467528116, 0.09992847301483998, 0.1445185834681536, 0.2008712924262548, 0.2686866063760617, 0.3463967234505847, 0.4311905464604832, 0.5192929533620795, 0.6064591808840971, 0.6885785574342257, 0.7622467350846878, 0.8251757673915594, 0.8763626824330177, 0.9160090630684021, 0.9452495576861095, 0.9657849181965177, 0.9795176281203237, 0.9882623557867062, 0.993564753115978, 0.9966262510655696], "partid": 992, "sessionid": 17, "part_sessid": "992_17"}