{"H_st": -0.08317074868806636, "st_sigma": 0.150964761797285, "signed_stair": [-0.6599999999999999, -0.62, -0.54, -0.5, -0.45999999999999996, -0.42000000000000004, -0.33999999999999997, -0.30000000000000004, -0.26, -0.21999999999999997, -0.18000000000000005, -0.16000000000000003, -0.15000000000000002, -0.14, -0.13, -0.12, 0.12, 0.13, 0.14, 0.15000000000000002, 0.16000000000000003, 0.18000000000000005, 0.19999999999999996, 0.21999999999999997, 0.26, 0.30000000000000004, 0.33999999999999997, 0.38, 0.5800000000000001, 0.7], "m_right": [NaN, NaN, 0.0, 0.0, 0.0, 0.0, 0.0, 0.0, 0.0, 0.0, 0.5, 0.0, 0.0, 0.7777777777777778, 0.0, 1.0, 0.0, 0.0, 0.6666666666666666, 1.0, 1.0, 0.8333333333333334, 1.0, 1.0, 0.5, 1.0, 1.0, 1.0, NaN, NaN], "se_right": [NaN, NaN, 0.0, 0.0, 0.0, 0.0, 0.0, 0.0, 0.0, 0.0, 0.3535533905932738, 0.0, 0.0, 0.13857990321384966, 0.0, 0.0, 0.0, 0.0, 0.2721655269759087, 0.0, 0.0, 0.15214515486254612, 0.0, 0.0, 0.3535533905932738, 0.0, 0.0, 0.0, NaN, NaN], "x_lr": [-1.0, -0.9, -0.8, -0.7000000000000001, -0.6000000000000001, -0.5000000000000001, -0.40000000000000013, -0.30000000000000016, -0.20000000000000018, -0.1000000000000002, -2.220446049250313e-16, 0.09999999999999964, 0.19999999999999973, 0.2999999999999998, 0.3999999999999997, 0.49999999999999956, 0.5999999999999996, 0.6999999999999997, 0.7999999999999996, 0.8999999999999995, 0.9999999999999996], "y_lr": [0.002298645028808294, 0.004448508751677082, 0.008591769479800226, 0.016529915155828814, 0.03156876786116507, 0.05946265068010966, 0.10922355708410796, 0.1921204452010835, 0.31563946478534183, 0.47215932353172185, 0.6343509201459656, 0.770888412610957, 0.8671211285537039, 0.9267731689147184, 0.9608550891014553, 0.9794264206827406, 0.989285294972669, 0.9944465770717456, 0.9971288808690995, 0.9985175629807584, 0.9992350926269075], "score": 0.732}