{"Dperf_oo": [100.0, 42.10526315789474, 27.77777777777778], "Dse_perf_oo": [0.0, 11.326896565241482, 10.557179862029056], "Sperf_oo": [93.33333333333333, 55.55555555555556, 38.888888888888886], "Sse_perf_oo": [6.440611887195311, 11.712139482105108, 11.490438561102644], "perf_no": [85.0, 50.0, 40.0], "se_perf_no": [7.984359711335657, 11.180339887498949, 10.954451150103322], "Dn_trials_oo": [18, 19, 18], "Sn_trials_oo": [15, 18, 18], "NOn_trials": [20, 20, 20], "DRT_oo": [1.1671763633283694, 2.2888967883764035, 1.1603490861836943], "DsdRT_oo": [0.0, NaN, 0.0], "SRT_oo": [1.1825408014131469, 1.3595689135031306, 1.755793073744782], "SsdRT_oo": [0.028294283825863697, 0.0, 0.0], "DRT_OKoo": [0.8884775908213004, 0.9192585603306349, 1.0054912392923043], "DsdRT_OKoo": [0.05253635464905398, 0.028394178355071183, 0.08155654562221365], "SRT_OKoo": [0.9111075022290784, 0.9596308123307635, 1.036103671744117], "SsdRT_OKoo": [0.04911463391395902, 0.03912086553182491, 0.0018071575746321815], "RT_no": [0.8975479411985327, 0.978693869834489, 0.9697889918985008], "sdRT_no": [0.039898232704364954, 0.060264238065629125, 0.05486054689573499], "RT_noNOK": [1.593973120291008, 0.9954525677732013, 1.0081265438824984], "sdRT_noNOK": [0.0, 0.029991178278027837, 0.08310813755955468], "Doptout": [10.0, 5.0, 10.0], "Dse_optout": [6.708203932499369, 4.873397172404482, 6.708203932499369], "Soptout": [25.0, 10.0, 10.0], "Sse_optout": [9.682458365518542, 6.708203932499369, 6.708203932499369]}