{"Dperf_oo": [100.0, 100.0, 15.384615384615385], "Dse_perf_oo": [0.0, 0.0, 10.006825162892168], "Sperf_oo": [94.73684210526316, 92.3076923076923, 50.0], "Sse_perf_oo": [5.122781719918815, 7.390530175619409, 17.67766952966369], "perf_no": [95.0, 90.0, 70.0], "se_perf_no": [4.873397172404484, 6.708203932499368, 10.2469507659596], "Dn_trials_oo": [17, 16, 13], "Sn_trials_oo": [19, 13, 8], "NOn_trials": [20, 20, 20], "DRT_oo": [1.0274593356994353, 1.1035994418512365, 1.0162656811544772], "DsdRT_oo": [0.0, 0.0564820750709266, 0.07652309098445664], "SRT_oo": [0.8414850290738658, 1.096450209955199, 0.8944836211892925], "SsdRT_oo": [NaN, 0.12929034752058033, 0.055165696958189965], "DRT_OKoo": [1.0307966915540234, 1.0269251075523853, 0.9112835307103222], "DsdRT_OKoo": [0.0257197157576268, 0.04744835178022707, 0.0], "SRT_OKoo": [0.9710165422024447, 0.9701869170174265, 0.9314899313838846], "SsdRT_OKoo": [0.02861560636982184, 0.024467004611296098, 0.016457374879691355], "RT_no": [1.0218028006131021, 0.8890470623901955, 1.289922568241678], "sdRT_no": [0.03253794615045611, 0.03378295918300078, 0.14295657202345627], "RT_noNOK": [1.3225922014391913, 1.002573723497207, 1.071684013380679], "sdRT_noNOK": [NaN, 0.0, 0.004559742822050327], "Doptout": [15.0, 20.0, 35.0], "Dse_optout": [7.984359711335657, 8.944271909999161, 10.66536450385077], "Soptout": [5.0, 35.0, 60.0], "Sse_optout": [4.873397172404482, 10.66536450385077, 10.954451150103322]}