{"Dperf_oo": [80.0, 90.0, 47.36842105263158], "Dse_perf_oo": [8.944271909999157, 6.708203932499368, 11.454888159631764], "Sperf_oo": [88.88888888888889, 72.22222222222223, 47.05882352941177], "Sse_perf_oo": [7.407407407407408, 10.557179862029054, 12.105782480647683], "perf_no": [80.0, 95.0, 55.0], "se_perf_no": [8.944271909999157, 4.873397172404484, 11.124297730643494], "Dn_trials_oo": [20, 20, 19], "Sn_trials_oo": [18, 18, 17], "NOn_trials": [20, 20, 20], "DRT_oo": [NaN, NaN, 0.9438635328595555], "DsdRT_oo": [NaN, NaN, NaN], "SRT_oo": [1.2240934713043017, 1.0346445816379093, 0.8863668579791637], "SsdRT_oo": [0.0, 0.0, 0.0], "DRT_OKoo": [0.9916487467080194, 1.0400009651135713, 1.0255363169429779], "DsdRT_OKoo": [0.09991807090829416, 0.07305088094618564, 0.071332783357901], "SRT_OKoo": [1.0470040745909899, 0.9605600074791805, 1.0553462799370323], "SsdRT_OKoo": [0.06723422322210645, 0.06457560926969856, 0.016484672983675456], "RT_no": [0.960596199259598, 1.018732262256816, 0.9916789065257685], "sdRT_no": [0.0723808469235948, 0.06015140393834028, 0.006885258304785607], "RT_noNOK": [1.24728938645861, 0.8994139947576121, 0.935280048979135], "sdRT_noNOK": [0.0, NaN, 0.14210460254223115], "Doptout": [0.0, 0.0, 5.0], "Dse_optout": [0.0, 0.0, 4.873397172404482], "Soptout": [10.0, 10.0, 15.0], "Sse_optout": [6.708203932499369, 6.708203932499369, 7.984359711335657]}