{"Dperf_oo": [100.0, 41.666666666666664, 55.55555555555556], "Dse_perf_oo": [0.0, 14.231876063832777, 16.56346649999844], "Sperf_oo": [94.73684210526316, 50.0, 40.0], "Sse_perf_oo": [5.122781719918815, 13.36306209562122, 21.908902300206645], "perf_no": [95.0, 40.0, 35.0], "se_perf_no": [4.873397172404484, 10.954451150103322, 10.66536450385077], "Dn_trials_oo": [20, 12, 9], "Sn_trials_oo": [19, 14, 5], "NOn_trials": [20, 20, 20], "DRT_oo": [NaN, 1.6111969048863142, 1.3367311302396327], "DsdRT_oo": [NaN, 0.24738814622433408, 0.04347902171368243], "SRT_oo": [1.1221078709957588, 1.013890404677438, 1.2051338019237958], "SsdRT_oo": [NaN, 0.0707514260240123, 0.044342722935922084], "DRT_OKoo": [0.8295280918504523, 1.0951346749899533, 0.8992720565810777], "DsdRT_OKoo": [0.023444146661629514, 0.0, 0.14576193958309375], "SRT_OKoo": [0.8327394464376705, 0.9312873794076948, 1.3342482647332186], "SsdRT_OKoo": [0.038531697439928216, 0.10977384925380937, 0.0], "RT_no": [0.9133452656676097, 1.2691671759896686, 1.7214716025924726], "sdRT_no": [0.06278068033030067, 0.18959542935039192, 0.4375849969165788], "RT_noNOK": [1.8111057755484414, 1.0214999781934957, 1.1664120138013403], "sdRT_noNOK": [NaN, 0.07184653304911562, 0.18289228907294633], "Doptout": [0.0, 40.0, 55.00000000000001], "Dse_optout": [0.0, 10.954451150103322, 11.124297730643494], "Soptout": [5.0, 30.0, 75.0], "Sse_optout": [4.873397172404482, 10.246950765959598, 9.682458365518542]}