{"Dperf_oo": [87.5, 37.5, 45.45454545454545], "Dse_perf_oo": [8.267972847076846, 12.103072956898178, 15.0131422517231], "Sperf_oo": [93.33333333333333, 46.666666666666664, 58.333333333333336], "Sse_perf_oo": [6.440611887195311, 12.881223774390612, 14.231876063832777], "perf_no": [65.0, 40.0, 35.0], "se_perf_no": [10.66536450385077, 10.954451150103322, 10.66536450385077], "Dn_trials_oo": [16, 16, 11], "Sn_trials_oo": [15, 15, 12], "NOn_trials": [20, 20, 20], "DRT_oo": [1.474344217952377, 1.2481641555715222, 1.117079683703867], "DsdRT_oo": [0.38607837156429864, 0.30447681311571106, 0.02087108980782979], "SRT_oo": [1.202587447201199, 1.0853984185277101, 1.1268948331592246], "SsdRT_oo": [0.0, 0.02333076276849156, 0.0363483083915835], "DRT_OKoo": [0.8813319367867831, 0.8611434030443803, 1.058562861848403], "DsdRT_OKoo": [0.04537894315668179, 0.01882004440294287, 0.02663413174264988], "SRT_OKoo": [0.9577237831058467, 0.9924667073392918, 0.8575119991718251], "SsdRT_OKoo": [0.026361652926081176, 0.04644229844927765, 0.2491773945125375], "RT_no": [0.9209090595167496, 1.0962264476727988, 1.043732231441599], "sdRT_no": [0.06628267865330209, 0.3576213630940261, 0.15111032220744028], "RT_noNOK": [1.26613989250031, 1.0490872572813028, 0.9599854973999211], "sdRT_noNOK": [0.11358524933627898, 0.04085742527217429, 0.1281916077744389], "Doptout": [20.0, 20.0, 45.0], "Dse_optout": [8.944271909999161, 8.944271909999161, 11.124297730643494], "Soptout": [25.0, 25.0, 40.0], "Sse_optout": [9.682458365518542, 9.682458365518542, 10.954451150103322]}