{"Hno": -0.1225985912265138, "Sigma": 0.16601312293357642, "signed_st": [-0.26, -0.18000000000000005, -0.09999999999999998, 0.09999999999999998, 0.18000000000000005, 0.26], "m_right_No": [0.1, 0.5, 0.6, 0.8, 1.0, 1.0], "se_right_No": [0.09486832980505139, 0.15811388300841897, 0.15491933384829668, 0.12649110640673517, 0.0, 0.0], "x_lr": [-1.0, -0.9, -0.8, -0.7000000000000001, -0.6000000000000001, -0.5000000000000001, -0.40000000000000013, -0.30000000000000016, -0.20000000000000018, -0.1000000000000002, -2.220446049250313e-16, 0.09999999999999964, 0.19999999999999973, 0.2999999999999998, 0.3999999999999997, 0.49999999999999956, 0.5999999999999996, 0.6999999999999997, 0.7999999999999996, 0.8999999999999995, 0.9999999999999996], "y_pr_no": [6.280678386591124e-08, 1.4151144107720777e-06, 2.2478282249286396e-05, 0.000252540878626641, 0.0020157605772710974, 0.011503368849008383, 0.0473647175381449, 0.14262526536146647, 0.32052304520220876, 0.5541388984653528, 0.7698908242759577, 0.9100153182946276, 0.9740046887158142, 0.9945450788933904, 0.9991778599445066, 0.9999116875351103, 0.9999932752012279, 0.9999996383885166, 0.9999999863075684, 0.9999999996356903, 0.9999999999932001], "pearson_chi2": 49.064791536086936, "mean_perf_no": 76.66666666666667, "mse_no": 0.007429754283720152}