{"Hno": -0.019780471916221575, "Sigma": 0.12397381522576548, "signed_st": [-0.22999999999999998, -0.15000000000000002, -0.06999999999999995, 0.06999999999999995, 0.15000000000000002, 0.22999999999999998], "m_right_No": [0.1, 0.0, 0.4, 0.9, 0.8, 1.0], "se_right_No": [0.09486832980505139, 0.0, 0.15491933384829668, 0.09486832980505137, 0.12649110640673517, 0.0], "x_lr": [-1.0, -0.9, -0.8, -0.7000000000000001, -0.6000000000000001, -0.5000000000000001, -0.40000000000000013, -0.30000000000000016, -0.20000000000000018, -0.1000000000000002, -2.220446049250313e-16, 0.09999999999999964, 0.19999999999999973, 0.2999999999999998, 0.3999999999999997, 0.49999999999999956, 0.5999999999999996, 0.6999999999999997, 0.7999999999999996, 0.8999999999999995, 0.9999999999999996], "y_pr_no": [1.3218703086836127e-15, 6.235864225273435e-13, 1.552713582449654e-10, 2.046400461365234e-08, 1.433129463857816e-06, 5.362935125547209e-05, 0.001081332458645607, 0.01190094040426453, 0.07301609944353171, 0.25879386445905717, 0.5633836445562915, 0.8330218330680368, 0.9618688675665846, 0.9950516733776126, 0.9996454565845935, 0.9999862150788972, 0.9999997122839674, 0.9999999967990801, 0.9999999999811096, 0.999999999999941, 0.9999999999999999], "pearson_chi2": 62.58540439733122, "mean_perf_no": 85.0, "mse_no": 0.009924303835976924}