{"Hno": -0.022946233525327982, "Sigma": 0.5146097846082998, "signed_st": [-0.19999999999999996, -0.12, -0.040000000000000036, 0.040000000000000036, 0.12, 0.19999999999999996], "m_right_No": [0.3, 0.6, 0.6, 0.3, 0.4, 0.9], "se_right_No": [0.14491376746189438, 0.15491933384829668, 0.15491933384829668, 0.14491376746189438, 0.15491933384829668, 0.09486832980505137], "x_lr": [-1.0, -0.9, -0.8, -0.7000000000000001, -0.6000000000000001, -0.5000000000000001, -0.40000000000000013, -0.30000000000000016, -0.20000000000000018, -0.1000000000000002, -2.220446049250313e-16, 0.09999999999999964, 0.19999999999999973, 0.2999999999999998, 0.3999999999999997, 0.49999999999999956, 0.5999999999999996, 0.6999999999999997, 0.7999999999999996, 0.8999999999999995, 0.9999999999999996], "y_pr_no": [0.028806546119344297, 0.04416174545229269, 0.06552344961267478, 0.09414335627462728, 0.13107107385948752, 0.17695797225401688, 0.2318711996332553, 0.29515860580163567, 0.3654026833822609, 0.4404878660060491, 0.5177827753310033, 0.5944129245867811, 0.6675774530461775, 0.7348524369467586, 0.7944267068686566, 0.8452328155847936, 0.8869605864300936, 0.9199660962276839, 0.945108087372158, 0.9635524989090682, 0.9765836202657217], "pearson_chi2": 59.82288496223762, "mean_perf_no": 51.66666666666667, "mse_no": 0.03456021405289656}