{"Hno": 0.016328291071272368, "Sigma": 0.16582595013149795, "signed_st": [-0.18000000000000005, -0.09999999999999998, -0.020000000000000018, 0.020000000000000018, 0.09999999999999998, 0.18000000000000005], "m_right_No": [0.2, 0.1, 0.3, 0.9, 0.3, 1.0], "se_right_No": [0.1264911064067352, 0.09486832980505139, 0.14491376746189438, 0.09486832980505137, 0.14491376746189438, 0.0], "x_lr": [-1.0, -0.9, -0.8, -0.7000000000000001, -0.6000000000000001, -0.5000000000000001, -0.40000000000000013, -0.30000000000000016, -0.20000000000000018, -0.1000000000000002, -2.220446049250313e-16, 0.09999999999999964, 0.19999999999999973, 0.2999999999999998, 0.3999999999999997, 0.49999999999999956, 0.5999999999999996, 0.6999999999999997, 0.7999999999999996, 0.8999999999999995, 0.9999999999999996], "y_pr_no": [4.424834125469819e-10, 1.6395292835579334e-08, 4.2656917058968607e-07, 7.809952321231465e-06, 0.00010091375622151965, 0.0009238611681622556, 0.00602572635404922, 0.028221971234182023, 0.09602301253929135, 0.2414929082106303, 0.46078095946850467, 0.6930714834590386, 0.8659864587555404, 0.9564279902998142, 0.9896579424931641, 0.9982314656041994, 0.9997840517111249, 0.9999812874633361, 0.9999988543330429, 0.9999999505982682, 0.9999999985032365], "pearson_chi2": 59.9758114494627, "mean_perf_no": 76.66666666666667, "mse_no": 0.06220783525990326}