{"Hno": 0.04203023284518409, "Sigma": 0.13846144315836265, "signed_st": [-0.16000000000000003, -0.07999999999999996, 0.0, 0.07999999999999996, 0.16000000000000003], "m_right_No": [0.2, 0.3, 0.45, 0.4, 0.8], "se_right_No": [0.1264911064067352, 0.14491376746189438, 0.11124297730643495, 0.15491933384829668, 0.12649110640673517], "x_lr": [-1.0, -0.9, -0.8, -0.7000000000000001, -0.6000000000000001, -0.5000000000000001, -0.40000000000000013, -0.30000000000000016, -0.20000000000000018, -0.1000000000000002, -2.220446049250313e-16, 0.09999999999999964, 0.19999999999999973, 0.2999999999999998, 0.3999999999999997, 0.49999999999999956, 0.5999999999999996, 0.6999999999999997, 0.7999999999999996, 0.8999999999999995, 0.9999999999999996], "y_lr_no": [0.0005387181981524619, 0.0011085908547861976, 0.0022799171705938483, 0.004683053245035801, 0.009594844289532334, 0.01955711014822024, 0.039451107339732824, 0.07797241376994539, 0.14829997142317397, 0.26390410381794693, 0.42468942444774266, 0.6031651471476543, 0.7578436577274318, 0.8656597610715308, 0.9299120406741493, 0.964687312647934, 0.9825323801159487, 0.9914395663437243, 0.9958240548072803, 0.9979674968259084, 0.9990118380465947], "score_no": 0.633, "mean_perf_no": 60.0, "mse_no": 0.0064820185755715964}