{"HRopt_": 0.11702503709527017, "SO_HRopt_": 0.23664135866079242, "xhat": [-0.5, -0.45, -0.4, -0.35000000000000003, -0.30000000000000004, -0.25000000000000006, -0.20000000000000007, -0.15000000000000008, -0.10000000000000009, -0.0500000000000001, -1.1102230246251565e-16, 0.04999999999999982, 0.09999999999999987, 0.1499999999999999, 0.19999999999999984, 0.24999999999999978, 0.2999999999999998, 0.34999999999999987, 0.3999999999999998, 0.44999999999999973], "theo_pR": [0.04562745075199016, 0.06462577186347829, 0.0892633784455712, 0.12028764987114647, 0.1582212857385641, 0.20325804931078972, 0.25517745534251923, 0.31329564919531583, 0.37646615664419364, 0.4431370834403162, 0.5114619031489543, 0.5794511725012714, 0.6451446316852738, 0.7067791152904536, 0.762928533475264, 0.8125976709928331, 0.8552603206715628, 0.8908421985794228, 0.9196579349641374, 0.9423174378197484], "partid": 1010, "sessionid": 5, "part_sessid": "1010_5"}