{"HRopt_": 0.6687894970597086, "SO_HRopt_": 1.3069434260961432, "xhat": [-0.5, -0.45, -0.4, -0.35000000000000003, -0.30000000000000004, -0.25000000000000006, -0.20000000000000007, -0.15000000000000008, -0.10000000000000009, -0.0500000000000001, -1.1102230246251565e-16, 0.04999999999999982, 0.09999999999999987, 0.1499999999999999, 0.19999999999999984, 0.24999999999999978, 0.2999999999999998, 0.34999999999999987, 0.3999999999999998, 0.44999999999999973], "theo_pR": [0.3737900795556308, 0.3860466730805515, 0.3984180787965672, 0.4108924375530108, 0.42345757733913963, 0.436101048812806, 0.44881016224053544, 0.46157202566666766, 0.4743735841204134, 0.48720165966223306, 0.5000429920648884, 0.5128842799199398, 0.5257122219573779, 0.5385135583645392, 0.5512751118904579, 0.5639838285233606, 0.5766268175320997, 0.5891913906669151, 0.6016651003209728, 0.6140357764615901], "partid": 1008, "sessionid": 5, "part_sessid": "1008_5"}