{"H_st": 0.04182724021948736, "st_sigma": 0.16667625078861695, "signed_stair": [-0.6599999999999999, -0.54, -0.45999999999999996, -0.42000000000000004, -0.38, -0.26, -0.21999999999999997, -0.19999999999999996, -0.18000000000000005, -0.16000000000000003, -0.15000000000000002, -0.14, -0.13, -0.12, -0.07999999999999996, 0.07999999999999996, 0.09999999999999998, 0.10999999999999999, 0.12, 0.13, 0.14, 0.15000000000000002, 0.16000000000000003, 0.18000000000000005, 0.21999999999999997, 0.26, 0.30000000000000004, 0.33999999999999997, 0.38, 0.5, 0.5800000000000001, 0.62, 0.7], "m_right": [NaN, 0.0, 0.0, 0.0, 1.0, 0.0, 0.0, 0.0, 0.5, 0.0, 0.0, 0.2, 0.3333333333333333, 0.0, 1.0, 1.0, 1.0, 0.0, 0.16666666666666666, 1.0, 0.6, 1.0, 1.0, 0.5, 1.0, 1.0, 1.0, 1.0, 1.0, 1.0, NaN, NaN, NaN], "se_right": [NaN, 0.0, 0.0, 0.0, 0.0, 0.0, 0.0, 0.0, 0.25, 0.0, 0.0, 0.1788854381999832, 0.2721655269759087, 0.0, 0.0, 0.0, 0.0, 0.0, 0.15214515486254615, 0.0, 0.21908902300206645, 0.0, 0.0, 0.3535533905932738, 0.0, 0.0, 0.0, 0.0, 0.0, 0.0, NaN, NaN, NaN], "x_lr": [-1.0, -0.9, -0.8, -0.7000000000000001, -0.6000000000000001, -0.5000000000000001, -0.40000000000000013, -0.30000000000000016, -0.20000000000000018, -0.1000000000000002, -2.220446049250313e-16, 0.09999999999999964, 0.19999999999999973, 0.2999999999999998, 0.3999999999999997, 0.49999999999999956, 0.5999999999999996, 0.6999999999999997, 0.7999999999999996, 0.8999999999999995, 0.9999999999999996], "y_lr": [0.0019255735033125788, 0.0035029576997060636, 0.006364258182371917, 0.011535682296289915, 0.020821211363123145, 0.0372989947073207, 0.06593904109483685, 0.11396697527644185, 0.18986616874397422, 0.29924105343895446, 0.4375899290697632, 0.5863790596607827, 0.7209104014544048, 0.8247616642527791, 0.8955671558374633, 0.9398499796214279, 0.9660669602208823, 0.9810869602751273, 0.9895306104631184, 0.9942268094800208, 0.9968232220385714], "score": 0.732}