{"H_st": -0.15045191774250716, "st_sigma": 0.0647824675989714, "signed_stair": [-0.6599999999999999, -0.54, -0.5, -0.45999999999999996, -0.42000000000000004, -0.33999999999999997, -0.30000000000000004, -0.26, -0.21999999999999997, -0.17000000000000004, -0.16000000000000003, -0.15000000000000002, -0.14, -0.12, -0.09999999999999998, -0.07999999999999996, 0.07999999999999996, 0.09999999999999998, 0.12, 0.13, 0.14, 0.15000000000000002, 0.16000000000000003, 0.17000000000000004, 0.18000000000000005, 0.38, 0.5800000000000001, 0.62, 0.7], "m_right": [NaN, 0.0, 0.0, 0.0, 0.0, 0.0, 0.0, 0.0, 0.0, 0.0, 0.3333333333333333, 0.5, 0.8333333333333334, 0.3333333333333333, 1.0, 1.0, 1.0, 1.0, 0.6666666666666666, 1.0, 1.0, 1.0, 1.0, 1.0, 1.0, 1.0, NaN, NaN, NaN], "se_right": [NaN, 0.0, 0.0, 0.0, 0.0, 0.0, 0.0, 0.0, 0.0, 0.0, 0.2721655269759087, 0.3535533905932738, 0.15214515486254612, 0.2721655269759087, 0.0, 0.0, 0.0, 0.0, 0.2721655269759087, 0.0, 0.0, 0.0, 0.0, 0.0, 0.0, 0.0, NaN, NaN, NaN], "x_lr": [-1.0, -0.9, -0.8, -0.7000000000000001, -0.6000000000000001, -0.5000000000000001, -0.40000000000000013, -0.30000000000000016, -0.20000000000000018, -0.1000000000000002, -2.220446049250313e-16, 0.09999999999999964, 0.19999999999999973, 0.2999999999999998, 0.3999999999999997, 0.49999999999999956, 0.5999999999999996, 0.6999999999999997, 0.7999999999999996, 0.8999999999999995, 0.9999999999999996], "y_lr": [2.0170791934725876e-06, 9.442970652009067e-06, 4.420612602704918e-05, 0.00020691915615634509, 0.0009679633244300251, 0.004515469552112645, 0.02079368795133401, 0.09042428622031783, 0.3175968426628369, 0.6854192054335038, 0.9107166837108033, 0.9794884988394656, 0.9955468135768198, 0.9990454349836437, 0.9997959471190562, 0.9999564063221439, 0.9999906878602732, 0.9999980108673372, 0.9999995751109756, 0.9999999092416185, 0.9999999806135692], "score": 0.893}