{"H_st": -0.031081607909248802, "st_sigma": 0.06099490347220928, "signed_stair": [-0.54, -0.5, -0.45999999999999996, -0.30000000000000004, -0.26, -0.21999999999999997, -0.18000000000000005, -0.16000000000000003, -0.14, -0.12, -0.09999999999999998, -0.07999999999999996, 0.07999999999999996, 0.08999999999999997, 0.09999999999999998, 0.10999999999999999, 0.12, 0.14, 0.18000000000000005, 0.33999999999999997, 0.38, 0.42000000000000004, 0.5800000000000001, 0.62, 0.6599999999999999, 0.7], "m_right": [0.0, 0.0, 0.0, 0.0, 0.0, 0.0, 1.0, 0.0, 0.5, 0.5, 0.0, 0.14285714285714285, 0.9166666666666666, 0.5, 1.0, 1.0, 1.0, 1.0, 1.0, 1.0, 1.0, 1.0, NaN, NaN, NaN, NaN], "se_right": [0.0, 0.0, 0.0, 0.0, 0.0, 0.0, 0.0, 0.0, 0.3535533905932738, 0.3535533905932738, 0.0, 0.09352195295828244, 0.07978559231302819, 0.3535533905932738, 0.0, 0.0, 0.0, 0.0, 0.0, 0.0, 0.0, 0.0, NaN, NaN, NaN, NaN], "x_lr": [-1.0, -0.9, -0.8, -0.7000000000000001, -0.6000000000000001, -0.5000000000000001, -0.40000000000000013, -0.30000000000000016, -0.20000000000000018, -0.1000000000000002, -2.220446049250313e-16, 0.09999999999999964, 0.19999999999999973, 0.2999999999999998, 0.3999999999999997, 0.49999999999999956, 0.5999999999999996, 0.6999999999999997, 0.7999999999999996, 0.8999999999999995, 0.9999999999999996], "y_lr": [1.262205076433298e-07, 6.503503087582982e-07, 3.350918257748185e-06, 1.7265352382304104e-05, 8.895328012321602e-05, 0.00045816217709320216, 0.002356196042439815, 0.01202265963898378, 0.05900112959088919, 0.24417879759462494, 0.6247073388430662, 0.8955807524436, 0.9778720996310458, 0.9956274241991614, 0.9991483663303635, 0.9998346008220582, 0.9999678949326395, 0.9999937688649111, 0.999998790650883, 0.9999997652884511, 0.9999999544470103], "score": 0.875}