{"Dperf_oo": [100.0, 88.88888888888889, 86.66666666666667, 46.666666666666664], "Dse_perf_oo": [0.0, 7.407407407407408, 8.77707451472511, 12.881223774390612], "Sperf_oo": [100.0, 100.0, 92.85714285714286, 58.333333333333336], "Sse_perf_oo": [0.0, 0.0, 6.883029368995938, 14.231876063832777], "perf_no": [95.0, 90.0, 80.0, 35.0], "se_perf_no": [4.873397172404484, 6.708203932499368, 8.944271909999157, 10.66536450385077], "Dn_trials_oo": [18, 18, 15, 15], "Sn_trials_oo": [17, 17, 14, 12], "NOn_trials": [20, 20, 20, 20], "DRT_oo": [1.2686459060571849, 1.4448334872003619, 1.60674907869468, 1.2611590221382263], "DsdRT_oo": [0.0, 0.0, 0.03425202466101571, 0.05840707633670129], "SRT_oo": [1.3237261039029067, 1.3003385047247176, 1.2213415595069577, 1.3184308691992206], "SsdRT_oo": [0.0, 0.0, 0.07006864188383138, 0.12772173308834703], "DRT_OKoo": [0.9216260235477799, 0.9300623719598187, 1.0376333191211482, 1.0256017653341625], "DsdRT_OKoo": [0.04643748120545227, 0.020327909225607975, 0.06264380647697974, 0.02023537204978353], "SRT_OKoo": [0.8847207523652787, 0.955266337891762, 0.9223690827219759, 1.0409132872825935], "SsdRT_OKoo": [0.028730498428938673, 0.046051721529841376, 0.042249865445910646, 0.14280514482045228], "RT_no": [0.9175204341544866, 1.1121043585153174, 1.2282392500277393, 1.091343736087181], "sdRT_no": [0.028884148669626932, 0.09994785804197012, 0.14648809673136126, 0.02571878262159429], "RT_noNOK": [1.1624597510110934, 1.1471519818715499, 1.3051608835426187, 1.0156792987047973], "sdRT_noNOK": [NaN, 0.0, 0.13237148452141131, 0.08046433981802513], "Doptout": [10.0, 10.0, 25.0, 25.0], "Dse_optout": [6.708203932499369, 6.708203932499369, 9.682458365518542, 9.682458365518542], "Soptout": [15.0, 15.0, 30.0, 40.0], "Sse_optout": [7.984359711335657, 7.984359711335657, 10.246950765959598, 10.954451150103322]}