{"Dperf_oo": [100.0, 100.0, 94.11764705882354, 50.0], "Dse_perf_oo": [0.0, 0.0, 5.706720589090183, 14.433756729740644], "Sperf_oo": [100.0, 100.0, 88.23529411764706, 80.0], "Sse_perf_oo": [0.0, 0.0, 7.814248990059665, 12.649110640673516], "perf_no": [100.0, 85.0, 95.0, 60.0], "se_perf_no": [0.0, 7.984359711335657, 4.873397172404484, 10.954451150103322], "Dn_trials_oo": [20, 20, 17, 12], "Sn_trials_oo": [19, 20, 17, 10], "NOn_trials": [20, 20, 20, 20], "DRT_oo": [NaN, NaN, 1.8523382921821983, 1.847684080840302], "DsdRT_oo": [NaN, NaN, 0.0, 0.08063035567572825], "SRT_oo": [1.7166949742796558, NaN, 2.1610981039760615, 1.8650971964500527], "SsdRT_oo": [NaN, NaN, 0.0, 0.06020735228096339], "DRT_OKoo": [0.8877695393285251, 0.9430875351195411, 0.9462544155136966, 0.9189877326617553], "DsdRT_OKoo": [0.021290422914933056, 0.039062267640816044, 0.020080400800359898, 0.20615526881322216], "SRT_OKoo": [0.9359344818275297, 0.9331016206370525, 1.0229685486268472, 0.995846817518647], "SsdRT_OKoo": [0.03223454582941714, 0.022248254042745007, 0.03412797522968079, 0.03183554067347605], "RT_no": [0.9236513973583066, 1.0452154896654349, 1.0580972878189325, 1.5080495483082257], "sdRT_no": [0.03460118122552084, 0.0557173085559219, 0.06758011343775497, 0.2869150398925792], "RT_noNOK": [NaN, 2.2032979672336324, 1.3519522793811822, 1.6071051561715908], "sdRT_noNOK": [NaN, 0.0, NaN, 0.3165525650234051], "Doptout": [0.0, 0.0, 15.0, 40.0], "Dse_optout": [0.0, 0.0, 7.984359711335657, 10.954451150103322], "Soptout": [5.0, 0.0, 15.0, 50.0], "Sse_optout": [4.873397172404482, 0.0, 7.984359711335657, 11.180339887498949]}