{"Dperf_oo": [90.0, 84.61538461538461, 72.72727272727273, 46.15384615384615], "Dse_perf_oo": [9.486832980505138, 10.006825162892168, 13.428162652290842, 13.826415911891033], "Sperf_oo": [100.0, 100.0, NaN, 0.0], "Sse_perf_oo": [0.0, 0.0, NaN, 0.0], "perf_no": [85.0, 60.0, 75.0, 65.0], "se_perf_no": [7.984359711335657, 10.954451150103322, 9.682458365518542, 10.66536450385077], "Dn_trials_oo": [10, 13, 11, 13], "Sn_trials_oo": [2, 1, 0, 1], "NOn_trials": [20, 20, 20, 20], "DRT_oo": [0.9218785891984244, 1.217773090839543, 1.0515588782354852, 1.0605487920107377], "DsdRT_oo": [0.10529805411986669, 0.04561264741447701, 0.006628942521537699, 0.11284294318664871], "SRT_oo": [0.8630526030110786, 0.8840081859752636, 0.873279804569036, 0.9212312318716174], "SsdRT_oo": [0.047758642662829184, 0.021578252004818204, 0.04948920374535931, 0.01852284220933709], "DRT_OKoo": [1.1913671768962684, 1.1098419195112346, 1.063305281176225, 1.2526468561477488], "DsdRT_OKoo": [0.13285784631837685, 0.10281981013855616, 0.1769182334384437, 0.15210122268129528], "SRT_OKoo": [1.2495771295239135, 1.0823605571929271, NaN, NaN], "SsdRT_OKoo": [0.0, NaN, NaN, NaN], "RT_no": [1.2714933071517016, 1.2108296615206977, 1.0244116357552484, 1.5864639673107974], "sdRT_no": [0.17950039601252615, 0.07216290736786156, 0.2060091219119838, 0.1294282689550598], "RT_noNOK": [1.023931338377865, 0.8918182387779445, 1.5011694197067402, 1.119834193043804], "sdRT_noNOK": [0.0, 0.31540143938730003, 0.24743928414342087, 0.19961530248310422], "Doptout": [50.0, 35.0, 45.0, 35.0], "Dse_optout": [11.180339887498949, 10.66536450385077, 11.124297730643494, 10.66536450385077], "Soptout": [90.0, 95.0, 100.0, 95.0], "Sse_optout": [6.708203932499368, 4.873397172404484, 0.0, 4.873397172404484]}