{"Hno": -0.09749889938976819, "Sigma": 0.15948413175919607, "signed_st": [-0.14, -0.1, -0.06, -0.02, 0.02, 0.06, 0.1, 0.14], "m_right_No": [0.5, 0.3, 0.6, 0.7, 0.9, 0.9, 0.7, 1.0], "se_right_No": [0.15811388300841897, 0.14491376746189438, 0.15491933384829668, 0.14491376746189438, 0.09486832980505137, 0.09486832980505137, 0.14491376746189438, 0.0], "x_lr": [-0.2, -0.19, -0.18, -0.16999999999999998, -0.15999999999999998, -0.14999999999999997, -0.13999999999999996, -0.12999999999999995, -0.11999999999999994, -0.10999999999999993, -0.09999999999999992, -0.08999999999999991, -0.0799999999999999, -0.0699999999999999, -0.05999999999999989, -0.04999999999999988, -0.03999999999999987, -0.02999999999999986, -0.01999999999999985, -0.009999999999999842, 1.6653345369377348e-16, 0.010000000000000175, 0.020000000000000184, 0.030000000000000193, 0.0400000000000002, 0.05000000000000021, 0.06000000000000022, 0.07000000000000023, 0.08000000000000024, 0.09000000000000025, 0.10000000000000026, 0.11000000000000026, 0.12000000000000027, 0.13000000000000028, 0.1400000000000003, 0.1500000000000003, 0.1600000000000003, 0.17000000000000032, 0.18000000000000033, 0.19000000000000034], "y_pr_no": [0.26020806974343813, 0.28095666578332223, 0.3024734661948698, 0.3246993874519123, 0.347567744026644, 0.37100481003936264, 0.3949305090627343, 0.4192592218329244, 0.4439006985627421, 0.4687610597934231, 0.49374386735517933, 0.5187512451133847, 0.5436850278228733, 0.5684479156446295, 0.592944611724083, 0.617082920693769, 0.6407747870289504, 0.6639372538156275, 0.6864933246293854, 0.7083727137969442, 0.7295124732323586, 0.7498574872085322, 0.7693608297378203, 0.7879839825866104, 0.8056969152336309, 0.8224780312020284, 0.8383139880622645, 0.8531994009403481, 0.8671364415125853, 0.8801343461789793, 0.8922088483552131, 0.9033815505976455, 0.9136792525836103, 0.9231332508325847, 0.9317786255081149, 0.9396535287326424, 0.9467984876331016, 0.9532557338758058, 0.9590685698092772, 0.9642807795782997], "pearson_chi2": 79.90248901300413, "mean_perf_no": 67.5, "mse_no": 0.018546441174336875}