{"Hno": 0.011108129778511715, "Sigma": 0.027897806796500755, "signed_st": [-0.14, -0.1, -0.06, -0.02, 0.02, 0.06, 0.1, 0.14], "m_right_No": [0.0, 0.0, 0.0, 0.2, 0.5, 1.0, 1.0, 1.0], "se_right_No": [0.0, 0.0, 0.0, 0.1264911064067352, 0.15811388300841897, 0.0, 0.0, 0.0], "x_lr": [-0.2, -0.19, -0.18, -0.16999999999999998, -0.15999999999999998, -0.14999999999999997, -0.13999999999999996, -0.12999999999999995, -0.11999999999999994, -0.10999999999999993, -0.09999999999999992, -0.08999999999999991, -0.0799999999999999, -0.0699999999999999, -0.05999999999999989, -0.04999999999999988, -0.03999999999999987, -0.02999999999999986, -0.01999999999999985, -0.009999999999999842, 1.6653345369377348e-16, 0.010000000000000175, 0.020000000000000184, 0.030000000000000193, 0.0400000000000002, 0.05000000000000021, 0.06000000000000022, 0.07000000000000023, 0.08000000000000024, 0.09000000000000025, 0.10000000000000026, 0.11000000000000026, 0.12000000000000027, 0.13000000000000028, 0.1400000000000003, 0.1500000000000003, 0.1600000000000003, 0.17000000000000032, 0.18000000000000033, 0.19000000000000034], "y_pr_no": [1.9068536196135326e-14, 2.8235286220685685e-13, 3.68496338653789e-12, 4.239682410375127e-11, 4.3012948571978716e-10, 3.8490506555496125e-09, 3.0390570272788634e-08, 2.1179749648245202e-07, 1.3034499822527122e-06, 7.087447906129721e-06, 3.407076345918822e-05, 0.00014491056963469054, 0.0005458130233558044, 0.0018226422757417426, 0.005403491728584841, 0.014246615169529964, 0.03347745204676863, 0.07030469623099725, 0.13240927340116387, 0.2246377982962306, 0.3452516458585778, 0.4841577654404313, 0.6250343989917118, 0.7508545021055981, 0.8498131447915958, 0.9183537940328439, 0.9601590326564851, 0.9826132279729743, 0.9932337036197317, 0.9976571894371508, 0.9992795717481655, 0.999803537097468, 0.9999525434939672, 0.9999898557696656, 0.9999980826262113, 0.9999996797618119, 0.9999999527633866, 0.9999999938493415, 0.9999999992933085, 0.9999999999283764], "pearson_chi2": 26.136575622091897, "mean_perf_no": 91.25, "mse_no": 0.0036365213060774795}