{"Hno": -0.002254234391295122, "Sigma": 0.04405912016842093, "signed_st": [-0.14, -0.1, -0.06, -0.02, 0.02, 0.06, 0.1, 0.14], "m_right_No": [0.0, 0.1, 0.0, 0.3, 0.6, 1.0, 1.0, 1.0], "se_right_No": [0.0, 0.09486832980505139, 0.0, 0.14491376746189438, 0.15491933384829668, 0.0, 0.0, 0.0], "x_lr": [-0.2, -0.19, -0.18, -0.16999999999999998, -0.15999999999999998, -0.14999999999999997, -0.13999999999999996, -0.12999999999999995, -0.11999999999999994, -0.10999999999999993, -0.09999999999999992, -0.08999999999999991, -0.0799999999999999, -0.0699999999999999, -0.05999999999999989, -0.04999999999999988, -0.03999999999999987, -0.02999999999999986, -0.01999999999999985, -0.009999999999999842, 1.6653345369377348e-16, 0.010000000000000175, 0.020000000000000184, 0.030000000000000193, 0.0400000000000002, 0.05000000000000021, 0.06000000000000022, 0.07000000000000023, 0.08000000000000024, 0.09000000000000025, 0.10000000000000026, 0.11000000000000026, 0.12000000000000027, 0.13000000000000028, 0.1400000000000003, 0.1500000000000003, 0.1600000000000003, 0.17000000000000032, 0.18000000000000033, 0.19000000000000034], "y_pr_no": [3.591518506308623e-06, 1.0165531527338313e-05, 2.7387798831374856e-05, 7.024950655995238e-05, 0.00017158659377322573, 0.00039919461652479987, 0.0008848489827705175, 0.0018692860764006067, 0.0037649874193552923, 0.00723294243322084, 0.013259910244053392, 0.023210445315297114, 0.0388173359282831, 0.0620719398064284, 0.0949892475926451, 0.13925446923857082, 0.19580336075282706, 0.2644325372735453, 0.34355810034061846, 0.4302239987673507, 0.5204025227809278, 0.6095443374706898, 0.6932554824736086, 0.7679362075246665, 0.8312294208583733, 0.8821893784936063, 0.9211677920421277, 0.9494909918027439, 0.9690426398503039, 0.981864385108088, 0.9898523000095873, 0.9945799138707141, 0.9972380216948642, 0.9986578144041288, 0.9993782559353133, 0.999725547045886, 0.9998845881475174, 0.9999537784927296, 0.9999823742527647, 0.9999936016064542], "pearson_chi2": 97.64988938107602, "mean_perf_no": 90.0, "mse_no": 0.00557655929929467}