{"Hno": -0.02657938520204969, "Sigma": 0.1357394707488336, "signed_st": [-0.14, -0.1, -0.06, -0.02, 0.02, 0.06, 0.1, 0.14], "m_right_No": [0.2, 0.2, 0.6, 0.6, 0.5, 0.5, 1.0, 0.9], "se_right_No": [0.1264911064067352, 0.1264911064067352, 0.15491933384829668, 0.15491933384829668, 0.15811388300841897, 0.15811388300841897, 0.0, 0.09486832980505137], "x_lr": [-0.2, -0.19, -0.18, -0.16999999999999998, -0.15999999999999998, -0.14999999999999997, -0.13999999999999996, -0.12999999999999995, -0.11999999999999994, -0.10999999999999993, -0.09999999999999992, -0.08999999999999991, -0.0799999999999999, -0.0699999999999999, -0.05999999999999989, -0.04999999999999988, -0.03999999999999987, -0.02999999999999986, -0.01999999999999985, -0.009999999999999842, 1.6653345369377348e-16, 0.010000000000000175, 0.020000000000000184, 0.030000000000000193, 0.0400000000000002, 0.05000000000000021, 0.06000000000000022, 0.07000000000000023, 0.08000000000000024, 0.09000000000000025, 0.10000000000000026, 0.11000000000000026, 0.12000000000000027, 0.13000000000000028, 0.1400000000000003, 0.1500000000000003, 0.1600000000000003, 0.17000000000000032, 0.18000000000000033, 0.19000000000000034], "y_pr_no": [0.10069542315755231, 0.11430861129317876, 0.129183775598536, 0.14534996618321294, 0.16282417879149935, 0.18161005839236766, 0.201696798103778, 0.2230582795081093, 0.24565249576298298, 0.26942129230743644, 0.29429045156678935, 0.32017013813025763, 0.34695570976509077, 0.37452888776934984, 0.4027592680403004, 0.4315061423687946, 0.4606205883909098, 0.489947776843667, 0.5193294367389989, 0.5486064131702959, 0.5776212489817063, 0.6062207206300954, 0.6342582602967621, 0.6615962005771006, 0.6881077846855372, 0.7136788937443463, 0.7382094529706493, 0.7616144899601729, 0.7838248302719991, 0.8047874276157636, 0.8244653376174683, 0.8428373549203849, 0.8598973428565329, 0.8756532927780967, 0.8901261561383116, 0.9033484964306356, 0.9153630101075282, 0.9262209656754116, 0.9359806084545168, 0.9447055752251657], "pearson_chi2": 78.30681823853789, "mean_perf_no": 66.25, "mse_no": 0.026664024822360466}