{"Hno": -0.02373675988906661, "Sigma": 0.08257322055692298, "signed_st": [-0.14, -0.1, -0.06, -0.02, 0.02, 0.06, 0.1, 0.14], "m_right_No": [0.0, 0.2, 0.3, 0.8, 0.5, 0.9, 1.0, 0.9], "se_right_No": [0.0, 0.1264911064067352, 0.14491376746189438, 0.12649110640673517, 0.15811388300841897, 0.09486832980505137, 0.0, 0.09486832980505137], "x_lr": [-0.2, -0.19, -0.18, -0.16999999999999998, -0.15999999999999998, -0.14999999999999997, -0.13999999999999996, -0.12999999999999995, -0.11999999999999994, -0.10999999999999993, -0.09999999999999992, -0.08999999999999991, -0.0799999999999999, -0.0699999999999999, -0.05999999999999989, -0.04999999999999988, -0.03999999999999987, -0.02999999999999986, -0.01999999999999985, -0.009999999999999842, 1.6653345369377348e-16, 0.010000000000000175, 0.020000000000000184, 0.030000000000000193, 0.0400000000000002, 0.05000000000000021, 0.06000000000000022, 0.07000000000000023, 0.08000000000000024, 0.09000000000000025, 0.10000000000000026, 0.11000000000000026, 0.12000000000000027, 0.13000000000000028, 0.1400000000000003, 0.1500000000000003, 0.1600000000000003, 0.17000000000000032, 0.18000000000000033, 0.19000000000000034], "y_pr_no": [0.016395639144068292, 0.02202971624534069, 0.029217500667670336, 0.03825411092815693, 0.04944988987613633, 0.06311903438204776, 0.07956527399316093, 0.09906507381090074, 0.12184917787474492, 0.14808363144629128, 0.17785167939144014, 0.21113808936755912, 0.24781745604949879, 0.2876478836690995, 0.33027111594324654, 0.3752197050664746, 0.4219312273153401, 0.4697689227439212, 0.5180475320642065, 0.566062597725868, 0.6131211514699975, 0.658571571126756, 0.7018304731179121, 0.7424048032241457, 0.7799077588392531, 0.8140677621411767, 0.8447303341716812, 0.8718533218696785, 0.8954964392984798, 0.9158064530132124, 0.9329995438423198, 0.9473424104661521, 0.9591335620261286, 0.9686860113132744, 0.9763122696829901, 0.9823122046179444, 0.9869639915733547, 0.9905181054502843, 0.9931940746156473, 0.9951795710487231], "pearson_chi2": 94.1085199183602, "mean_perf_no": 75.0, "mse_no": 0.02355626917270026}