{"Hno": -0.030035626523018902, "Sigma": 0.08410383458674847, "signed_st": [-0.14, -0.1, -0.06, -0.02, 0.02, 0.06, 0.1, 0.14], "m_right_No": [0.1, 0.2, 0.4, 0.5, 0.7, 0.9, 0.9, 1.0], "se_right_No": [0.09486832980505139, 0.1264911064067352, 0.15491933384829668, 0.15811388300841897, 0.14491376746189438, 0.09486832980505137, 0.09486832980505137, 0.0], "x_lr": [-0.2, -0.19, -0.18, -0.16999999999999998, -0.15999999999999998, -0.14999999999999997, -0.13999999999999996, -0.12999999999999995, -0.11999999999999994, -0.10999999999999993, -0.09999999999999992, -0.08999999999999991, -0.0799999999999999, -0.0699999999999999, -0.05999999999999989, -0.04999999999999988, -0.03999999999999987, -0.02999999999999986, -0.01999999999999985, -0.009999999999999842, 1.6653345369377348e-16, 0.010000000000000175, 0.020000000000000184, 0.030000000000000193, 0.0400000000000002, 0.05000000000000021, 0.06000000000000022, 0.07000000000000023, 0.08000000000000024, 0.09000000000000025, 0.10000000000000026, 0.11000000000000026, 0.12000000000000027, 0.13000000000000028, 0.1400000000000003, 0.1500000000000003, 0.1600000000000003, 0.17000000000000032, 0.18000000000000033, 0.19000000000000034], "y_pr_no": [0.021645715034990746, 0.028586447718545197, 0.037286149154160786, 0.04803769255605683, 0.061138700578784864, 0.0768787485229391, 0.09552428266418789, 0.11730193444051717, 0.14238119413045108, 0.1708576423781059, 0.2027380873652584, 0.23792898752538305, 0.27622943301298425, 0.3173297076622221, 0.36081606922084564, 0.4061819002774444, 0.45284484270641706, 0.500168992602784, 0.5474907618136114, 0.5941466623281488, 0.6395010836800775, 0.6829721341947426, 0.7240538042973457, 0.7623330609762851, 0.7975009540336957, 0.8293573508518589, 0.8578094558076922, 0.8828647552632123, 0.9046194121523867, 0.9232433846533081, 0.9389636490855567, 0.9520468741501246, 0.9627827434544896, 0.9714688880652596, 0.9783981077247349, 0.9838482649886604, 0.98807496250151, 0.9913068834472544, 0.9937435029386562, 0.9955547684584791], "pearson_chi2": 75.22700366818853, "mean_perf_no": 78.75, "mse_no": 0.001360286212897538}