{"Hno": -0.026916527647144757, "Sigma": 0.08332253211726717, "signed_st": [-0.14, -0.1, -0.06, -0.02, 0.02, 0.06, 0.1, 0.14], "m_right_No": [0.2, 0.2, 0.6, 0.6, 0.5, 0.5, 1.0, 0.9], "se_right_No": [0.1264911064067352, 0.1264911064067352, 0.15491933384829668, 0.15491933384829668, 0.15811388300841897, 0.15811388300841897, 0.0, 0.09486832980505137], "x_lr": [-0.2, -0.19, -0.18, -0.16999999999999998, -0.15999999999999998, -0.14999999999999997, -0.13999999999999996, -0.12999999999999995, -0.11999999999999994, -0.10999999999999993, -0.09999999999999992, -0.08999999999999991, -0.0799999999999999, -0.0699999999999999, -0.05999999999999989, -0.04999999999999988, -0.03999999999999987, -0.02999999999999986, -0.01999999999999985, -0.009999999999999842, 1.6653345369377348e-16, 0.010000000000000175, 0.020000000000000184, 0.030000000000000193, 0.0400000000000002, 0.05000000000000021, 0.06000000000000022, 0.07000000000000023, 0.08000000000000024, 0.09000000000000025, 0.10000000000000026, 0.11000000000000026, 0.12000000000000027, 0.13000000000000028, 0.1400000000000003, 0.1500000000000003, 0.1600000000000003, 0.17000000000000032, 0.18000000000000033, 0.19000000000000034], "y_lr_no": [0.11132567524115955, 0.12376438797778296, 0.13737806355854207, 0.1522290439504487, 0.16837210060122587, 0.18585175420814812, 0.20469940270202266, 0.2249303630874999, 0.24654096821204596, 0.26950589233070127, 0.2937759046169898, 0.3192762620596509, 0.34590594717402556, 0.37353792757316107, 0.4020205620156526, 0.4311802028180047, 0.4608249531832429, 0.49074943947647054, 0.5207403648001042, 0.5505825341051398, 0.580064993583633, 0.6089869154094767, 0.6371628848279143, 0.6644273061615945, 0.690637728599648, 0.7156769896855797, 0.739454171501313, 0.7619044504408738, 0.7829879881018394, 0.8026880540360319, 0.8210085905552641, 0.837971428210076, 0.8536133426317883, 0.867983114637023, 0.8811387211636009, 0.893144749241636, 0.9040700921544054, 0.913985958348483, 0.9229642005679408, 0.931075955319388], "score_no": 0.688, "mean_perf_no": 66.25, "mse_no": 0.027139930337860416}