{"Hno": 0.07093484415504382, "Sigma": 0.06023233985270972, "signed_st": [-0.14, -0.1, -0.06, -0.02, 0.02, 0.06, 0.1, 0.14], "m_right_No": [0.1, 0.0, 0.1, 0.1, 0.4, 0.3, 0.8, 0.7], "se_right_No": [0.09486832980505139, 0.0, 0.09486832980505139, 0.09486832980505139, 0.15491933384829668, 0.14491376746189438, 0.12649110640673517, 0.14491376746189438], "x_lr": [-0.2, -0.19, -0.18, -0.16999999999999998, -0.15999999999999998, -0.14999999999999997, -0.13999999999999996, -0.12999999999999995, -0.11999999999999994, -0.10999999999999993, -0.09999999999999992, -0.08999999999999991, -0.0799999999999999, -0.0699999999999999, -0.05999999999999989, -0.04999999999999988, -0.03999999999999987, -0.02999999999999986, -0.01999999999999985, -0.009999999999999842, 1.6653345369377348e-16, 0.010000000000000175, 0.020000000000000184, 0.030000000000000193, 0.0400000000000002, 0.05000000000000021, 0.06000000000000022, 0.07000000000000023, 0.08000000000000024, 0.09000000000000025, 0.10000000000000026, 0.11000000000000026, 0.12000000000000027, 0.13000000000000028, 0.1400000000000003, 0.1500000000000003, 0.1600000000000003, 0.17000000000000032, 0.18000000000000033, 0.19000000000000034], "y_lr_no": [0.011006928771927429, 0.012969012259285873, 0.015275452487580983, 0.017984601670369207, 0.021163900428266613, 0.024890986478139424, 0.029254817167571178, 0.034356748828811304, 0.0403114900701877, 0.04724781365246934, 0.055308872515939314, 0.06465192101460626, 0.07544719559447792, 0.08787566601021064, 0.10212533855614842, 0.11838579114783264, 0.13684066545143253, 0.15765795559021809, 0.18097813701602725, 0.20690048502778008, 0.23546833303912007, 0.26665447797728886, 0.3003483767349431, 0.3363470784977135, 0.3743518696319712, 0.41397225740384275, 0.454738144203511, 0.49611991916819137, 0.5375549213051208, 0.5784775987894916, 0.6183499967635874, 0.6566891432031647, 0.6930884871066417, 0.7272316116164903, 0.758897714289392, 0.7879595180973952, 0.8143751263969662, 0.8381757646373424, 0.8594513840041581, 0.8783358414253855], "score_no": 0.812, "mean_perf_no": 73.75, "mse_no": 0.014160988621125664}