{"Hno": -0.09644504569112437, "Sigma": 0.09366452067542652, "signed_st": [-0.14, -0.1, -0.06, -0.02, 0.02, 0.06, 0.1, 0.14], "m_right_No": [0.5, 0.3, 0.6, 0.7, 0.9, 0.9, 0.7, 1.0], "se_right_No": [0.15811388300841897, 0.14491376746189438, 0.15491933384829668, 0.14491376746189438, 0.09486832980505137, 0.09486832980505137, 0.14491376746189438, 0.0], "x_lr": [-0.2, -0.19, -0.18, -0.16999999999999998, -0.15999999999999998, -0.14999999999999997, -0.13999999999999996, -0.12999999999999995, -0.11999999999999994, -0.10999999999999993, -0.09999999999999992, -0.08999999999999991, -0.0799999999999999, -0.0699999999999999, -0.05999999999999989, -0.04999999999999988, -0.03999999999999987, -0.02999999999999986, -0.01999999999999985, -0.009999999999999842, 1.6653345369377348e-16, 0.010000000000000175, 0.020000000000000184, 0.030000000000000193, 0.0400000000000002, 0.05000000000000021, 0.06000000000000022, 0.07000000000000023, 0.08000000000000024, 0.09000000000000025, 0.10000000000000026, 0.11000000000000026, 0.12000000000000027, 0.13000000000000028, 0.1400000000000003, 0.1500000000000003, 0.1600000000000003, 0.17000000000000032, 0.18000000000000033, 0.19000000000000034], "y_lr_no": [0.24869317097223734, 0.26917147514736994, 0.2906836175855623, 0.313178266811029, 0.3365876415360752, 0.36082754342518625, 0.38579794830313324, 0.4113841887755018, 0.4374587270820762, 0.4638834788040066, 0.49051260926337636, 0.5171956890591589, 0.5437810671057995, 0.5701193020697272, 0.5960664883505518, 0.6214873213110494, 0.646257767274322, 0.6702672343762776, 0.6934201771520433, 0.7156371067438532, 0.7368550159691631, 0.7570272609393927, 0.7761229662056287, 0.7941260373774871, 0.8110338737301347, 0.826855874268546, 0.8416118254398641, 0.855330248860001, 0.868046774777337, 0.8798025931062317, 0.8906430200165897, 0.9006162052169714, 0.9097719938355072, 0.9181609475050786, 0.9258335219777019, 0.9328393932349885, 0.9392269204222501, 0.9450427317489871, 0.9503314184847342, 0.9551353220622336], "score_no": 0.75, "mean_perf_no": 67.5, "mse_no": 0.018332675909359192}