{"Hno": 0.02384603742980413, "Sigma": 0.012968007845650593, "signed_st": [-0.14, -0.1, -0.06, -0.02, 0.02, 0.06, 0.1, 0.14], "m_right_No": [0.0, 0.0, 0.0, 0.0, 0.5, 0.9, 1.0, 1.0], "se_right_No": [0.0, 0.0, 0.0, 0.0, 0.15811388300841897, 0.09486832980505137, 0.0, 0.0], "x_lr": [-0.2, -0.19, -0.18, -0.16999999999999998, -0.15999999999999998, -0.14999999999999997, -0.13999999999999996, -0.12999999999999995, -0.11999999999999994, -0.10999999999999993, -0.09999999999999992, -0.08999999999999991, -0.0799999999999999, -0.0699999999999999, -0.05999999999999989, -0.04999999999999988, -0.03999999999999987, -0.02999999999999986, -0.01999999999999985, -0.009999999999999842, 1.6653345369377348e-16, 0.010000000000000175, 0.020000000000000184, 0.030000000000000193, 0.0400000000000002, 0.05000000000000021, 0.06000000000000022, 0.07000000000000023, 0.08000000000000024, 0.09000000000000025, 0.10000000000000026, 0.11000000000000026, 0.12000000000000027, 0.13000000000000028, 0.1400000000000003, 0.1500000000000003, 0.1600000000000003, 0.17000000000000032, 0.18000000000000033, 0.19000000000000034], "y_lr_no": [3.1876231999905676e-08, 6.892294096370192e-08, 1.4902550547908695e-07, 3.222236153194776e-07, 6.96713203797239e-07, 1.506435450418094e-06, 3.2572163385338185e-06, 7.042742312910508e-06, 1.5227726964920575e-05, 3.292488244371043e-05, 7.118761656872377e-05, 0.0001539094763615088, 0.00033272430083078423, 0.0007191400108974197, 0.0015536295164350364, 0.0033532106028001172, 0.0072221825426645936, 0.015485855205835324, 0.03289161663963151, 0.06849988206246138, 0.1371890354625132, 0.2558393252229744, 0.42639401310840874, 0.6164600121864912, 0.7765508123130336, 0.8825503908763037, 0.9420203598347257, 0.9723223844390194, 0.9870060448486304, 0.9939481460133882, 0.9971919383754398, 0.9986993339690615, 0.9993980329907562, 0.9997215056447432, 0.9998711796202503, 0.9999404176250914, 0.9999724428131388, 0.9999872548639338, 0.9999941054505715, 0.9999972738160783], "score_no": 0.925, "mean_perf_no": 92.5, "mse_no": 0.0013792885066386568}