{"HRopt_": 0.07938856851272537, "SO_HRopt_": 0.10882921854319892, "xhat": [-0.2, -0.15000000000000002, -0.10000000000000003, -0.050000000000000044, -5.551115123125783e-17, 0.04999999999999993, 0.09999999999999992, 0.1499999999999999], "theo_pR": [0.0002615777201921965, 0.0027961344896489937, 0.01908880240050803, 0.084548914318752, 0.24911603222691836, 0.5082017753499533, 0.7637429907015069, 0.9216457572498563], "partid": 3066, "sessionid": 18, "part_sessid": "3066_18"}