{"HRopt_": 0.04623196682456702, "SO_HRopt_": 0.07601052955911235, "xhat": [-0.2, -0.15000000000000002, -0.10000000000000003, -0.050000000000000044, -5.551115123125783e-17, 0.04999999999999993, 0.09999999999999992, 0.1499999999999999], "theo_pR": [0.0015042969765071135, 0.011394819831833325, 0.056253245125984834, 0.18482970724406853, 0.41792845126412087, 0.6853526491233602, 0.8795289883631975, 0.9687372764111591], "partid": 3061, "sessionid": 18, "part_sessid": "3061_18"}