{"Dperf_oo": [100.0, 100.0, 100.0, 53.333333333333336], "Dse_perf_oo": [0.0, 0.0, 0.0, 12.881223774390612], "Sperf_oo": [100.0, 100.0, 100.0, 60.0], "Sse_perf_oo": [0.0, 0.0, 0.0, 15.491933384829668], "perf_no": [100.0, 100.0, 80.0, 65.0], "se_perf_no": [0.0, 0.0, 8.944271909999157, 10.66536450385077], "Dn_trials_oo": [17, 17, 10, 15], "Sn_trials_oo": [19, 17, 14, 10], "NOn_trials": [20, 20, 20, 20], "DRT_oo": [1.2936407861302257, 1.3504024746572594, 1.1065519750400992, 1.0939615468131525], "DsdRT_oo": [0.0, 0.0, 0.048550573947515836, 0.0], "SRT_oo": [1.3000255237121814, 1.1129329031127542, 1.2267305648359585, 1.0944910686054334], "SsdRT_oo": [NaN, 0.0, 0.07225428207848973, 0.015146653728846105], "DRT_OKoo": [0.9681410737482444, 0.9576649231812212, 1.0431960259198843, 1.032636066148291], "DsdRT_OKoo": [0.037483533918992645, 0.04999893332972526, 0.019830993410976164, 0.03141419078541581], "SRT_OKoo": [0.8178864080518061, 0.93243835261572, 0.8950023047530714, 1.083298730290526], "SsdRT_OKoo": [0.019346070064558317, 0.03774666738236726, 0.0678162606831664, 0.024480616940233027], "RT_no": [0.8459396345156606, 0.9372307153115982, 1.0550816949269026, 1.1402470847729966], "sdRT_no": [0.05654554814162518, 0.08188998742037228, 0.08118554233003746, 0.07848459349876123], "RT_noNOK": [NaN, NaN, 1.5868053835984988, 1.100071999725605], "sdRT_noNOK": [NaN, NaN, 0.0, 0.16897286514856605], "Doptout": [15.0, 15.0, 50.0, 25.0], "Dse_optout": [7.984359711335657, 7.984359711335657, 11.180339887498949, 9.682458365518542], "Soptout": [5.0, 15.0, 30.0, 50.0], "Sse_optout": [4.873397172404482, 7.984359711335657, 10.246950765959598, 11.180339887498949]}