{"Dperf_oo": [94.11764705882354, 93.75, 78.57142857142857, 57.142857142857146], "Dse_perf_oo": [5.706720589090183, 6.051536478449089, 10.966421051124836, 13.226001425322165], "Sperf_oo": [94.11764705882354, 94.44444444444444, 78.57142857142857, 66.66666666666667], "Sse_perf_oo": [5.706720589090183, 5.399029532264168, 10.966421051124836, 15.713484026367722], "perf_no": [95.0, 90.0, 80.0, 80.0], "se_perf_no": [4.873397172404484, 6.708203932499368, 8.944271909999157, 8.944271909999157], "Dn_trials_oo": [17, 16, 14, 14], "Sn_trials_oo": [17, 18, 14, 9], "NOn_trials": [20, 20, 20, 20], "DRT_oo": [1.1684872787812475, 1.050692908088478, 1.1663401856091828, 1.1489867564216738], "DsdRT_oo": [0.0, 0.018058244230605598, 0.18568143746772106, 0.0], "SRT_oo": [1.2474803343299135, 1.0830875123177512, 1.1397876721262568, 1.498909169146822], "SsdRT_oo": [0.0, 0.0, 0.04060547944960496, 0.19723402558447028], "DRT_OKoo": [1.0174993854695995, 0.9315081120905351, 0.9399428466200673, 1.1129394051408323], "DsdRT_OKoo": [0.08612018097598358, 0.03290102913438086, 0.023265284287954564, 0.19759257995545892], "SRT_OKoo": [0.996301161532114, 0.9349496066850332, 1.1130239061191889, 1.0559703785769128], "SsdRT_OKoo": [0.06359458920988403, 0.06291627958326339, 0.08578103010536656, 0.04465928218952486], "RT_no": [0.7531956735863684, 0.8833502335539702, 0.984713003944517, 1.104888766008116], "sdRT_no": [0.047354372496235086, 0.010681715393602687, 0.06205474991253215, 0.18592115413323312], "RT_noNOK": [0.7678604351079525, 1.315726401203302, 1.2617302728810653, 1.0916950897423146], "sdRT_noNOK": [NaN, 0.0, 0.0, 0.10368846792101284], "Doptout": [15.0, 20.0, 30.0, 30.0], "Dse_optout": [7.984359711335657, 8.944271909999161, 10.246950765959598, 10.246950765959598], "Soptout": [15.0, 10.0, 30.0, 55.00000000000001], "Sse_optout": [7.984359711335657, 6.708203932499369, 10.246950765959598, 11.124297730643494]}