{"Hno": -0.04622979186042255, "Sigma": 0.1898035259942378, "signed_st": [-0.14, -0.1, -0.06, -0.02, 0.02, 0.06, 0.1, 0.14], "m_right_No": [0.3, 0.3, 0.4, 0.7, 0.8, 0.7, 0.7, 0.8], "se_right_No": [0.14491376746189438, 0.14491376746189438, 0.15491933384829668, 0.14491376746189438, 0.12649110640673517, 0.14491376746189438, 0.14491376746189438, 0.12649110640673517], "x_lr": [-0.2, -0.19, -0.18, -0.16999999999999998, -0.15999999999999998, -0.14999999999999997, -0.13999999999999996, -0.12999999999999995, -0.11999999999999994, -0.10999999999999993, -0.09999999999999992, -0.08999999999999991, -0.0799999999999999, -0.0699999999999999, -0.05999999999999989, -0.04999999999999988, -0.03999999999999987, -0.02999999999999986, -0.01999999999999985, -0.009999999999999842, 1.6653345369377348e-16, 0.010000000000000175, 0.020000000000000184, 0.030000000000000193, 0.0400000000000002, 0.05000000000000021, 0.06000000000000022, 0.07000000000000023, 0.08000000000000024, 0.09000000000000025, 0.10000000000000026, 0.11000000000000026, 0.12000000000000027, 0.13000000000000028, 0.1400000000000003, 0.1500000000000003, 0.1600000000000003, 0.17000000000000032, 0.18000000000000033, 0.19000000000000034], "y_pr_no": [0.20892565061611312, 0.22438459015421747, 0.2404727928563643, 0.2571694725365862, 0.2744496204873086, 0.2922840635935855, 0.31063957140874976, 0.32947901232358545, 0.3487615581373729, 0.3684429355037847, 0.38847572189603286, 0.4088096829326274, 0.4293921471461665, 0.4501684135806048, 0.4710821869840992, 0.49207603483976087, 0.5130918600582675, 0.5340713828546095, 0.5549566251537181, 0.5756903908207591, 0.5962167350927007, 0.6164814167963516, 0.6364323272692588, 0.6560198903454497, 0.6751974283170732, 0.6939214894221379, 0.7121521331223601, 0.7298531702066131, 0.7469923555665294, 0.7635415323227903, 0.7794767268148316, 0.794778194784868, 0.8094304198719822, 0.8234220662676361, 0.8367458880561918, 0.8493985983608345, 0.8613807019269406, 0.8726962951942003, 0.8833528382310621, 0.8933609031282066], "pearson_chi2": 80.88937119687463, "mean_perf_no": 66.25, "mse_no": 0.011433380005706588}