{"Hno": -0.011265107148797388, "Sigma": 0.05436366910298797, "signed_st": [-0.14, -0.1, -0.06, -0.02, 0.02, 0.06, 0.1, 0.14], "m_right_No": [0.0, 0.0, 0.3, 0.4, 0.8, 0.8, 1.0, 1.0], "se_right_No": [0.0, 0.0, 0.14491376746189438, 0.15491933384829668, 0.12649110640673517, 0.12649110640673517, 0.0, 0.0], "x_lr": [-0.2, -0.19, -0.18, -0.16999999999999998, -0.15999999999999998, -0.14999999999999997, -0.13999999999999996, -0.12999999999999995, -0.11999999999999994, -0.10999999999999993, -0.09999999999999992, -0.08999999999999991, -0.0799999999999999, -0.0699999999999999, -0.05999999999999989, -0.04999999999999988, -0.03999999999999987, -0.02999999999999986, -0.01999999999999985, -0.009999999999999842, 1.6653345369377348e-16, 0.010000000000000175, 0.020000000000000184, 0.030000000000000193, 0.0400000000000002, 0.05000000000000021, 0.06000000000000022, 0.07000000000000023, 0.08000000000000024, 0.09000000000000025, 0.10000000000000026, 0.11000000000000026, 0.12000000000000027, 0.13000000000000028, 0.1400000000000003, 0.1500000000000003, 0.1600000000000003, 0.17000000000000032, 0.18000000000000033, 0.19000000000000034], "y_pr_no": [0.00025857734946829064, 0.0005049329825690138, 0.0009552065356691517, 0.001750882355438639, 0.0031102650523540626, 0.0053556626047524215, 0.008941501312588232, 0.014477988768659134, 0.0227426301381151, 0.034670417382532855, 0.05131381484506775, 0.07376660726472645, 0.10305159558844956, 0.13998047280950554, 0.18500338045110565, 0.2380731728446271, 0.2985526009743459, 0.36518944480634286, 0.43617461559360393, 0.5092830228214184, 0.5820800250264664, 0.6521619706376214, 0.7173916556653294, 0.7760906795196487, 0.8271603350392915, 0.8701180735271485, 0.9050535201074905, 0.9325221860450789, 0.953403372997282, 0.9687502178629445, 0.9796553087357465, 0.9871471004020312, 0.9921231907836028, 0.9953186769105632, 0.9973026311934488, 0.9984935231608726, 0.9991846519489431, 0.9995724373345878, 0.9997828004775822, 0.9998931304574791], "pearson_chi2": 53.61517452741134, "mean_perf_no": 86.25, "mse_no": 0.005921241043750319}