{"Hno": 0.006142046381223678, "Sigma": 0.04219979407141573, "signed_st": [-0.14, -0.1, -0.06, -0.02, 0.02, 0.06, 0.1, 0.14], "m_right_No": [0.0, 0.0, 0.0, 0.3, 0.7, 1.0, 0.9, 1.0], "se_right_No": [0.0, 0.0, 0.0, 0.14491376746189438, 0.14491376746189438, 0.0, 0.09486832980505137, 0.0], "x_lr": [-0.2, -0.19, -0.18, -0.16999999999999998, -0.15999999999999998, -0.14999999999999997, -0.13999999999999996, -0.12999999999999995, -0.11999999999999994, -0.10999999999999993, -0.09999999999999992, -0.08999999999999991, -0.0799999999999999, -0.0699999999999999, -0.05999999999999989, -0.04999999999999988, -0.03999999999999987, -0.02999999999999986, -0.01999999999999985, -0.009999999999999842, 1.6653345369377348e-16, 0.010000000000000175, 0.020000000000000184, 0.030000000000000193, 0.0400000000000002, 0.05000000000000021, 0.06000000000000022, 0.07000000000000023, 0.08000000000000024, 0.09000000000000025, 0.10000000000000026, 0.11000000000000026, 0.12000000000000027, 0.13000000000000028, 0.1400000000000003, 0.1500000000000003, 0.1600000000000003, 0.17000000000000032, 0.18000000000000033, 0.19000000000000034], "y_pr_no": [5.173898558688173e-07, 1.6763443922901707e-06, 5.145417160660815e-06, 1.4964722754341413e-05, 4.124737026956718e-05, 0.00010777146862867525, 0.00026699637081918355, 0.0006273804676790557, 0.0013987160655131686, 0.002959866400925879, 0.005947794258455863, 0.01135558551044466, 0.02061097139799181, 0.03559036659568974, 0.05851590089493039, 0.09169544091738713, 0.13710499086940436, 0.19587424454287705, 0.26779917634119776, 0.351039771418859, 0.44213957099185014, 0.5364210207753044, 0.628691269259964, 0.7140845544618197, 0.7888175339879893, 0.8506657720471598, 0.8990683735403613, 0.9348892541672316, 0.9599578381349378, 0.9765479422546074, 0.986930250622328, 0.9930744308236978, 0.9965128501975364, 0.9983324599840103, 0.9992430477397285, 0.9996739601930955, 0.999866792378455, 0.9999483928653946, 0.9999810462503079, 0.9999934024621797], "pearson_chi2": 97.42239311897852, "mean_perf_no": 91.25, "mse_no": 0.004554336832497013}