{"Hno": -0.027772319283577995, "Sigma": 0.09055530401582387, "signed_st": [-0.14, -0.1, -0.06, -0.02, 0.02, 0.06, 0.1, 0.14], "m_right_No": [0.0, 0.2, 0.4, 0.6, 0.8, 1.0, 0.8, 0.9], "se_right_No": [0.0, 0.1264911064067352, 0.15491933384829668, 0.15491933384829668, 0.12649110640673517, 0.0, 0.12649110640673517, 0.09486832980505137], "x_lr": [-0.2, -0.19, -0.18, -0.16999999999999998, -0.15999999999999998, -0.14999999999999997, -0.13999999999999996, -0.12999999999999995, -0.11999999999999994, -0.10999999999999993, -0.09999999999999992, -0.08999999999999991, -0.0799999999999999, -0.0699999999999999, -0.05999999999999989, -0.04999999999999988, -0.03999999999999987, -0.02999999999999986, -0.01999999999999985, -0.009999999999999842, 1.6653345369377348e-16, 0.010000000000000175, 0.020000000000000184, 0.030000000000000193, 0.0400000000000002, 0.05000000000000021, 0.06000000000000022, 0.07000000000000023, 0.08000000000000024, 0.09000000000000025, 0.10000000000000026, 0.11000000000000026, 0.12000000000000027, 0.13000000000000028, 0.1400000000000003, 0.1500000000000003, 0.1600000000000003, 0.17000000000000032, 0.18000000000000033, 0.19000000000000034], "y_pr_no": [0.028591718951768125, 0.03660844747619974, 0.04637693730599195, 0.05813584404763086, 0.07211933901214383, 0.08854692627212424, 0.10761211480399485, 0.12947048092194768, 0.15422779684130666, 0.18192900387023198, 0.21254885677801683, 0.2459850464641361, 0.2820545142636714, 0.32049350380935027, 0.3609616644987948, 0.40305024162050157, 0.44629408615152183, 0.4901869205201967, 0.5341990346703337, 0.5777963865395568, 0.6204599636959357, 0.6617042409239628, 0.7010936443766049, 0.7382560983704811, 0.7728929684098631, 0.8047849988288828, 0.833794146759337, 0.859861506690534, 0.8830017753422885, 0.9032949043429546, 0.9208757153821469, 0.9359223046367456, 0.9486440440016731, 0.9592699064423045, 0.9680377168707291, 0.9751847760491108, 0.9809401410133872, 0.9855186874321721, 0.989116939927183, 0.9919105443400282], "pearson_chi2": 95.70787410334978, "mean_perf_no": 78.75, "mse_no": 0.0123730870093883}