{"Hno": 0.014646827321207565, "Sigma": 0.08169587718340958, "signed_st": [-0.14, -0.1, -0.06, -0.02, 0.02, 0.06, 0.1, 0.14], "m_right_No": [0.0, 0.3, 0.1, 0.1, 0.6, 0.6, 0.9, 1.0], "se_right_No": [0.0, 0.14491376746189438, 0.09486832980505139, 0.09486832980505139, 0.15491933384829668, 0.15491933384829668, 0.09486832980505137, 0.0], "x_lr": [-0.2, -0.19, -0.18, -0.16999999999999998, -0.15999999999999998, -0.14999999999999997, -0.13999999999999996, -0.12999999999999995, -0.11999999999999994, -0.10999999999999993, -0.09999999999999992, -0.08999999999999991, -0.0799999999999999, -0.0699999999999999, -0.05999999999999989, -0.04999999999999988, -0.03999999999999987, -0.02999999999999986, -0.01999999999999985, -0.009999999999999842, 1.6653345369377348e-16, 0.010000000000000175, 0.020000000000000184, 0.030000000000000193, 0.0400000000000002, 0.05000000000000021, 0.06000000000000022, 0.07000000000000023, 0.08000000000000024, 0.09000000000000025, 0.10000000000000026, 0.11000000000000026, 0.12000000000000027, 0.13000000000000028, 0.1400000000000003, 0.1500000000000003, 0.1600000000000003, 0.17000000000000032, 0.18000000000000033, 0.19000000000000034], "y_pr_no": [0.004302148802269936, 0.0061228546688811844, 0.008595936836270817, 0.011905253577144032, 0.01626779100791303, 0.021933327473002005, 0.029181757622467264, 0.03831758586754709, 0.049661239208353726, 0.06353707080947014, 0.08025822116073228, 0.10010885335438763, 0.1233246501831819, 0.1500728100069813, 0.180433056238401, 0.21438133314734104, 0.2517778583321737, 0.29236101583175844, 0.3357482021450763, 0.3814442047822384, 0.4288570487384641, 0.47732055970757586, 0.5261222442381775, 0.5745345563975737, 0.6218472755829492, 0.6673986058536125, 0.7106027385858491, 0.7509719800875108, 0.7881320872130706, 0.8218301080129364, 0.8519347106014445, 0.8784296218599972, 0.9014013202133122, 0.9210224858270855, 0.9375328846174854, 0.9512193524858598, 0.9623963783988303, 0.971388500341939, 0.9785153757976265, 0.9840800174213146], "pearson_chi2": 78.43671777107724, "mean_perf_no": 82.5, "mse_no": 0.022514669470689974}