{"Hno": 0.04081850744850396, "Sigma": 0.033569215744391506, "signed_st": [-0.14, -0.1, -0.06, -0.02, 0.02, 0.06, 0.1, 0.14], "m_right_No": [0.0, 0.0, 0.0, 0.2, 0.4, 0.6, 0.9, 0.9], "se_right_No": [0.0, 0.0, 0.0, 0.1264911064067352, 0.15491933384829668, 0.15491933384829668, 0.09486832980505137, 0.09486832980505137], "x_lr": [-0.2, -0.19, -0.18, -0.16999999999999998, -0.15999999999999998, -0.14999999999999997, -0.13999999999999996, -0.12999999999999995, -0.11999999999999994, -0.10999999999999993, -0.09999999999999992, -0.08999999999999991, -0.0799999999999999, -0.0699999999999999, -0.05999999999999989, -0.04999999999999988, -0.03999999999999987, -0.02999999999999986, -0.01999999999999985, -0.009999999999999842, 1.6653345369377348e-16, 0.010000000000000175, 0.020000000000000184, 0.030000000000000193, 0.0400000000000002, 0.05000000000000021, 0.06000000000000022, 0.07000000000000023, 0.08000000000000024, 0.09000000000000025, 0.10000000000000026, 0.11000000000000026, 0.12000000000000027, 0.13000000000000028, 0.1400000000000003, 0.1500000000000003, 0.1600000000000003, 0.17000000000000032, 0.18000000000000033, 0.19000000000000034], "y_lr_no": [0.0007658255043964689, 0.0010313053405925688, 0.0013886880892775258, 0.0018696844535128169, 0.0025168624098837154, 0.0033872961761283126, 0.004557386093577408, 0.006129179995210583, 0.008238582324064634, 0.011065867973566661, 0.014848883944298877, 0.019899151821541415, 0.026620656847624324, 0.035530236621990084, 0.04727690289739784, 0.06265485100640744, 0.08260116819944086, 0.10816469025273728, 0.14042862223733027, 0.18037002420949586, 0.22864985776794008, 0.2853536315678875, 0.3497435546538345, 0.42012149705470925, 0.49390463195585055, 0.5679542282331961, 0.6390864482671288, 0.7045986161089717, 0.7626358546857037, 0.8123079910322244, 0.8535811384058327, 0.8870404855948676, 0.9136274624595075, 0.9344193784082602, 0.9504774858096494, 0.9627602992008333, 0.9720861385281535, 0.9791271656057212, 0.9844206193765496, 0.9883875485716761], "score_no": 0.85, "mean_perf_no": 82.5, "mse_no": 0.0024635436234738133}