{"HRopt_": 0.06669926129521224, "SO_HRopt_": 0.11110343583373272, "xhat": [-0.2, -0.15000000000000002, -0.10000000000000003, -0.050000000000000044, -5.551115123125783e-17, 0.04999999999999993, 0.09999999999999992, 0.1499999999999999], "theo_pR": [0.020816316919209932, 0.05768608331736691, 0.13310692412542102, 0.2581210149805214, 0.4260364654209433, 0.6088030480856719, 0.7700087342256108, 0.8852311365726618], "partid": 3066, "sessionid": 11, "part_sessid": "3066_11"}