{"HRopt_": 0.029947469051265337, "SO_HRopt_": 0.08942444674903909, "xhat": [-0.2, -0.15000000000000002, -0.10000000000000003, -0.050000000000000044, -5.551115123125783e-17, 0.04999999999999993, 0.09999999999999992, 0.1499999999999999], "theo_pR": [0.12346179147404901, 0.20827206118633423, 0.3202468099742247, 0.45161342210702626, 0.5885577759584464, 0.7154099006779264, 0.8198206889315949, 0.8961841891422154], "partid": 3074, "sessionid": 11, "part_sessid": "3074_11"}