{"HRopt_": 0.041016816798006096, "SO_HRopt_": 0.07603463795448061, "xhat": [-0.2, -0.15000000000000002, -0.10000000000000003, -0.050000000000000044, -5.551115123125783e-17, 0.04999999999999993, 0.09999999999999992, 0.1499999999999999], "theo_pR": [0.00825755769586023, 0.03509862509959072, 0.11048683288505279, 0.2619808220966676, 0.47983888047917034, 0.7040672502267697, 0.869244564581587, 0.9563226512038312], "partid": 3058, "sessionid": 11, "part_sessid": "3058_11"}