{"Dperf_oo": [100.0, 44.44444444444444, 57.142857142857146], "Dse_perf_oo": [0.0, 16.56346649999844, 18.704390591656487], "Sperf_oo": [94.11764705882354, 50.0, 71.42857142857143], "Sse_perf_oo": [5.706720589090183, 13.36306209562122, 17.074694419062766], "perf_no": [90.0, 45.0, 45.0], "se_perf_no": [6.708203932499368, 11.124297730643494, 11.124297730643494], "Dn_trials_oo": [19, 9, 7], "Sn_trials_oo": [17, 14, 7], "NOn_trials": [20, 20, 20], "DRT_oo": [1.1478261350501673, 1.0671434181219146, 1.049234819448074], "DsdRT_oo": [NaN, 0.018223762484820237, 0.0190638059020577], "SRT_oo": [1.248275785784436, 1.1124486330722458, 1.1103441791556332], "SsdRT_oo": [0.0, 0.09450668983755897, 0.07216026474736498], "DRT_OKoo": [0.8412395537788159, 0.8051015723987972, 0.8189588898689497], "DsdRT_OKoo": [0.15161867120547615, 0.003188482745727087, 0.0197296011760298], "SRT_OKoo": [0.8331148683387509, 0.7901685222352794, 0.9449800063026029], "SsdRT_OKoo": [0.02253996040014598, 0.024022970649689983, 0.011686494439376964], "RT_no": [0.8384520510805528, 1.1891409071618555, 1.1565149579425085], "sdRT_no": [0.03958757127661882, 0.10005880813739547, 0.10917736736612461], "RT_noNOK": [1.388718357144542, 1.143855049867642, 1.2151078221535498], "sdRT_noNOK": [0.0, 0.1629416642407782, 0.14866034410920148], "Doptout": [5.0, 55.00000000000001, 65.0], "Dse_optout": [4.873397172404482, 11.124297730643494, 10.66536450385077], "Soptout": [15.0, 30.0, 65.0], "Sse_optout": [7.984359711335657, 10.246950765959598, 10.66536450385077]}