{"Dperf_oo": [78.57142857142857, 43.75, 25.0], "Dse_perf_oo": [10.966421051124836, 12.401959270615269, 12.5], "Sperf_oo": [69.23076923076923, 68.75, 30.0], "Sse_perf_oo": [12.800773759043748, 11.587810136086974, 14.491376746189438], "perf_no": [85.0, 40.0, 55.0], "se_perf_no": [7.984359711335657, 10.954451150103322, 11.124297730643494], "Dn_trials_oo": [14, 16, 12], "Sn_trials_oo": [13, 16, 10], "NOn_trials": [20, 20, 20], "DRT_oo": [1.0828757097014687, 1.1064300718263276, 1.1011787308096708], "DsdRT_oo": [0.047191749316294586, 0.07869344313658087, 0.07339778903751273], "SRT_oo": [1.2864078515188646, 1.2146597767430176, 1.0589133920142588], "SsdRT_oo": [0.24629440847893058, 0.023975337505450677, 0.012845336940418962], "DRT_OKoo": [0.8532112744721599, 0.9437079388465708, 1.054110512676116], "DsdRT_OKoo": [0.021359776671872346, 0.052475269561416266, 0.0], "SRT_OKoo": [0.8837934645251688, 0.8947301417573151, 0.7650292511581893], "SsdRT_OKoo": [0.12601779294050577, 0.05349854404289449, 0.0], "RT_no": [0.9328175542416223, 0.8833218566677854, 1.0551000212875405], "sdRT_no": [0.07371498255252941, 0.2702950996459077, 0.1535533817597906], "RT_noNOK": [1.2846313647421013, 1.0188787880504295, 1.1660696823601264], "sdRT_noNOK": [0.0, 0.06359120195242636, 0.13231407483704108], "Doptout": [30.0, 20.0, 40.0], "Dse_optout": [10.246950765959598, 8.944271909999161, 10.954451150103322], "Soptout": [35.0, 20.0, 50.0], "Sse_optout": [10.66536450385077, 8.944271909999161, 11.180339887498949]}