{"Dperf_oo": [95.0, 29.41176470588235, 42.10526315789474], "Dse_perf_oo": [4.873397172404484, 11.051016901502637, 11.326896565241482], "Sperf_oo": [100.0, 60.0, 50.0], "Sse_perf_oo": [0.0, 10.954451150103322, 11.180339887498949], "perf_no": [100.0, 35.0, 45.0], "se_perf_no": [0.0, 10.66536450385077, 11.124297730643494], "Dn_trials_oo": [20, 17, 19], "Sn_trials_oo": [20, 20, 20], "NOn_trials": [20, 20, 20], "DRT_oo": [NaN, 1.7254416886948314, 1.2836122184169645], "DsdRT_oo": [NaN, 0.0, NaN], "SRT_oo": [NaN, NaN, NaN], "SsdRT_oo": [NaN, NaN, NaN], "DRT_OKoo": [1.0388781900609376, 0.9988828622695847, 1.0439697024987167], "DsdRT_OKoo": [0.10474723418740603, 0.0, 0.09884526492207284], "SRT_OKoo": [1.0434815163010924, 0.8448256755980549, 0.9815807049616911], "SsdRT_OKoo": [0.06277742743297161, 0.03557083430871073, 0.1213763024792168], "RT_no": [1.1455333958304887, 0.911800029351365, 0.9385394547161191], "sdRT_no": [0.12207001586379965, 0.0037160154989488757, 0.15979547015360127], "RT_noNOK": [NaN, 0.9717301258851154, 1.0274073120102807], "sdRT_noNOK": [NaN, 0.09380876824516393, 0.08869066436047007], "Doptout": [0.0, 15.0, 5.0], "Dse_optout": [0.0, 7.984359711335657, 4.873397172404482], "Soptout": [0.0, 0.0, 0.0], "Sse_optout": [0.0, 0.0, 0.0]}