{"Dperf_oo": [100.0, 100.0, 38.46153846153846], "Dse_perf_oo": [0.0, 0.0, 13.493200297031219], "Sperf_oo": [100.0, 100.0, 0.0], "Sse_perf_oo": [0.0, 0.0, 0.0], "perf_no": [95.0, 95.0, 55.0], "se_perf_no": [4.873397172404484, 4.873397172404484, 11.124297730643494], "Dn_trials_oo": [20, 20, 13], "Sn_trials_oo": [20, 18, 2], "NOn_trials": [20, 20, 20], "DRT_oo": [NaN, NaN, 1.597267860200683], "DsdRT_oo": [NaN, NaN, 0.09998312885193629], "SRT_oo": [NaN, 1.1827070025621322, 1.1455181081804648], "SsdRT_oo": [NaN, 0.0, 0.036264064192647605], "DRT_OKoo": [0.9242781121869834, 0.9425946927473046, 1.2167004306931977], "DsdRT_OKoo": [0.02172829584818207, 0.02932750036558821, 0.03312913366999687], "SRT_OKoo": [0.9257417585080152, 0.906287863367086, NaN], "SsdRT_OKoo": [0.0285167986623089, 0.04079659221901083, NaN], "RT_no": [0.9192409717576097, 0.9096578040135753, 1.4133783089553513], "sdRT_no": [0.014148666797156829, 0.015104648310816683, 0.20720688763858672], "RT_noNOK": [1.758204335365549, 1.727367601397052, 1.3993815851967082], "sdRT_noNOK": [NaN, NaN, 0.24361675572404123], "Doptout": [0.0, 0.0, 35.0], "Dse_optout": [0.0, 0.0, 10.66536450385077], "Soptout": [0.0, 10.0, 90.0], "Sse_optout": [0.0, 6.708203932499369, 6.708203932499368]}