{"Hno": -0.05438448770707296, "Sigma": 0.15142470520471538, "signed_st": [-0.16000000000000003, -0.07999999999999996, 0.0, 0.07999999999999996, 0.16000000000000003], "m_right_No": [0.1, 0.7, 0.65, 0.6, 1.0], "se_right_No": [0.09486832980505139, 0.14491376746189438, 0.1066536450385077, 0.15491933384829668, 0.0], "x_lr": [-1.0, -0.9, -0.8, -0.7000000000000001, -0.6000000000000001, -0.5000000000000001, -0.40000000000000013, -0.30000000000000016, -0.20000000000000018, -0.1000000000000002, -2.220446049250313e-16, 0.09999999999999964, 0.19999999999999973, 0.2999999999999998, 0.3999999999999997, 0.49999999999999956, 0.5999999999999996, 0.6999999999999997, 0.7999999999999996, 0.8999999999999995, 0.9999999999999996], "y_pr_no": [2.121846942695158e-10, 1.1725692629543057e-08, 4.2396040280194366e-07, 1.0057631824023082e-05, 0.00015715369563899104, 0.0016261921182165427, 0.011232134365732388, 0.05239839331419916, 0.1681161336458476, 0.381614903829384, 0.6402593135582536, 0.8460281419653106, 0.953515548882895, 0.9903667667433619, 0.9986533287728888, 0.9998744439736771, 0.9999922520060776, 0.9999996852039313, 0.9999999916106114, 0.9999999998537477, 0.9999999999983356], "pearson_chi2": 56.807160418006575, "mean_perf_no": 58.333333333333336, "mse_no": 0.023865519728859242}