{"Hno": -0.13959164074401956, "Sigma": 0.3930622787220871, "signed_st": [-0.17000000000000004, -0.08999999999999997, -0.010000000000000009, 0.010000000000000009, 0.08999999999999997, 0.17000000000000004], "m_right_No": [0.4, 0.8, 0.5, 0.6, 0.6, 0.9], "se_right_No": [0.15491933384829668, 0.12649110640673517, 0.15811388300841897, 0.15491933384829668, 0.15491933384829668, 0.09486832980505137], "x_lr": [-1.0, -0.9, -0.8, -0.7000000000000001, -0.6000000000000001, -0.5000000000000001, -0.40000000000000013, -0.30000000000000016, -0.20000000000000018, -0.1000000000000002, -2.220446049250313e-16, 0.09999999999999964, 0.19999999999999973, 0.2999999999999998, 0.3999999999999997, 0.49999999999999956, 0.5999999999999996, 0.6999999999999997, 0.7999999999999996, 0.8999999999999995, 0.9999999999999996], "y_pr_no": [0.014298879422031091, 0.02652125056460624, 0.046462886693190715, 0.07697032692707798, 0.12073168820288466, 0.17959115171165319, 0.25382166889239416, 0.34160046311927494, 0.43892847153929765, 0.5401160644855083, 0.6387571706884334, 0.7289204748308445, 0.8061961540060065, 0.8682969003412164, 0.9150910512847021, 0.9481528753961898, 0.9700558046695162, 0.9836613935068396, 0.9915858918235839, 0.9959136699582981, 0.998129805909192], "pearson_chi2": 59.622097751653, "mean_perf_no": 55.00000000000001, "mse_no": 0.019005416667053656}