{"Hno": -0.023106140679492668, "Sigma": 0.2566322641663805, "signed_st": [-0.20999999999999996, -0.13, -0.050000000000000044, 0.050000000000000044, 0.13, 0.20999999999999996], "m_right_No": [0.0, 0.6, 0.5, 0.8, 0.4, 0.9], "se_right_No": [0.0, 0.15491933384829668, 0.15811388300841897, 0.12649110640673517, 0.15491933384829668, 0.09486832980505137], "x_lr": [-1.0, -0.9, -0.8, -0.7000000000000001, -0.6000000000000001, -0.5000000000000001, -0.40000000000000013, -0.30000000000000016, -0.20000000000000018, -0.1000000000000002, -2.220446049250313e-16, 0.09999999999999964, 0.19999999999999973, 0.2999999999999998, 0.3999999999999997, 0.49999999999999956, 0.5999999999999996, 0.6999999999999997, 0.7999999999999996, 0.8999999999999995, 0.9999999999999996], "y_pr_no": [7.044796283446664e-05, 0.00031666063113398716, 0.0012338877484191183, 0.004174721443747999, 0.01229001707189121, 0.03156483712196633, 0.07096869249367012, 0.14030459373328769, 0.2453206326921486, 0.3822309862475715, 0.5358706935608631, 0.6842791421702408, 0.8076752088915117, 0.8959891408611557, 0.9503940578810511, 0.9792424828259705, 0.9924090733059499, 0.9975813575897992, 0.9993301500766073, 0.9998390454846074, 0.9999664953349003], "pearson_chi2": 58.986121173516224, "mean_perf_no": 66.66666666666666, "mse_no": 0.045313594588021734}