{"Hno": 0.01751814891572385, "Sigma": 0.10858360502167295, "signed_st": [-0.16000000000000003, -0.07999999999999996, 0.0, 0.07999999999999996, 0.16000000000000003], "m_right_No": [0.0, 0.4, 0.55, 0.6, 0.7], "se_right_No": [0.0, 0.15491933384829668, 0.11124297730643495, 0.15491933384829668, 0.14491376746189438], "x_lr": [-1.0, -0.9, -0.8, -0.7000000000000001, -0.6000000000000001, -0.5000000000000001, -0.40000000000000013, -0.30000000000000016, -0.20000000000000018, -0.1000000000000002, -2.220446049250313e-16, 0.09999999999999964, 0.19999999999999973, 0.2999999999999998, 0.3999999999999997, 0.49999999999999956, 0.5999999999999996, 0.6999999999999997, 0.7999999999999996, 0.8999999999999995, 0.9999999999999996], "y_lr_no": [8.516569004132237e-05, 0.0002138808886456177, 0.0005370253740091322, 0.001347738407228564, 0.0033781965814023225, 0.00844181743396331, 0.02093592184899083, 0.05097105795658843, 0.1188640033932086, 0.2530742944470827, 0.4597539378383998, 0.6812703721700993, 0.842979386680468, 0.930959003387898, 0.9713202270265652, 0.9883808494324204, 0.995341362795214, 0.9981399908711268, 0.9992586243703293, 0.9997046962826578, 0.9998824066156513], "score_no": 0.633, "mean_perf_no": 66.66666666666666, "mse_no": 0.009385746732338806}