{"Hno": 0.03478090379903754, "Sigma": 0.09797594956477174, "signed_st": [-0.24, -0.16000000000000003, -0.07999999999999996, 0.07999999999999996, 0.16000000000000003, 0.24], "m_right_No": [0.0, 0.1, 0.4, 0.5, 0.8, 0.9], "se_right_No": [0.0, 0.09486832980505139, 0.15491933384829668, 0.15811388300841897, 0.12649110640673517, 0.09486832980505137], "x_lr": [-1.0, -0.9, -0.8, -0.7000000000000001, -0.6000000000000001, -0.5000000000000001, -0.40000000000000013, -0.30000000000000016, -0.20000000000000018, -0.1000000000000002, -2.220446049250313e-16, 0.09999999999999964, 0.19999999999999973, 0.2999999999999998, 0.3999999999999997, 0.49999999999999956, 0.5999999999999996, 0.6999999999999997, 0.7999999999999996, 0.8999999999999995, 0.9999999999999996], "y_lr_no": [2.589121979283607e-05, 7.184540059065586e-05, 0.00019934713921497717, 0.0005529970052069673, 0.0015330739728516753, 0.004242768287129211, 0.011685769384732014, 0.031769291746154484, 0.08345438871158271, 0.2017080629283806, 0.412171842136589, 0.6605316545577625, 0.8437399849868559, 0.9374373594609701, 0.9765152772557317, 0.9914080367126328, 0.9968867115055703, 0.9988758645036746, 0.999594617839153, 0.999853879603312, 0.9999473394951942], "score_no": 0.783, "mean_perf_no": 78.33333333333333, "mse_no": 0.007274914973529497}