{"Hno": -0.012306112889175082, "Sigma": 0.1359743689884839, "signed_st": [-0.22999999999999998, -0.15000000000000002, -0.06999999999999995, 0.06999999999999995, 0.15000000000000002, 0.22999999999999998], "m_right_No": [0.1, 0.3, 0.5, 0.6, 0.7, 0.9], "se_right_No": [0.09486832980505139, 0.14491376746189438, 0.15811388300841897, 0.15491933384829668, 0.14491376746189438, 0.09486832980505137], "x_lr": [-1.0, -0.9, -0.8, -0.7000000000000001, -0.6000000000000001, -0.5000000000000001, -0.40000000000000013, -0.30000000000000016, -0.20000000000000018, -0.1000000000000002, -2.220446049250313e-16, 0.09999999999999964, 0.19999999999999973, 0.2999999999999998, 0.3999999999999997, 0.49999999999999956, 0.5999999999999996, 0.6999999999999997, 0.7999999999999996, 0.8999999999999995, 0.9999999999999996], "y_lr_no": [0.0006999342219593997, 0.0014592224041478522, 0.003039680442003908, 0.006321068689418956, 0.013098233443372598, 0.026944539531394255, 0.054617890618106214, 0.1075710850069603, 0.20095082570743733, 0.34413306204717, 0.5226103641558228, 0.6954949122303248, 0.8265496533586657, 0.9086117806491248, 0.9540092930667345, 0.9774159142579069, 0.9890466862411323, 0.9947199843806159, 0.9974623221333929, 0.9987820867236369, 0.9994158861599887], "score_no": 0.717, "mean_perf_no": 71.66666666666667, "mse_no": 0.004221625012689897}