{"Hno": -0.04873407972666677, "Sigma": 0.09527561958157357, "signed_st": [-0.16000000000000003, -0.07999999999999996, 0.0, 0.07999999999999996, 0.16000000000000003], "m_right_No": [0.0, 0.7, 0.75, 0.4, 1.0], "se_right_No": [0.0, 0.14491376746189438, 0.09682458365518543, 0.15491933384829668, 0.0], "x_lr": [-1.0, -0.9, -0.8, -0.7000000000000001, -0.6000000000000001, -0.5000000000000001, -0.40000000000000013, -0.30000000000000016, -0.20000000000000018, -0.1000000000000002, -2.220446049250313e-16, 0.09999999999999964, 0.19999999999999973, 0.2999999999999998, 0.3999999999999997, 0.49999999999999956, 0.5999999999999996, 0.6999999999999997, 0.7999999999999996, 0.8999999999999995, 0.9999999999999996], "y_lr_no": [4.611351959205232e-05, 0.00013171059137982496, 0.0003761353290221555, 0.0010736694072237078, 0.0030608031244263143, 0.008693691023521737, 0.02443883181574497, 0.06677901949819046, 0.16971244139627653, 0.3686342997540442, 0.6251595200962258, 0.8265101006990295, 0.9315457213449818, 0.9749195347263767, 0.9910742768114729, 0.9968570282432981, 0.9988974484593928, 0.9996137392257071, 0.9998647429104408, 0.9999526446980341, 0.9999834212275701], "score_no": 0.7, "mean_perf_no": 60.0, "mse_no": 0.052768838482269605}