{"Hno": -0.18839321998184316, "Sigma": 0.6978777817084733, "signed_st": [-0.17000000000000004, -0.08999999999999997, -0.010000000000000009, 0.010000000000000009, 0.08999999999999997, 0.17000000000000004], "m_right_No": [0.5, 0.6, 0.5, 0.6, 0.5, 0.7], "se_right_No": [0.15811388300841897, 0.15491933384829668, 0.15811388300841897, 0.15491933384829668, 0.15811388300841897, 0.14491376746189438], "x_lr": [-1.0, -0.9, -0.8, -0.7000000000000001, -0.6000000000000001, -0.5000000000000001, -0.40000000000000013, -0.30000000000000016, -0.20000000000000018, -0.1000000000000002, -2.220446049250313e-16, 0.09999999999999964, 0.19999999999999973, 0.2999999999999998, 0.3999999999999997, 0.49999999999999956, 0.5999999999999996, 0.6999999999999997, 0.7999999999999996, 0.8999999999999995, 0.9999999999999996], "y_lr_no": [0.23812911684716317, 0.2650911991285614, 0.2939282998801402, 0.3245171539314848, 0.3566812498189492, 0.3901917606236664, 0.42477181952206716, 0.4601042173645705, 0.4958422116358577, 0.5316227421717715, 0.5670810214624918, 0.6018652722918789, 0.6356503642262666, 0.6681492576605209, 0.6991214661792142, 0.7283781330829316, 0.7557837133957604, 0.7812545934703294, 0.8047552226445022, 0.8262924582181141, 0.8459088435342783], "score_no": 0.567, "mean_perf_no": 53.333333333333336, "mse_no": 0.004060989390827451}