{"HRopt_": 5.024067041003337, "SO_HRopt_": 9.637304477767607, "xhat": [-0.5, -0.45, -0.4, -0.35000000000000003, -0.30000000000000004, -0.25000000000000006, -0.20000000000000007, -0.15000000000000008, -0.10000000000000009, -0.0500000000000001, -1.1102230246251565e-16, 0.04999999999999982, 0.09999999999999987, 0.1499999999999999, 0.19999999999999984, 0.24999999999999978, 0.2999999999999998, 0.34999999999999987, 0.3999999999999998, 0.44999999999999973], "theo_pR": [0.4755630039380865, 0.47733656461253826, 0.47911057428425974, 0.480884997874531, 0.4826598002800273, 0.4844349463749025, 0.4862104010128741, 0.4879861290293115, 0.4897620952433247, 0.4915382644598559, 0.49331460147177153, 0.49509107106195627, 0.4968676380054068, 0.4986442670713283, 0.5004209230252297, 0.5021975706310198, 0.5039741746531047, 0.5057506998584831, 0.5075271110188431, 0.5093033729126581], "partid": 1000, "sessionid": 7, "part_sessid": "1000_7"}