{"HRopt_": 0.8348046091984398, "SO_HRopt_": 1.7200008383915844, "xhat": [-0.5, -0.45, -0.4, -0.35000000000000003, -0.30000000000000004, -0.25000000000000006, -0.20000000000000007, -0.15000000000000008, -0.10000000000000009, -0.0500000000000001, -1.1102230246251565e-16, 0.04999999999999982, 0.09999999999999987, 0.1499999999999999, 0.19999999999999984, 0.24999999999999978, 0.2999999999999998, 0.34999999999999987, 0.3999999999999998, 0.44999999999999973], "theo_pR": [0.42509827234524683, 0.4342128712498803, 0.44336257984249405, 0.45254258728965074, 0.4617480341412914, 0.4709740200448843, 0.4802156115691621, 0.48946785011663185, 0.4987257599037141, 0.507984355987108, 0.5172386523148097, 0.5264836697801141, 0.5357144442569239, 0.5449260345947543, 0.5541135305519796, 0.563272060646095, 0.5723967999000826, 0.5814829774643583, 0.5905258840942429, 0.599520879463441], "partid": 997, "sessionid": 7, "part_sessid": "997_7"}