{"HRopt_": 0.7483816468707498, "SO_HRopt_": 1.3777428274972812, "xhat": [-0.5, -0.45, -0.4, -0.35000000000000003, -0.30000000000000004, -0.25000000000000006, -0.20000000000000007, -0.15000000000000008, -0.10000000000000009, -0.0500000000000001, -1.1102230246251565e-16, 0.04999999999999982, 0.09999999999999987, 0.1499999999999999, 0.19999999999999984, 0.24999999999999978, 0.2999999999999998, 0.34999999999999987, 0.3999999999999998, 0.44999999999999973], "theo_pR": [0.350374578516083, 0.3625445125577451, 0.3748549459550783, 0.3872942393826246, 0.3998503557840452, 0.412510895067722, 0.42526313068138244, 0.4380940478868435, 0.4509903835435984, 0.46393866719890253, 0.4769252632724049, 0.4899364141152839, 0.502958283717361, 0.5159770018308575, 0.528978708276353, 0.541949597195154, 0.5548759610126738, 0.5677442338795822, 0.5805410343613612, 0.5932532071524876], "partid": 1006, "sessionid": 7, "part_sessid": "1006_7"}