{"HRopt_": 0.22217726426504078, "SO_HRopt_": 0.663043611869508, "xhat": [-0.5, -0.45, -0.4, -0.35000000000000003, -0.30000000000000004, -0.25000000000000006, -0.20000000000000007, -0.15000000000000008, -0.10000000000000009, -0.0500000000000001, -1.1102230246251565e-16, 0.04999999999999982, 0.09999999999999987, 0.1499999999999999, 0.19999999999999984, 0.24999999999999978, 0.2999999999999998, 0.34999999999999987, 0.3999999999999998, 0.44999999999999973], "theo_pR": [0.4042534968132173, 0.4224022116978935, 0.44071720959230687, 0.459159927032184, 0.47769097568261154, 0.4962703944814352, 0.514857907967307, 0.5334131880111909, 0.5518961161185868, 0.5702670434610877, 0.5884870458302862, 0.6065181707838503, 0.6243236743712794, 0.6418682449831712, 0.6591182120597412, 0.6760417376181993, 0.6926089888101076, 0.7087922899943336, 0.7245662531035453, 0.739907885387031], "partid": 1003, "sessionid": 7, "part_sessid": "1003_7"}