{"HRopt_": 0.3387683868634859, "SO_HRopt_": 0.7222711281212817, "xhat": [-0.5, -0.45, -0.4, -0.35000000000000003, -0.30000000000000004, -0.25000000000000006, -0.20000000000000007, -0.15000000000000008, -0.10000000000000009, -0.0500000000000001, -1.1102230246251565e-16, 0.04999999999999982, 0.09999999999999987, 0.1499999999999999, 0.19999999999999984, 0.24999999999999978, 0.2999999999999998, 0.34999999999999987, 0.3999999999999998, 0.44999999999999973], "theo_pR": [0.31991051374377266, 0.3392986998846832, 0.35912198621347535, 0.3793320672932371, 0.3998774571305839, 0.42070387821231037, 0.4417546892233304, 0.46297134586455563, 0.4842938885412035, 0.5056614501613853, 0.5270127768851575, 0.548286754405736, 0.5694229322338903, 0.5903620384964992, 0.6110464779498473, 0.6314208062425793, 0.6514321739337776, 0.6710307343664033, 0.69017001020031, 0.70880721420462], "partid": 992, "sessionid": 7, "part_sessid": "992_7"}