{"H_st": -0.1588255467133381, "st_sigma": 0.10920425420943819, "signed_stair": [-0.7, -0.6599999999999999, -0.62, -0.5800000000000001, -0.5, -0.45999999999999996, -0.38, -0.33999999999999997, -0.30000000000000004, -0.26, -0.21999999999999997, -0.19999999999999996, -0.18000000000000005, -0.16000000000000003, -0.14, -0.13, -0.12, -0.10999999999999999, -0.09999999999999998, -0.08999999999999997, -0.07999999999999996, 0.09999999999999998, 0.10999999999999999, 0.12, 0.13, 0.14, 0.15000000000000002, 0.16000000000000003, 0.18000000000000005, 0.19999999999999996, 0.21999999999999997, 0.24, 0.26, 0.42000000000000004, 0.54], "m_right": [NaN, NaN, NaN, NaN, 0.0, 0.0, 0.0, 0.0, 0.0, 0.0, 0.6666666666666666, 0.0, 1.0, 0.0, 0.4, 1.0, 0.5, 1.0, 0.5, 1.0, 1.0, 1.0, 1.0, 0.6666666666666666, 1.0, 0.6666666666666666, 1.0, 1.0, 1.0, 1.0, 1.0, 1.0, 1.0, 1.0, 1.0], "se_right": [NaN, NaN, NaN, NaN, 0.0, 0.0, 0.0, 0.0, 0.0, 0.0, 0.2721655269759087, 0.0, 0.0, 0.0, 0.21908902300206645, 0.0, 0.3535533905932738, 0.0, 0.3535533905932738, 0.0, 0.0, 0.0, 0.0, 0.2721655269759087, 0.0, 0.2721655269759087, 0.0, 0.0, 0.0, 0.0, 0.0, 0.0, 0.0, 0.0, 0.0], "x_lr": [-1.0, -0.9, -0.8, -0.7000000000000001, -0.6000000000000001, -0.5000000000000001, -0.40000000000000013, -0.30000000000000016, -0.20000000000000018, -0.1000000000000002, -2.220446049250313e-16, 0.09999999999999964, 0.19999999999999973, 0.2999999999999998, 0.3999999999999997, 0.49999999999999956, 0.5999999999999996, 0.6999999999999997, 0.7999999999999996, 0.8999999999999995, 0.9999999999999996], "y_lr": [0.00045137406443674836, 0.0011270236120182568, 0.002811190158453344, 0.006994466146093009, 0.017294827004757953, 0.0421205387645846, 0.09899234524822567, 0.2153866969712099, 0.40684083136642085, 0.6315040181326025, 0.810673099811919, 0.914519067604465, 0.9639391444462216, 0.9852483014857724, 0.9940432204964783, 0.9976073684304633, 0.9990410202761918, 0.9996159664099923, 0.999846262724906, 0.999938464015993, 0.9999753705279599], "score": 0.804}