{"H_st": 0.04778004703168029, "st_sigma": 0.13114893365839414, "signed_stair": [-0.6599999999999999, -0.62, -0.5800000000000001, -0.33999999999999997, -0.30000000000000004, -0.26, -0.21999999999999997, -0.18000000000000005, -0.17000000000000004, -0.16000000000000003, -0.15000000000000002, -0.14, -0.12, -0.10999999999999999, -0.09999999999999998, -0.07999999999999996, 0.07999999999999996, 0.09999999999999998, 0.10999999999999999, 0.12, 0.13, 0.14, 0.15000000000000002, 0.16000000000000003, 0.18000000000000005, 0.19999999999999996, 0.21999999999999997, 0.26, 0.30000000000000004, 0.33999999999999997, 0.38, 0.42000000000000004, 0.45999999999999996, 0.5, 0.54, 0.7], "m_right": [NaN, NaN, NaN, 0.0, 0.0, 0.5, 0.0, 0.0, 0.0, 0.0, 0.5, 0.4, 0.0, 1.0, 0.0, 0.0, 0.5, 0.0, 0.5, 0.5, 1.0, 0.0, 1.0, 1.0, 0.3333333333333333, 1.0, 1.0, 1.0, 1.0, 1.0, 1.0, 1.0, 1.0, 1.0, 1.0, NaN], "se_right": [NaN, NaN, NaN, 0.0, 0.0, 0.3535533905932738, 0.0, 0.0, 0.0, 0.0, 0.3535533905932738, 0.21908902300206645, 0.0, 0.0, 0.0, 0.0, 0.3535533905932738, 0.0, 0.3535533905932738, 0.25, 0.0, 0.0, 0.0, 0.0, 0.2721655269759087, 0.0, 0.0, 0.0, 0.0, 0.0, 0.0, 0.0, 0.0, 0.0, 0.0, NaN], "x_lr": [-1.0, -0.9, -0.8, -0.7000000000000001, -0.6000000000000001, -0.5000000000000001, -0.40000000000000013, -0.30000000000000016, -0.20000000000000018, -0.1000000000000002, -2.220446049250313e-16, 0.09999999999999964, 0.19999999999999973, 0.2999999999999998, 0.3999999999999997, 0.49999999999999956, 0.5999999999999996, 0.6999999999999997, 0.7999999999999996, 0.8999999999999995, 0.9999999999999996], "y_lr": [0.0003389774219818194, 0.0007263542351684158, 0.0015557288116671217, 0.00332895506297492, 0.007108921615554588, 0.01511587460979514, 0.03185194424425033, 0.06587848032110016, 0.13132398465017342, 0.24475011941296976, 0.4099144638209091, 0.5982486038134056, 0.7614534944076855, 0.8724900355231145, 0.9361744718200297, 0.9691756387168944, 0.9853799355867567, 0.9931260885100557, 0.9967815001863324, 0.9984959792994781, 0.9992978071520727], "score": 0.768}