{"H_st": 0.011892592335976521, "st_sigma": 0.14077449053457536, "signed_stair": [-0.7, -0.62, -0.5800000000000001, -0.54, -0.5, -0.33999999999999997, -0.26, -0.24, -0.21999999999999997, -0.19999999999999996, -0.18000000000000005, -0.16000000000000003, -0.15000000000000002, -0.14, -0.13, -0.12, -0.10999999999999999, -0.09999999999999998, 0.07999999999999996, 0.08999999999999997, 0.09999999999999998, 0.10999999999999999, 0.12, 0.14, 0.15000000000000002, 0.17000000000000004, 0.18000000000000005, 0.21999999999999997, 0.24, 0.26, 0.28, 0.30000000000000004, 0.38, 0.42000000000000004, 0.45999999999999996, 0.6599999999999999], "m_right": [NaN, NaN, NaN, 0.0, 0.0, 0.0, 0.0, 0.0, 0.0, 0.75, 1.0, 0.0, 1.0, 0.0, 0.0, 0.3333333333333333, 0.0, 0.0, 0.0, 0.5, 0.0, 1.0, 1.0, 1.0, 1.0, 1.0, 0.6666666666666666, 1.0, 0.75, 1.0, 1.0, 1.0, 1.0, 1.0, 1.0, NaN], "se_right": [NaN, NaN, NaN, 0.0, 0.0, 0.0, 0.0, 0.0, 0.0, 0.21650635094610965, 0.0, 0.0, 0.0, 0.0, 0.0, 0.2721655269759087, 0.0, 0.0, 0.0, 0.3535533905932738, 0.0, 0.0, 0.0, 0.0, 0.0, 0.0, 0.2721655269759087, 0.0, 0.21650635094610965, 0.0, 0.0, 0.0, 0.0, 0.0, 0.0, NaN], "x_lr": [-1.0, -0.9, -0.8, -0.7000000000000001, -0.6000000000000001, -0.5000000000000001, -0.40000000000000013, -0.30000000000000016, -0.20000000000000018, -0.1000000000000002, -2.220446049250313e-16, 0.09999999999999964, 0.19999999999999973, 0.2999999999999998, 0.3999999999999997, 0.49999999999999956, 0.5999999999999996, 0.6999999999999997, 0.7999999999999996, 0.8999999999999995, 0.9999999999999996], "y_lr": [0.0007549985422433234, 0.0015350080224895216, 0.003118351642574028, 0.006324551366397487, 0.012784995826729068, 0.025674188747898376, 0.050887808980400996, 0.09836296703647489, 0.18165247899249645, 0.31113129267037765, 0.4788926168587938, 0.6515538232318552, 0.7918696458030852, 0.8856024185648356, 0.9403043331898457, 0.9697429000298907, 0.9848971847773176, 0.9925199828493044, 0.996309764839505, 0.9981829531474484, 0.9991061514679688], "score": 0.768}