{"participantID": [3051, 3053, 3054, 3055, 3056, 3057, 3058, 3059, 3060, 3061, 3062, 3063, 3064, 3065, 3066, 3067, 3068, 3069, 3070, 3071, 3072, 3073, 3074, 3075, 3076, 3077, 3078], "sessionID": [16, 16, 16, 16, 16, 16, 16, 16, 16, 16, 16, 16, 16, 16, 16, 16, 16, 16, 16, 16, 16, 16, 16, 16, 16, 16, 16], "Dsubj_perf_oo": [76.9607843137255, 85.48611111111111, 82.43629435579899, 78.14775910364145, 62.291666666666664, 81.0672514619883, 91.28787878787878, 100.0, 80.31045751633988, 86.63063909774436, 90.64327485380117, 73.55889724310777, 84.24707602339181, 78.61111111111111, 85.83333333333333, 70.1107226107226, 82.5, 70.0, 85.95588235294117, 83.40643274853801, 89.03508771929825, 85.57692307692308, 73.34795321637426, 88.65384615384616, 90.41252864782277, 90.0, 91.42857142857143], "Ssubj_perf_oo": [82.80303030303031, 89.28571428571429, 82.17105263157895, 72.67156862745098, 83.33333333333333, 89.67171717171718, 91.66666666666667, 84.375, 72.37394957983194, 94.04761904761905, 97.91666666666667, 93.33333333333333, 82.32600732600731, 83.91025641025641, 77.68575851393189, 65.34722222222223, 78.09210526315789, 75.0, 95.3921568627451, 87.5, 85.21825396825398, 86.77083333333333, 72.36111111111111, 88.0952380952381, 81.54761904761905, 85.28846153846153, 85.57692307692308], "subj_perf_no": [71.25, 83.75, 86.25, 72.5, 63.75, 77.5, 83.75, 71.25, 87.5, 81.25, 91.25, 78.75, 82.5, 82.5, 83.75, 71.25, 82.5, 62.5, 82.5, 81.25, 86.25, 86.25, 81.25, 82.5, 82.5, 88.75, 82.5], "subj_RT_no": [1.1027510407294032, 0.9582451574460101, 1.0161429924664143, 0.9984508039548347, 1.1466524973894117, 1.043226526850693, 0.9989057765349323, 1.1205500129402604, 0.9858012170385395, 1.0161753176610326, 0.9545398812545169, 1.010144927536232, 0.9785082577469117, 1.0153982867032743, 1.0058021453556976, 1.0529557488192625, 1.0069303909141394, 1.0712, 1.0073344951101206, 0.9847942167371049, 0.9530846991226434, 0.9519311893249315, 0.9803261427881939, 1.019606924156015, 0.9837018393020943, 0.976872632280563, 0.9468513845690996], "Dsubj_RT_oo": [1.187851956269776, 1.18702489079355, 1.787777215282642, 1.4569570455073917, 1.0051262365663598, 1.472828548869644, 1.07203537587488, 0.9590109996346817, 1.3448275862068966, 1.2043696285693875, 17.904166359914658, 1.2043478260869565, 1.42144428190785, 1.6724185650546695, 2.154089600517678, 1.0762034294192455, NaN, 1.0608, 1.6529079454501496, 1.2728579643817934, 2.21009921831441, 1.373918576878377, 1.490373225883411, 1.191405761723664, 1.1720968054167753, 1.3843711202298856, 1.0843692182273978], "Ssubj_RT_oo": [1.1673825099328718, 1.2341820125567229, 1.542770356345266, 1.4532015402066152, 0.994087272469431, 1.7344412277704082, 1.0523784330006174, 0.9574859580791626, 1.2373225152129816, 1.1063710190354, 4.997019410536696, 1.144927536231884, 1.4019147059759194, 1.354175164236972, 2.067609535840058, 1.242463690745917, 1.324042728081168, 0.9472, 1.70790325362498, 1.1929433993687315, 1.7913246512986079, 1.3507171354582919, 1.3670528697703885, 1.1201021747240982, 1.1164220716157558, 1.3864801198119527, 1.1152947630064984], "OKubj_RT_no": [1.0584054683100954, 0.9589768530087163, 0.9903729954744139, 0.9405371606668386, 1.2863997903736577, 1.0024778914315802, 0.9764621711508139, 1.1167857488104465, 0.9858012170385395, 0.9995044598334085, 0.9229572261804875, 0.946376811594203, 0.9738472272797485, 1.0067303770482623, 0.9814942619730559, 0.9923155390025239, 0.979298039684481, 1.0368, 0.9662115322316857, 0.9599194939840419, 0.9040064436308904, 0.9067723899226362, 0.972391218508718, 0.9254351019072513, 0.9221219747925217, 0.968834558999589, 0.9067616869505616], "OKDsubj_RT_oo": [0.8541882337418607, 0.8543925831481274, 0.9886582617957689, 0.9073509169415196, 0.9129429279355674, 0.9422768292213273, 0.8893782165524444, 0.9667016999984814, 0.9685598377281948, 0.9209428575691159, 0.9528968787272506, 0.8971014492753623, 0.9675250849044845, 0.9231214671630419, 0.9837027250922241, 0.8820614950545312, 0.9958774503894792, 0.9104, 0.9344185067030887, 0.9046332046812802, 0.8956019922887433, 0.9911412678289889, 1.0072896013822925, 0.8483705161112938, 0.911883833529369, 0.9949582974870259, 0.8913527193733535], "OKSsubj_RT_oo": [0.9166464762190523, 0.9230974820034586, 0.9022438513924763, 0.8427426763447304, 1.060527042688893, 0.9359796689238084, 0.9254996152149133, 0.9640819967137065, 0.9046653144016227, 0.940039643200412, 1.0017945956911178, 0.8768115942028986, 0.8871081422763055, 0.9322919700029266, 0.9934633434376808, 0.9211055520694179, 0.9738654771895934, 0.8976, 0.9896627664319478, 0.9326501273789976, 0.9332410232467236, 0.8451545094516565, 1.031939237755666, 0.9527715285536571, 0.9625246853742563, 0.9734186484586309, 0.9526831183411447], "NOKubj_RT_no": [1.2258320301349845, 0.9575134618833041, 1.22549563959201, 1.3744832696718283, 0.9928045430134238, 1.126455393616815, 1.262956327225123, 1.1243142770700743, 1.0334685598377282, 1.1146694673616118, 2.6249874600974548, 1.4, 1.0420307358713756, 1.2174152144780965, 1.1177485507160716, 1.4330985575297137, 1.2054607348442519, 1.188, 1.6112143089970554, 1.165998521322573, 1.1534189464683346, 1.564649440178713, 1.0960299905204445, 1.5195913010581383, 1.3147763794667435, 1.0219654282564297, 1.2663540210489117], "NOKDsubj_RT_oo": [0.917857903278911, 0.8840152998859891, 1.1434782964839834, 1.0379931349103293, 0.856067451037143, 0.9416817436564537, 1.045311072132251, NaN, 1.1460446247464504, 1.042616451872958, 1.0774618843420236, 1.1681159420289855, 1.2351022345176743, 1.0380623215298246, 0.8952656071543883, 0.8587263807629953, 0.9302641155383323, 0.7312, 1.1079683640084386, 1.131409677181672, 2.293525314438948, 1.1508629935303025, 1.0299268492526277, 0.775004686921406, 1.0816495643719004, 0.9931954925682497, 1.13924652620509], "NOKSsubj_RT_oo": [0.9135628436977062, 0.6899231938739535, 0.9730215239819704, 0.8814725715394625, 1.1320509160302037, 1.1882953742267637, 0.8819501226574642, 0.8622316753341756, 1.0780933062880325, 1.1676885640844314, 2.4343456636237377, 1.0384057971014493, 0.9611285643739277, 1.132538896458747, 1.1370233071621119, 0.909345703647711, 1.259866181538941, 0.848, 1.0325130700000034, 0.9371560010351863, 1.7385690712576503, 0.8275156940382067, 0.939764202412593, 1.015810523716793, 1.2207860600327995, 1.0131673192784112, 0.9841953076161076], "medianRT": [681.0149999982968, 570.5924999999697, 612.3399999924004, 627.7449997141957, 534.0174999728333, 512.5325005501509, 831.6399999894202, 801.6174999993382, 493.0, 676.0300000023562, 1121.4225000148872, 690.0, 705.8525000029476, 686.4400000777096, 507.14000000152737, 514.6749999839813, 532.4374999909196, 625.0, 652.7374999859603, 608.6499999801163, 828.727499989327, 699.3099999963306, 588.8525000009395, 640.0800000119489, 645.6250000046566, 628.2600000267848, 720.1974999625236], "Dsubj_optout_oo": [11.25, 40.0, 15.0, 27.5, 16.25, 7.5, 35.0, 81.25, 13.75, 16.25, 3.75, 27.5, 20.0, 2.5, 6.25, 36.25, 0.0, 83.75, 3.75, 22.5, 18.75, 36.25, 3.75, 22.5, 23.75, 18.75, 26.25], "Ssubj_optout_oo": [38.75, 41.25, 1.25, 28.75, 85.0, 15.0, 48.75, 67.5, 21.25, 52.5, 13.75, 38.75, 21.25, 42.5, 5.0, 51.25, 1.25, 87.5, 12.5, 30.0, 16.25, 25.0, 2.5, 36.25, 42.5, 11.25, 27.5]}