{"participantID": [3051, 3053, 3054, 3055, 3056, 3057, 3058, 3059, 3060, 3061, 3062, 3063, 3064, 3065, 3066, 3067, 3068, 3069, 3070, 3071, 3072, 3073, 3074, 3075, 3076, 3077, 3078], "sessionID": [15, 15, 15, 15, 15, 15, 15, 15, 15, 15, 15, 15, 15, 15, 15, 15, 15, 15, 15, 15, 15, 15, 15, 15, 15, 15, 15], "Dsubj_perf_oo": [58.7938596491228, 85.83333333333333, 90.35319255907493, 68.34821428571429, 62.443977591036415, 81.35534915720673, 87.21988795518207, 83.92857142857143, 68.72549019607843, 82.00501253132833, 92.88194444444444, 74.72222222222223, 84.28571428571429, 81.66666666666667, 87.92528195488723, 69.36507936507937, 84.86842105263158, 85.0, 87.05357142857143, 88.4857978279031, 89.70588235294119, 91.66666666666667, 72.5, 90.9090909090909, 82.58513931888545, 92.47208931419458, 83.94607843137254], "Ssubj_perf_oo": [75.0, 96.42857142857143, 85.57692307692308, 74.71988795518207, 75.0, 75.75851393188854, 79.95798319327731, 100.0, 73.49837662337663, 90.7451923076923, 91.66666666666667, 80.0, 76.90972222222223, 83.33333333333333, 83.03049289891395, 79.90176490176489, 82.37179487179486, 91.66666666666667, 84.67105263157895, 97.91666666666667, 88.3433014354067, 88.21428571428571, 87.29532163742691, 88.54166666666667, 97.72727272727272, 88.75, 87.94534412955466], "subj_perf_no": [62.5, 86.25, 83.75, 68.75, 67.5, 77.5, 77.5, 72.5, 73.75, 78.75, 85.0, 77.5, 82.5, 77.5, 77.5, 77.5, 76.25, 68.75, 85.0, 81.25, 88.75, 83.75, 77.5, 87.5, 90.0, 80.0, 80.0], "subj_RT_no": [1.0223899189378238, 1.0001717087267235, 1.027239504202018, 1.018496141216073, 1.0496835766346035, 1.0303709151427098, 0.992624614209486, 1.1787016996855073, 0.9924433249370277, 0.9685513676099857, 0.9723794350350315, 1.0629865534324132, 1.0240739149331577, 0.948877924037932, 0.9946437404207793, 0.9774323535998864, 0.998310446995753, 1.1130906274206043, 1.01903322676782, 0.9942336468113065, 0.9988264306819067, 0.9865928478411, 0.9833759173212696, 1.0506523054560803, 0.9783834042490238, 0.9951950434606219, 1.0251418240524528], "Dsubj_RT_oo": [1.456142694665423, 1.3145161654700326, 1.5476672269234346, 1.3278091535190917, 0.8303460243511874, 1.7039597828511228, 1.0820033132929916, 1.0230963660325043, 1.1368597816960537, 1.3366680151752757, 3.589044837222464, 1.4451521585279548, 1.3781297839922377, 1.2168399905347647, 2.028670356778305, 1.2855689171814964, 1.7266370237488708, 0.9558481797056545, 2.0005773515431904, 1.2776203047115364, 2.5111907065995602, 1.2043488082675646, 1.533264491487837, 1.126393283121366, 1.2452374065246994, 1.3703358946985489, 1.3398497065719597], "Ssubj_RT_oo": [1.1530862414497915, 1.2383317141486423, 1.5487837875327306, 1.3649247410481953, 1.147366540816006, 1.8919430224791465, 1.1263030581365505, 0.8321906232161228, 1.0982367758186398, 1.2726633799892524, 1.5573375818341992, 1.2469922151450814, 1.3320698028893287, 1.2627528783870372, 1.6116735366862518, 1.2673429422301539, 1.4536665215477755, 0.9744384198295895, 1.4995175820674238, 1.1813765444989717, 2.1032065771067616, 1.2216931235758852, 1.4489073736959164, 1.0903613534581513, 1.250902929881152, 1.3318811684220184, 1.2374744968927882], "OKubj_RT_no": [0.9953602570870276, 0.9856713585277671, 0.9879922107066387, 0.9991532863203884, 1.141742370163439, 0.9423354203149729, 0.9730833990886356, 1.1453335553179096, 0.9890848026868178, 0.955856035019362, 0.9572642439792329, 0.9561217268223637, 0.9648821288375551, 0.9447048865735814, 0.9893581439136234, 0.974479112438193, 0.971373324203933, 1.0658404337722696, 1.0061958732643508, 0.9768980912733858, 0.9763196224262924, 0.9108042498521257, 0.9758822232944803, 1.0031332112527667, 0.963866275500467, 0.8898515548746895, 0.965489129247528], "OKDsubj_RT_oo": [0.8888086512240361, 0.8952396014551084, 0.9623761017153966, 0.8847443836142974, 0.8808206594067088, 0.9098984894379438, 0.9020601617464238, 0.9431924243128422, 0.9336691855583543, 0.9049958516377186, 1.008532483621384, 0.778485491861288, 0.8904102177307323, 0.9067621533226362, 0.976450359190805, 0.9835513967499552, 0.9705357271880635, 0.9705654531371031, 0.8664845490603048, 0.9837998726907867, 0.9485140683709423, 0.9158529982407089, 1.0015754716199077, 0.9187395144321903, 0.8605727509553038, 0.9950028453183791, 0.9273244147892151], "OKSsubj_RT_oo": [0.9484826054757572, 0.9214613316431826, 0.9201830703858136, 0.8909878607694623, 1.0602123099424638, 0.9826348232520381, 0.9521497708421927, 0.9029831544822794, 0.9286314021830394, 0.9338800474451039, 0.8662696305182788, 0.9398443029016278, 0.9466102692808847, 0.8621823630802365, 0.9182428453365463, 0.8914356008416878, 0.9750491788748905, 0.895429899302866, 0.9343059188103445, 0.9298264822698062, 0.9710369529657579, 0.8909606606226518, 0.9611111564639315, 0.8891157296206688, 0.9608454895592831, 0.8681369204370815, 0.9865378035275835], "NOKubj_RT_no": [1.0699138849251657, 1.7445154876729825, 1.7092445878516305, 1.2787902717296207, 0.9470041850141906, 1.1604815219815428, 1.2200114510095719, 1.4309429754859688, 1.019311502938707, 1.062986403011161, 1.5614520901259703, 1.6878980891719746, 1.3525409056043056, 1.0423305830874643, 0.9949028382877018, 1.0012527531793465, 1.148790749179566, 1.1990704879938032, 1.1901075268562653, 1.2221911331449495, 1.885948356463592, 1.8386265109817237, 1.098299633477666, 1.7802117407011868, 1.179482623282045, 1.2310524551143367, 1.3128704004425695], "NOKDsubj_RT_oo": [0.9903811088404313, 0.8038815209780742, 1.2932667207931465, 0.9272320717621363, 0.9134122690518465, 1.2465864775139903, 0.8888542573487668, 1.1100936870935818, 1.0629722921914357, 1.0486694413710091, 1.2670004804652104, 1.1797593772116066, 1.1330462541256439, 0.8562244914261425, 1.0797126368910894, 0.9767856254809083, 0.997736094726052, 1.112316034082107, 1.0474474474564828, 1.0608711167776066, 1.585276689086906, 1.1897691130066574, 1.1800119180773723, 0.9822540735421872, 0.9793793131532468, 1.0153004885914436, 0.9822799140048151], "NOKSsubj_RT_oo": [0.93687061075172, 1.2998892930538077, 1.335474995563505, 1.1192220107252482, 0.941706644895174, 1.152502927258432, 0.9753532697434971, NaN, 1.0058774139378674, 1.1820818562966176, 0.9566901853602103, 1.4168435951875442, 1.2181451882420675, 0.8934975174377815, 1.038030856138998, 0.91338365446013, 1.1625129827940313, 0.9961270333075135, 1.1850198585740943, 0.8180922373703168, 2.415337425363755, 1.0184630720362038, 1.017036317472214, 1.1005347142781472, 1.1722385223052083, 0.8835542356083523, 0.9631532036921808], "medianRT": [692.3874999993131, 553.2625000014377, 656.0324999736622, 608.2349997013807, 489.84999998356216, 516.6950000002471, 737.9275000130292, 991.0650000001624, 595.5, 729.204999996, 988.5750000103144, 706.5, 785.497500000929, 791.3899996783584, 530.6875000096625, 552.7824999880977, 522.3274999880232, 645.5, 645.1875000057044, 616.5074999880744, 777.5424999999814, 697.2024999995483, 612.5150000007125, 652.685000008205, 604.974999994738, 663.3775000227615, 591.8425000272691], "Dsubj_optout_oo": [17.5, 22.5, 16.25, 23.75, 23.75, 7.5, 16.25, 73.75, 17.5, 16.25, 8.75, 23.75, 22.5, 40.0, 13.75, 23.75, 6.25, 78.75, 12.5, 17.5, 10.0, 33.75, 2.5, 22.5, 7.5, 20.0, 20.0], "Ssubj_optout_oo": [37.5, 42.5, 17.5, 27.5, 77.5, 5.0, 48.75, 73.75, 31.25, 25.0, 26.25, 38.75, 25.0, 41.25, 11.25, 33.75, 20.0, 81.25, 12.5, 22.5, 12.5, 32.5, 5.0, 45.0, 41.25, 11.25, 23.75]}