{"participantID": [3051, 3053, 3054, 3055, 3056, 3057, 3058, 3059, 3060, 3061, 3062, 3063, 3064, 3065, 3066, 3067, 3068, 3069, 3070, 3071, 3072, 3073, 3074, 3075, 3076, 3077, 3078], "sessionID": [2, 2, 2, 2, 2, 2, 2, 2, 2, 2, 2, 2, 2, 2, 2, 2, 2, 2, 2, 2, 2, 2, 2, 2, 2, 2, 2], "Dsubj_perf_oo": [83.05555555555556, 93.75, 75.83333333333333, 75.0, 64.88970588235294, 85.41666666666667, 73.82211538461539, 86.16071428571429, 86.38392857142857, 87.66025641025641, 88.61928104575165, 77.33660130718954, 70.3125, 83.43253968253968, 88.14102564102565, 79.77678571428572, 77.97619047619048, 73.34261133603239, 84.2063492063492, 89.58333333333333, 89.16666666666667, 70.85084033613445, 75.3982843137255, 89.58333333333333, 80.0, 88.51190476190476, 82.37734487734487], "Ssubj_perf_oo": [81.1590982546865, 100.0, 89.67611336032388, 82.08333333333334, 76.010101010101, 75.886574725584, 62.797619047619044, 87.5, 87.5, 79.16666666666667, 90.3858911985847, 84.66008771929825, 85.11513157894737, 82.65856950067477, 80.187478500172, 74.81060606060606, 88.78787878787878, 75.89285714285714, 87.55735492577597, 89.70588235294117, 89.16666666666667, 74.27197802197801, 77.92207792207793, 91.66666666666667, 72.76709401709402, 89.23611111111111, 84.6875], "subj_perf_no": [82.5, 80.0, 78.75, 78.75, 76.25, 82.5, 66.25, 67.5, 76.25, 76.25, 93.75, 73.75, 70.0, 66.25, 78.75, 71.25, 73.75, 63.75, 82.5, 83.75, 76.25, 75.0, 77.5, 82.5, 73.75, 77.5, 82.5], "subj_RT_no": [1.0225719490908824, 1.0302762153510727, 0.9805017052586922, 1.002961036779709, 1.0256225190013888, 0.9712839704204747, 1.2481089064967463, 1.1391100469895952, 0.9953596287703016, 1.1450099803028284, 1.005555533427609, 1.064861460957179, 0.9905620143359702, 0.9944807729643229, 1.0519726887437768, 1.0247464105620576, 0.9785579568846392, 1.102818191241748, 0.9932397659377568, 0.9983739534134412, 0.979966130090842, 0.9999383107817404, 0.9806760143079934, 1.073055794216958, 1.0050816866715087, 1.0055308464486612, 0.9618642484734655], "Dsubj_RT_oo": [1.2296748032803866, 1.0725214563707652, 1.2779957432593871, NaN, 1.3850960389632814, 1.3830111939250485, 1.0304745931810935, 1.026380678932802, 1.3147718484145399, 0.9998915465650553, 3.3634249773719884, 1.3299748110831233, 1.2522276446077583, 1.4527328133804236, 1.7980374739348437, 1.0573424560143463, 1.0443295303256932, 1.26880810035515, 1.2495377752690973, 1.2614683014233694, 1.085992876829874, 1.2418981481625357, 1.0522256441691316, 1.1245454623669295, NaN, 1.4301463951130566, 1.5119037696198219], "Ssubj_RT_oo": [1.043611254805851, 1.1049042692291633, 1.4110893145628465, 1.2266968642042806, 1.0243411902795716, 1.3103457534081995, 0.8567579187682209, 0.9706210199056833, 1.185614849187935, 0.9232123905496192, 9.613089815163772, 1.2789672544080604, 1.3840013283496728, 1.4057121859940946, 1.8727933814628468, 1.0630237173754278, 1.09249683083634, 0.9976731059429172, 1.0855290327075, 1.1266260466953502, 1.178969237721341, 1.1869888606999395, 1.5217476136841768, 0.9837162007814525, 1.6166696931223445, 1.4561717352927712, 1.3481683744680473], "OKubj_RT_no": [0.9677695058608596, 0.9765426693173189, 0.9586314331850793, 0.9656223349997413, 1.0023801896828681, 0.9446507079777019, 1.1667993376079442, 1.0411516337579354, 0.9775715390564579, 1.0952195278054613, 0.9870549906007346, 0.9924433249370277, 0.9323258335372082, 0.9975099156480725, 0.981195281506763, 0.9936357622320855, 0.9290031845955604, 1.0039626314652979, 0.9770444307352871, 0.9752616628224096, 0.8403400956872418, 0.9500963526800531, 0.9582340226117325, 1.039851770803994, 1.025284623985071, 0.994243488455966, 0.927048273294403], "OKDsubj_RT_oo": [1.015792331641841, 0.8446598671739167, 1.0311145729169544, 0.8477121167727458, 0.9139685102377114, 0.9494903768487828, 0.9103725996539856, 0.9612704531271122, 0.9574632637277649, 0.9862651479728183, 0.9090527547311323, 0.9256926952141058, 0.9500428111876089, 1.0322730822869715, 0.8861855328633881, 0.8804638114284771, 0.9178647620595943, 0.9538739330271777, 0.9835949958405674, 1.0166492225437809, 0.8836944376670997, 0.8767096728789592, 0.964485337716819, 0.988425745158345, 0.9086727085626735, 0.9425169456017531, 0.9596769326142673], "OKSsubj_RT_oo": [0.8302300250298439, 0.8584997228977702, 0.9082237095163983, 0.9743852143795084, 1.0649544439843257, 0.9148882646552499, 0.8628153773477258, 0.8484973722544449, 0.9535962877030162, 0.9647758758318246, 0.877300882069915, 0.8161209068010076, 0.9823383676375185, 0.9132268488414538, 0.8921476373658366, 0.9699796638303889, 0.9669518906593092, 0.9163642856317069, 0.9094579740944875, 0.8315714713082303, 0.8363136806390443, 0.887323157528939, 0.8761635135945542, 0.9238951518394773, 0.8817427956650943, 0.966039454567375, 0.8843855539513524], "NOKubj_RT_no": [1.2590135174676373, 1.5197539445131265, 1.3242493012300058, 1.7926770960116147, 1.188464797986482, 1.084850130034885, 1.4251927275730385, 1.3368310201949511, 1.0920340293890178, 1.326034245455095, 8.205433402871197, 1.6536523929471032, 1.2822866035752596, 0.9914516302805735, 1.3210879335140855, 1.1056867741459808, 1.269215904515762, 1.1702261234157905, 1.310919938240309, 1.581481758359197, 1.668899926682094, 1.6694779328862859, 1.1255351301701075, 1.1988451779776153, 0.9698565462186745, 1.256585317809203, 1.3374042510460138], "NOKDsubj_RT_oo": [1.1443994255001646, 1.3364891470435616, 1.091115983280839, 1.0658054774995043, 0.9689196697266274, 1.1129959994494545, 1.1718649565461432, 1.0551933794973036, 0.9180201082753287, 0.8211009055840366, 6.18071296970643, 0.9987405541561712, 1.0239709861650295, 1.1010735236469567, 1.1107807195179817, 0.9835319988243368, 1.0016309556946175, 1.0109490732730693, 1.1607525207795195, 1.2360645934138184, 0.9088568036597753, 1.1690578586145106, 1.14761367332404, 1.3510490885735875, 1.1387572841167772, 1.031691585762024, 1.0021125849788102], "NOKSsubj_RT_oo": [1.0245897688797034, NaN, 1.01018668102828, 1.8798081896921413, 0.9003929137837494, 1.1179463459042884, 0.9712025949176184, 1.0871931410511708, 0.8546017014694509, 1.3861742536748123, 1.1302198742205238, 1.5982367758186398, 1.135996197496428, 0.9372700957222125, 1.196704281121732, 0.9912775028062473, 1.016707633781453, 1.0301689878006068, 1.13380371174236, 1.0561827154350931, 1.4808870770645326, 0.9749776743763012, 0.9043135604590427, 0.9263048880119907, 1.2444547160447992, 0.9404900625853363, 0.9447479988298153], "medianRT": [778.0674999994517, 816.4824999994307, 779.9400000003516, 894.1124999983003, 616.5474999579601, 745.4025000333786, 1174.585000029765, 1258.212500004447, 646.5, 968.1574999995064, 1256.8550000432879, 794.0, 767.9074999759905, 816.2374999374151, 664.1949999998324, 816.2799999990966, 646.8600000080187, 868.1100000003353, 786.9550000177696, 668.7999999849126, 1145.5600000044797, 851.0399999941001, 653.4624999985681, 864.2025000299327, 908.6549999992712, 609.3099999707192, 869.7874999925261], "Dsubj_optout_oo": [16.25, 46.25, 13.75, 0.0, 12.5, 13.75, 26.25, 70.0, 16.25, 52.5, 7.5, 18.75, 12.5, 18.75, 17.5, 40.0, 20.0, 15.0, 18.75, 26.25, 42.5, 32.5, 18.75, 46.25, 0.0, 17.5, 28.75], "Ssubj_optout_oo": [25.0, 58.75, 18.75, 48.75, 52.5, 27.5, 71.25, 67.5, 37.5, 78.75, 13.75, 27.5, 13.75, 21.25, 13.75, 48.75, 42.5, 55.0, 17.5, 12.5, 36.25, 33.75, 31.25, 37.5, 16.25, 13.75, 31.25]}