{"Dperf_oo": [94.44444444444444, 77.77777777777777, 60.0], "Dse_perf_oo": [5.399029532264168, 9.799078929868855, 12.649110640673516], "Sperf_oo": [100.0, 100.0, 50.0], "Sse_perf_oo": [0.0, 0.0, 15.811388300841896], "perf_no": [80.0, 75.0, 40.0], "se_perf_no": [8.944271909999157, 9.682458365518542, 10.954451150103322], "Dn_trials_oo": [18, 18, 15], "Sn_trials_oo": [20, 13, 10], "NOn_trials": [20, 20, 20], "DRT_oo": [1.2600297562463618, 1.1546998933038577, 1.290816739951381], "DsdRT_oo": [0.0, 0.0, 0.015267076587102283], "SRT_oo": [NaN, 1.2714589944915102, 1.2313756251440557], "SsdRT_oo": [NaN, 0.138560689458507, 0.11325531560053644], "DRT_OKoo": [0.9891055957209768, 0.9246078694671862, 0.8932763274693865], "DsdRT_OKoo": [0.07199638229782851, 0.014458054833550714, 0.009012566656454404], "SRT_OKoo": [0.9595568333586939, 0.9769956598173956, 0.9960033320836597], "SsdRT_OKoo": [0.032883363272828654, 0.012805267119022473, 0.01926698587019096], "RT_no": [1.0046157785499734, 0.9828302112832051, 1.0271306648065706], "sdRT_no": [0.02751162677869498, 0.05682864554099165, 0.08034520527805246], "RT_noNOK": [1.2775042381166455, 1.0349522053337261, 1.0106188838036196], "sdRT_noNOK": [6.0400785070709215, 0.0016774336313241653, 0.046812595466670395], "Doptout": [10.0, 10.0, 25.0], "Dse_optout": [6.708203932499369, 6.708203932499369, 9.682458365518542], "Soptout": [0.0, 35.0, 50.0], "Sse_optout": [0.0, 10.66536450385077, 11.180339887498949]}