{"Dperf_oo": [100.0, 75.0, 50.0], "Dse_perf_oo": [0.0, 12.5, 20.41241452319315], "Sperf_oo": [100.0, 75.0, 0.0], "Sse_perf_oo": [0.0, 21.650635094610966, 0.0], "perf_no": [95.0, 47.36842105263158, 60.0], "se_perf_no": [4.873397172404484, 11.454888159631764, 10.954451150103322], "Dn_trials_oo": [17, 12, 6], "Sn_trials_oo": [15, 4, 2], "NOn_trials": [20, 19, 20], "DRT_oo": [1.1571616777229403, 0.9913067987686979, 0.9714026931563038], "DsdRT_oo": [0.0, 0.02467972191415736, 0.027605209046830417], "SRT_oo": [0.9545673351191785, 1.059636310661856, 0.9867305962829825], "SsdRT_oo": [0.0, 0.03138140972874245, 0.030819560960953733], "DRT_OKoo": [0.9345903902777045, 1.0133390760182852, 1.0460217124216145], "DsdRT_OKoo": [0.03228551831753511, 0.025378869215127896, 0.0], "SRT_OKoo": [0.9736955447447951, 1.1210144285235921, NaN], "SsdRT_OKoo": [0.015946691027853416, 0.0, NaN], "RT_no": [0.983240648101333, 1.0246069849709614, 1.190373190112364], "sdRT_no": [0.023793980317804702, 0.031203575369449652, 0.13521826203586576], "RT_noNOK": [0.8668309243584653, 1.214159942236213, 1.0081611583358292], "sdRT_noNOK": [NaN, 0.046526605890142125, 0.010655260088638967], "Doptout": [15.0, 40.0, 70.0], "Dse_optout": [7.984359711335657, 10.954451150103322, 10.2469507659596], "Soptout": [25.0, 80.0, 90.0], "Sse_optout": [9.682458365518542, 8.944271909999157, 6.708203932499368]}