{"Dperf_oo": [100.0, 38.888888888888886, 40.0], "Dse_perf_oo": [0.0, 11.490438561102644, 12.649110640673516], "Sperf_oo": [100.0, 54.54545454545455, 53.333333333333336], "Sse_perf_oo": [0.0, 15.0131422517231, 12.881223774390612], "perf_no": [90.0, 50.0, 50.0], "se_perf_no": [6.708203932499368, 11.180339887498949, 11.180339887498949], "Dn_trials_oo": [20, 18, 15], "Sn_trials_oo": [20, 11, 15], "NOn_trials": [20, 20, 20], "DRT_oo": [NaN, 4.733640646420835, 1.5688971360557882], "DsdRT_oo": [NaN, 0.0, 0.25062399137728697], "SRT_oo": [NaN, 1.1767757616285235, 1.2209255980764897], "SsdRT_oo": [NaN, 0.07025300209897292, 0.04117689337360618], "DRT_OKoo": [0.9443308264961974, 1.0870582239415028, 1.0182264272182953], "DsdRT_OKoo": [0.015145409497785627, 0.1265866137035451, 0.11443911715867565], "SRT_OKoo": [0.9583918666130042, 1.0129208674036128, 0.9654027848145846], "SsdRT_OKoo": [0.03352057961945576, 0.02553119022931816, 0.01837372687999633], "RT_no": [0.9609433703551747, 1.0387266656444762, 1.263588962911211], "sdRT_no": [0.03699172005290468, 0.11468107192279071, 0.060666409497314], "RT_noNOK": [1.2906688795255827, 0.9601462296229435, 0.9901664194362062], "sdRT_noNOK": [0.0, 0.07449025265639339, 0.12313844705913037], "Doptout": [0.0, 10.0, 25.0], "Dse_optout": [0.0, 6.708203932499369, 9.682458365518542], "Soptout": [0.0, 45.0, 25.0], "Sse_optout": [0.0, 11.124297730643494, 9.682458365518542]}