{"Hno": 0.05108170159559895, "Sigma": 0.16440596183127262, "signed_st": [-0.16000000000000003, -0.07999999999999996, -0.0, 0.07999999999999996, 0.16000000000000003], "m_right_No": [0.0, 0.2, 0.6, 0.2, 0.8], "se_right_No": [0.0, 0.1264911064067352, 0.10954451150103323, 0.1264911064067352, 0.12649110640673517], "x_lr": [-1.0, -0.9, -0.8, -0.7000000000000001, -0.6000000000000001, -0.5000000000000001, -0.40000000000000013, -0.30000000000000016, -0.20000000000000018, -0.1000000000000002, -2.220446049250313e-16, 0.09999999999999964, 0.19999999999999973, 0.2999999999999998, 0.3999999999999997, 0.49999999999999956, 0.5999999999999996, 0.6999999999999997, 0.7999999999999996, 0.8999999999999995, 0.9999999999999996], "y_pr_no": [8.121990674734316e-11, 3.62650705909906e-09, 1.1291746431301737e-07, 2.4566296141532507e-06, 3.744235349524834e-05, 0.0004012125194788739, 0.003037491558058618, 0.016361889312736595, 0.0633549501336285, 0.17905952173094902, 0.37801256993814125, 0.6169750648122464, 0.8174781383420989, 0.9349929979498863, 0.9830936021770957, 0.9968385395709772, 0.9995792913863694, 0.9999604397263929, 0.9999973844430773, 0.9999998788446743, 0.9999999960785368], "pearson_chi2": 55.986407730659835, "mean_perf_no": 63.33333333333333, "mse_no": 0.033169008706942726}