{"Hno": -0.017712386893896426, "Sigma": 0.22435737634600153, "signed_st": [-0.26, -0.18000000000000005, -0.09999999999999998, 0.09999999999999998, 0.18000000000000005, 0.26], "m_right_No": [0.3, 0.2, 0.6, 0.4, 0.7, 0.9], "se_right_No": [0.14491376746189438, 0.1264911064067352, 0.15491933384829668, 0.15491933384829668, 0.14491376746189438, 0.09486832980505137], "x_lr": [-1.0, -0.9, -0.8, -0.7000000000000001, -0.6000000000000001, -0.5000000000000001, -0.40000000000000013, -0.30000000000000016, -0.20000000000000018, -0.1000000000000002, -2.220446049250313e-16, 0.09999999999999964, 0.19999999999999973, 0.2999999999999998, 0.3999999999999997, 0.49999999999999956, 0.5999999999999996, 0.6999999999999997, 0.7999999999999996, 0.8999999999999995, 0.9999999999999996], "y_lr_no": [0.012392089978704396, 0.019217866749902893, 0.029690369827809152, 0.04560435803810065, 0.06943779810206072, 0.10436485912687156, 0.1539536398158216, 0.2212830152019105, 0.3073606312122279, 0.4093216706936871, 0.5197265555789686, 0.6282378716418062, 0.7251956562121903, 0.8047262256297443, 0.8655085985993997, 0.9094991238605086, 0.9400967459731296, 0.9607954763668681, 0.9745357794798304, 0.9835429013400396, 0.9893987110654515], "score_no": 0.65, "mean_perf_no": 65.0, "mse_no": 0.020380396529063562}