{"Hno": 0.051434520905943734, "Sigma": 0.10358219496724073, "signed_st": [-0.16000000000000003, -0.07999999999999996, -0.0, 0.07999999999999996, 0.16000000000000003], "m_right_No": [0.0, 0.2, 0.6, 0.2, 0.8], "se_right_No": [0.0, 0.1264911064067352, 0.10954451150103323, 0.1264911064067352, 0.12649110640673517], "x_lr": [-1.0, -0.9, -0.8, -0.7000000000000001, -0.6000000000000001, -0.5000000000000001, -0.40000000000000013, -0.30000000000000016, -0.20000000000000018, -0.1000000000000002, -2.220446049250313e-16, 0.09999999999999964, 0.19999999999999973, 0.2999999999999998, 0.3999999999999997, 0.49999999999999956, 0.5999999999999996, 0.6999999999999997, 0.7999999999999996, 0.8999999999999995, 0.9999999999999996], "y_lr_no": [3.904618249743935e-05, 0.00010252416374188044, 0.0002691714995468825, 0.0007065034326514307, 0.0018530661298891812, 0.004851316843002729, 0.012639291599322046, 0.0325209836519878, 0.08110767781851706, 0.1881655263482882, 0.37834999782368905, 0.6151137408750785, 0.8075667261437693, 0.9168038982566608, 0.9665961621615909, 0.9870103402045495, 0.9950131115685881, 0.99809498895576, 0.9992736685650249, 0.9997232708097147, 0.9998945967100802], "score_no": 0.6, "mean_perf_no": 63.33333333333333, "mse_no": 0.03367820629155465}