{"Hno": 0.1939490671118142, "Sigma": 0.14747283705706865, "signed_st": [-0.16000000000000003, -0.07999999999999996, 0.0, 0.07999999999999996, 0.16000000000000003], "m_right_No": [0.0, 0.2, 0.2, 0.5, 0.3], "se_right_No": [0.0, 0.1264911064067352, 0.0894427190999916, 0.15811388300841897, 0.14491376746189438], "x_lr": [-1.0, -0.9, -0.8, -0.7000000000000001, -0.6000000000000001, -0.5000000000000001, -0.40000000000000013, -0.30000000000000016, -0.20000000000000018, -0.1000000000000002, -2.220446049250313e-16, 0.09999999999999964, 0.19999999999999973, 0.2999999999999998, 0.3999999999999997, 0.49999999999999956, 0.5999999999999996, 0.6999999999999997, 0.7999999999999996, 0.8999999999999995, 0.9999999999999996], "y_lr_no": [0.0003046443364546024, 0.000600006486675138, 0.0011813930090588496, 0.0023248134648316443, 0.004569839065628829, 0.008963363093280972, 0.017506611143968634, 0.03391402945507751, 0.06468626821931656, 0.11991428630846537, 0.2116261516289172, 0.34591139940043025, 0.5102562686148323, 0.6724136034079038, 0.8017412265601322, 0.8884795607746143, 0.9401047855542284, 0.968674182282845, 0.9838503700322743, 0.9917369789213774, 0.9957886787775044], "score_no": 0.767, "mean_perf_no": 56.666666666666664, "mse_no": 0.010922618409592444}