{"HRopt_": 0.05460047775252621, "SO_HRopt_": 0.2914053031763332, "xhat": [-0.5, -0.45, -0.4, -0.35000000000000003, -0.30000000000000004, -0.25000000000000006, -0.20000000000000007, -0.15000000000000008, -0.10000000000000009, -0.0500000000000001, -1.1102230246251565e-16, 0.04999999999999982, 0.09999999999999987, 0.1499999999999999, 0.19999999999999984, 0.24999999999999978, 0.2999999999999998, 0.34999999999999987, 0.3999999999999998, 0.44999999999999973], "theo_pR": [0.29750412993005315, 0.32821965493434313, 0.3601429805664105, 0.3930729596487834, 0.42678677653635466, 0.46104442388976447, 0.49559380619504967, 0.5301762899772413, 0.5645324976044632, 0.5984081289047936, 0.631559593366491, 0.6637592455603031, 0.6948000369511457, 0.7244994270932957, 0.7527024343736077, 0.77928374858993, 0.8041488720866303, 0.8272343002281003, 0.8485067931361219, 0.8679618266357203], "partid": 992, "sessionid": 12, "part_sessid": "992_12"}