{"H_st": -0.03631440587694909, "st_sigma": 0.059181857981965194, "signed_stair": [-0.6599999999999999, -0.62, -0.54, -0.5, -0.38, -0.33999999999999997, -0.30000000000000004, -0.26, -0.18000000000000005, -0.16000000000000003, -0.14, -0.12, -0.09999999999999998, -0.08999999999999997, -0.07999999999999996, 0.07999999999999996, 0.09999999999999998, 0.10999999999999999, 0.12, 0.14, 0.21999999999999997, 0.26, 0.42000000000000004, 0.45999999999999996, 0.5800000000000001, 0.7], "m_right": [NaN, NaN, 0.0, 0.0, 0.0, 0.0, 0.0, 0.0, 0.5, 0.0, 0.0, 0.5, 0.0, 0.5, 0.18181818181818182, 0.9333333333333333, 1.0, 1.0, 0.5, 1.0, 1.0, 1.0, 1.0, 1.0, NaN, NaN], "se_right": [NaN, NaN, 0.0, 0.0, 0.0, 0.0, 0.0, 0.0, 0.3535533905932738, 0.0, 0.0, 0.3535533905932738, 0.0, 0.3535533905932738, 0.11629129983033297, 0.06440611887195305, 0.0, 0.0, 0.3535533905932738, 0.0, 0.0, 0.0, 0.0, 0.0, NaN, NaN], "x_lr": [-1.0, -0.9, -0.8, -0.7000000000000001, -0.6000000000000001, -0.5000000000000001, -0.40000000000000013, -0.30000000000000016, -0.20000000000000018, -0.1000000000000002, -2.220446049250313e-16, 0.09999999999999964, 0.19999999999999973, 0.2999999999999998, 0.3999999999999997, 0.49999999999999956, 0.5999999999999996, 0.6999999999999997, 0.7999999999999996, 0.8999999999999995, 0.9999999999999996], "y_lr": [8.475822250690185e-08, 4.592108132812563e-07, 2.487950029508442e-06, 1.3479299033072263e-05, 7.302505199368559e-05, 0.0003955143225823537, 0.002139116538368712, 0.011481004690955853, 0.0592001161366369, 0.25424477511367166, 0.6487631814735849, 0.9091511367397119, 0.9818901076875358, 0.996607290967836, 0.9993720582928383, 0.9998840391649089, 0.9999785946677279, 0.9999960490719043, 0.9999992707606475, 0.9999998654015908, 0.999999975156685], "score": 0.875}