{"H_st": 0.002682641346012748, "st_sigma": 0.09125680749606317, "signed_stair": [-0.6599999999999999, -0.62, -0.54, -0.45999999999999996, -0.42000000000000004, -0.38, -0.33999999999999997, -0.30000000000000004, -0.26, -0.16000000000000003, -0.15000000000000002, -0.14, -0.12, -0.09999999999999998, -0.08999999999999997, -0.07999999999999996, 0.07999999999999996, 0.09999999999999998, 0.12, 0.14, 0.15000000000000002, 0.16000000000000003, 0.18000000000000005, 0.21999999999999997, 0.5, 0.5800000000000001, 0.7], "m_right": [NaN, NaN, 0.0, 0.0, 0.0, 0.0, 0.0, 0.0, 0.0, 0.0, 0.0, 0.6, 0.5, 0.0, 0.0, 0.1111111111111111, 0.8, 0.25, 0.5, 1.0, 1.0, 1.0, 1.0, 1.0, 1.0, NaN, NaN], "se_right": [NaN, NaN, 0.0, 0.0, 0.0, 0.0, 0.0, 0.0, 0.0, 0.0, 0.0, 0.21908902300206645, 0.3535533905932738, 0.0, 0.0, 0.10475656017578482, 0.12649110640673517, 0.21650635094610965, 0.3535533905932738, 0.0, 0.0, 0.0, 0.0, 0.0, 0.0, NaN, NaN], "x_lr": [-1.0, -0.9, -0.8, -0.7000000000000001, -0.6000000000000001, -0.5000000000000001, -0.40000000000000013, -0.30000000000000016, -0.20000000000000018, -0.1000000000000002, -2.220446049250313e-16, 0.09999999999999964, 0.19999999999999973, 0.2999999999999998, 0.3999999999999997, 0.49999999999999956, 0.5999999999999996, 0.6999999999999997, 0.7999999999999996, 0.8999999999999995, 0.9999999999999996], "y_lr": [1.6911780042774925e-05, 5.0591592319146934e-05, 0.00015133460467586606, 0.000452596327181896, 0.0013527682042800096, 0.00403606869851456, 0.011978024520551769, 0.03499856261887054, 0.09787923822277664, 0.24504703512985512, 0.49265137514085533, 0.7439139872902983, 0.8968052461984801, 0.9629605671724071, 0.9873058426566221, 0.9957205693366545, 0.998565431176952, 0.9995200094368387, 0.9998395026585075, 0.9999463449511631, 0.999982064129766], "score": 0.804}