{"H_st": -0.11262140874520181, "st_sigma": 0.1257820008524967, "signed_stair": [-0.62, -0.5800000000000001, -0.54, -0.5, -0.45999999999999996, -0.38, -0.33999999999999997, -0.30000000000000004, -0.26, -0.24, -0.21999999999999997, -0.18000000000000005, -0.17000000000000004, -0.16000000000000003, -0.15000000000000002, -0.14, -0.13, -0.12, -0.09999999999999998, -0.07999999999999996, 0.07999999999999996, 0.09999999999999998, 0.12, 0.14, 0.15000000000000002, 0.16000000000000003, 0.18000000000000005, 0.19999999999999996, 0.21999999999999997, 0.26, 0.28, 0.30000000000000004, 0.42000000000000004, 0.6599999999999999, 0.7], "m_right": [NaN, NaN, 0.0, 0.0, 0.0, 0.0, 0.0, 0.0, 1.0, 0.5, 0.0, 1.0, 0.0, 0.0, 0.6666666666666666, 0.6666666666666666, 0.0, 1.0, 0.0, 0.5, 1.0, 0.0, 1.0, 0.75, 0.5, 1.0, 1.0, 1.0, 1.0, 1.0, 1.0, 1.0, 1.0, NaN, NaN], "se_right": [NaN, NaN, 0.0, 0.0, 0.0, 0.0, 0.0, 0.0, 0.0, 0.3535533905932738, 0.0, 0.0, 0.0, 0.0, 0.2721655269759087, 0.2721655269759087, 0.0, 0.0, 0.0, 0.3535533905932738, 0.0, 0.0, 0.0, 0.21650635094610965, 0.3535533905932738, 0.0, 0.0, 0.0, 0.0, 0.0, 0.0, 0.0, 0.0, NaN, NaN], "x_lr": [-1.0, -0.9, -0.8, -0.7000000000000001, -0.6000000000000001, -0.5000000000000001, -0.40000000000000013, -0.30000000000000016, -0.20000000000000018, -0.1000000000000002, -2.220446049250313e-16, 0.09999999999999964, 0.19999999999999973, 0.2999999999999998, 0.3999999999999997, 0.49999999999999956, 0.5999999999999996, 0.6999999999999997, 0.7999999999999996, 0.8999999999999995, 0.9999999999999996], "y_lr": [0.000862430430874703, 0.0019078532247597734, 0.004215172634532737, 0.009286953752100032, 0.02033657599755199, 0.043949826426185556, 0.0923950828152265, 0.18396539396915118, 0.33299217422423305, 0.5250648524539141, 0.7099970727403336, 0.8442762490598874, 0.9231135399641452, 0.9637519639273302, 0.9832994996047053, 0.9923888548427708, 0.9965486334549247, 0.9984385130013465, 0.9992942759657608, 0.9996811932625884, 0.9998560114720996], "score": 0.75}