{"Dperf_oo": [100.0, 100.0, 82.3529411764706, 76.47058823529412], "Dse_perf_oo": [0.0, 0.0, 9.245944094039714, 10.287936849355368], "Sperf_oo": [100.0, 95.0, 94.73684210526316, 63.63636363636363], "Sse_perf_oo": [0.0, 4.873397172404484, 5.122781719918815, 14.504073367590284], "perf_no": [100.0, 95.0, 95.0, 65.0], "se_perf_no": [0.0, 4.873397172404484, 4.873397172404484, 10.66536450385077], "Dn_trials_oo": [19, 19, 17, 17], "Sn_trials_oo": [20, 20, 19, 11], "NOn_trials": [20, 20, 20, 20], "DRT_oo": [4.121684666841081, 2.874293045128388, 2.5053678737438854, 2.197622638079681], "DsdRT_oo": [NaN, NaN, 0.0, 0.0], "SRT_oo": [NaN, NaN, 3.100762980809672, 2.090271592869263], "SsdRT_oo": [NaN, NaN, NaN, 0.06666924949049993], "DRT_OKoo": [0.9389583206171674, 0.9264445352839403, 0.9548352662446393, 1.1925843281665085], "DsdRT_OKoo": [0.0313830437707319, 0.04777358880989337, 0.00721856251584744, 0.1883273411421964], "SRT_OKoo": [0.9625325946066733, 0.9618123767215325, 1.0003343868672232, 1.1580524538221129], "SsdRT_OKoo": [0.017935878200300466, 0.01657675387862775, 0.02988209836140758, 0.1675834834182601], "RT_no": [0.9334216458356946, 0.9515171196103251, 1.1456737090195115, 1.162521662794833], "sdRT_no": [0.009453007091967836, 0.028914815750501022, 0.10431512996880164, 0.13447653687199732], "RT_noNOK": [NaN, 1.35373950617172, 0.8904400723411383, 1.9121912950498408], "sdRT_noNOK": [NaN, NaN, NaN, 0.45412614340389307], "Doptout": [5.0, 5.0, 15.0, 15.0], "Dse_optout": [4.873397172404482, 4.873397172404482, 7.984359711335657, 7.984359711335657], "Soptout": [0.0, 0.0, 5.0, 45.0], "Sse_optout": [0.0, 0.0, 4.873397172404482, 11.124297730643494]}