{"Hno": -0.061212376773730495, "Sigma": 0.08685266638919703, "signed_st": [-0.14, -0.1, -0.06, -0.02, 0.02, 0.06, 0.1, 0.14], "m_right_No": [0.3, 0.1, 0.5, 0.7, 1.0, 0.9, 0.9, 1.0], "se_right_No": [0.14491376746189438, 0.09486832980505139, 0.15811388300841897, 0.14491376746189438, 0.0, 0.09486832980505137, 0.09486832980505137, 0.0], "x_lr": [-0.2, -0.19, -0.18, -0.16999999999999998, -0.15999999999999998, -0.14999999999999997, -0.13999999999999996, -0.12999999999999995, -0.11999999999999994, -0.10999999999999993, -0.09999999999999992, -0.08999999999999991, -0.0799999999999999, -0.0699999999999999, -0.05999999999999989, -0.04999999999999988, -0.03999999999999987, -0.02999999999999986, -0.01999999999999985, -0.009999999999999842, 1.6653345369377348e-16, 0.010000000000000175, 0.020000000000000184, 0.030000000000000193, 0.0400000000000002, 0.05000000000000021, 0.06000000000000022, 0.07000000000000023, 0.08000000000000024, 0.09000000000000025, 0.10000000000000026, 0.11000000000000026, 0.12000000000000027, 0.13000000000000028, 0.1400000000000003, 0.1500000000000003, 0.1600000000000003, 0.17000000000000032, 0.18000000000000033, 0.19000000000000034], "y_pr_no": [0.05502525239927016, 0.06905996922433073, 0.0857043855530959, 0.10518409821472607, 0.12768218481682364, 0.15332452660768703, 0.18216609337946488, 0.2141792926733445, 0.2492454658493401, 0.2871504862538604, 0.3275851804964423, 0.3701509667445104, 0.4143707107794634, 0.45970437852823126, 0.5055686562997685, 0.5513593612415536, 0.5964752138021933, 0.6403414200832046, 0.6824315293149048, 0.7222861882707344, 0.7595276920458319, 0.7938695974788383, 0.8251210806350311, 0.8531861386331432, 0.87805811632463, 0.8998103449172663, 0.9185838887130708, 0.9345734969417258, 0.9480128525519473, 0.9591601124508814, 0.9682845660056121, 0.9756550271004851, 0.9815303468195253, 0.9861522133818392, 0.9897402126882169, 0.9924889696692833, 0.9945670837518771, 0.9961175112710784, 0.9972590288173383, 0.99808842637535], "pearson_chi2": 86.30016464855416, "mean_perf_no": 77.5, "mse_no": 0.01695259126241169}