{"Hno": -0.025453725592456664, "Sigma": 0.08454864386166809, "signed_st": [-0.14, -0.1, -0.06, -0.02, 0.02, 0.06, 0.1, 0.14], "m_right_No": [0.1, 0.2, 0.2, 0.7, 0.7, 0.8, 0.9, 1.0], "se_right_No": [0.09486832980505139, 0.1264911064067352, 0.1264911064067352, 0.14491376746189438, 0.14491376746189438, 0.12649110640673517, 0.09486832980505137, 0.0], "x_lr": [-0.2, -0.19, -0.18, -0.16999999999999998, -0.15999999999999998, -0.14999999999999997, -0.13999999999999996, -0.12999999999999995, -0.11999999999999994, -0.10999999999999993, -0.09999999999999992, -0.08999999999999991, -0.0799999999999999, -0.0699999999999999, -0.05999999999999989, -0.04999999999999988, -0.03999999999999987, -0.02999999999999986, -0.01999999999999985, -0.009999999999999842, 1.6653345369377348e-16, 0.010000000000000175, 0.020000000000000184, 0.030000000000000193, 0.0400000000000002, 0.05000000000000021, 0.06000000000000022, 0.07000000000000023, 0.08000000000000024, 0.09000000000000025, 0.10000000000000026, 0.11000000000000026, 0.12000000000000027, 0.13000000000000028, 0.1400000000000003, 0.1500000000000003, 0.1600000000000003, 0.17000000000000032, 0.18000000000000033, 0.19000000000000034], "y_pr_no": [0.019487632117163655, 0.025816990582378498, 0.03378245071401764, 0.04366783960539545, 0.05576569440017939, 0.07036575624760028, 0.08774107357249472, 0.10813226103591156, 0.13173074015856234, 0.1586620351941591, 0.18897037783537007, 0.2226059537144064, 0.2594160773937415, 0.29914139847853727, 0.34141792391363024, 0.38578521260708076, 0.4317005970167118, 0.47855876364737715, 0.5257155382785824, 0.5725143285407182, 0.6183134232316868, 0.6625122653967699, 0.7045749148181338, 0.7440491830464869, 0.7805803278763289, 0.8139186860162109, 0.8439211458115439, 0.8705468587665854, 0.893848008799164, 0.9139567642620654, 0.931069709237365, 0.9454310847494154, 0.9573160808426022, 0.9670152328993069, 0.9748207235875357, 0.9810151110489779, 0.9858627273510581, 0.9896037455242969, 0.9924507169385516, 0.9945872425358354], "pearson_chi2": 76.17172983025111, "mean_perf_no": 77.5, "mse_no": 0.009032559388592808}