{"Hno": -0.03921681419488395, "Sigma": 0.06417294708761469, "signed_st": [-0.14, -0.1, -0.06, -0.02, 0.02, 0.06, 0.1, 0.14], "m_right_No": [0.2, 0.1, 0.2, 0.6, 0.8, 1.0, 1.0, 1.0], "se_right_No": [0.1264911064067352, 0.09486832980505139, 0.1264911064067352, 0.15491933384829668, 0.12649110640673517, 0.0, 0.0, 0.0], "x_lr": [-0.2, -0.19, -0.18, -0.16999999999999998, -0.15999999999999998, -0.14999999999999997, -0.13999999999999996, -0.12999999999999995, -0.11999999999999994, -0.10999999999999993, -0.09999999999999992, -0.08999999999999991, -0.0799999999999999, -0.0699999999999999, -0.05999999999999989, -0.04999999999999988, -0.03999999999999987, -0.02999999999999986, -0.01999999999999985, -0.009999999999999842, 1.6653345369377348e-16, 0.010000000000000175, 0.020000000000000184, 0.030000000000000193, 0.0400000000000002, 0.05000000000000021, 0.06000000000000022, 0.07000000000000023, 0.08000000000000024, 0.09000000000000025, 0.10000000000000026, 0.11000000000000026, 0.12000000000000027, 0.13000000000000028, 0.1400000000000003, 0.1500000000000003, 0.1600000000000003, 0.17000000000000032, 0.18000000000000033, 0.19000000000000034], "y_pr_no": [0.006114494618887246, 0.00939584205007367, 0.014124573491551466, 0.020775964112802702, 0.029907748428525817, 0.0421447281654503, 0.05815019167320632, 0.0785834536463568, 0.10404487219482345, 0.13501214399881278, 0.17177411285581184, 0.21437023418850726, 0.26254469155409416, 0.31572356064653756, 0.3730212169641699, 0.43327857935617975, 0.49513131016699496, 0.5571015450507606, 0.6177029801437659, 0.6755469614283096, 0.7294370558308794, 0.7784414706437448, 0.8219362328838484, 0.8596165196554635, 0.8914780707705874, 0.9177743981841913, 0.9389579481130801, 0.9556142211097942, 0.9683972083338171, 0.97797272685685, 0.9849738489758326, 0.9899701476898294, 0.9934503501633017, 0.9958164658865587, 0.9973866218263154, 0.9984036310813322, 0.9990465886535207, 0.9994433368799177, 0.9996822956180609, 0.9998227728873507], "pearson_chi2": 69.66742817211637, "mean_perf_no": 83.75, "mse_no": 0.009993762299349871}