{"Hno": 0.1178324554388309, "Sigma": 0.20553041705117633, "signed_st": [-0.14, -0.1, -0.06, -0.02, 0.02, 0.06, 0.1, 0.14], "m_right_No": [0.0, 0.5, 0.1, 0.1, 0.1, 0.6, 0.3, 0.7], "se_right_No": [0.0, 0.15811388300841897, 0.09486832980505139, 0.09486832980505139, 0.09486832980505139, 0.15491933384829668, 0.14491376746189438, 0.14491376746189438], "x_lr": [-0.2, -0.19, -0.18, -0.16999999999999998, -0.15999999999999998, -0.14999999999999997, -0.13999999999999996, -0.12999999999999995, -0.11999999999999994, -0.10999999999999993, -0.09999999999999992, -0.08999999999999991, -0.0799999999999999, -0.0699999999999999, -0.05999999999999989, -0.04999999999999988, -0.03999999999999987, -0.02999999999999986, -0.01999999999999985, -0.009999999999999842, 1.6653345369377348e-16, 0.010000000000000175, 0.020000000000000184, 0.030000000000000193, 0.0400000000000002, 0.05000000000000021, 0.06000000000000022, 0.07000000000000023, 0.08000000000000024, 0.09000000000000025, 0.10000000000000026, 0.11000000000000026, 0.12000000000000027, 0.13000000000000028, 0.1400000000000003, 0.1500000000000003, 0.1600000000000003, 0.17000000000000032, 0.18000000000000033, 0.19000000000000034], "y_pr_no": [0.061003868781706404, 0.06709956741556908, 0.07365596471951498, 0.08069120846586442, 0.08822242518392104, 0.09626552117215215, 0.10483498142675485, 0.11394366879802142, 0.12360262583949255, 0.1338208819366294, 0.14460526838720078, 0.15596024415081527, 0.16788773498674064, 0.18038698865478103, 0.19345444876184503, 0.20708364969619258, 0.2212651349024788, 0.23598640051495123, 0.2512318660859341, 0.2669828738255329, 0.28321771741084734, 0.2999117010343785, 0.31703722894811603, 0.33456392532911705, 0.35245878385193774, 0.37068634591121985, 0.38920890600246777, 0.40798674234904436, 0.4269783704670006, 0.4461408169945167, 0.4654299107869267, 0.48480058799824727, 0.504207207641673, 0.5236038739494289, 0.5429447617403123, 0.5621844409535882, 0.5812781965216757, 0.6001823398309828, 0.6188545081586927, 0.637253948670334], "pearson_chi2": 81.21482434200075, "mean_perf_no": 62.5, "mse_no": 0.05207867453467117}