{"Hno": 0.05206149965275254, "Sigma": 0.15604346362732346, "signed_st": [-0.14, -0.1, -0.06, -0.02, 0.02, 0.06, 0.1, 0.14], "m_right_No": [0.2, 0.1, 0.1, 0.4, 0.5, 0.5, 0.5, 0.8], "se_right_No": [0.1264911064067352, 0.09486832980505139, 0.09486832980505139, 0.15491933384829668, 0.15811388300841897, 0.15811388300841897, 0.15811388300841897, 0.12649110640673517], "x_lr": [-0.2, -0.19, -0.18, -0.16999999999999998, -0.15999999999999998, -0.14999999999999997, -0.13999999999999996, -0.12999999999999995, -0.11999999999999994, -0.10999999999999993, -0.09999999999999992, -0.08999999999999991, -0.0799999999999999, -0.0699999999999999, -0.05999999999999989, -0.04999999999999988, -0.03999999999999987, -0.02999999999999986, -0.01999999999999985, -0.009999999999999842, 1.6653345369377348e-16, 0.010000000000000175, 0.020000000000000184, 0.030000000000000193, 0.0400000000000002, 0.05000000000000021, 0.06000000000000022, 0.07000000000000023, 0.08000000000000024, 0.09000000000000025, 0.10000000000000026, 0.11000000000000026, 0.12000000000000027, 0.13000000000000028, 0.1400000000000003, 0.1500000000000003, 0.1600000000000003, 0.17000000000000032, 0.18000000000000033, 0.19000000000000034], "y_pr_no": [0.053119755830446994, 0.06042160073356119, 0.06848636157154826, 0.07735725597299119, 0.0870748858533808, 0.09767645929167112, 0.1091949964098658, 0.12165853475149463, 0.13508935107421166, 0.1495032175120038, 0.16490871065555046, 0.18130659218837025, 0.19868927925952268, 0.21704042174640076, 0.23633460195911532, 0.2565371701781711, 0.27760422673880164, 0.299482758239497, 0.322110931940501, 0.34541854863004384, 0.36932765028636005, 0.3937532748773136, 0.41860434674786967, 0.4437846873804897, 0.46919412800184346, 0.494729702667928, 0.5202868981905228, 0.5457609356530263, 0.5710480573620274, 0.5960467929255051, 0.6206591787450393, 0.6447919065359524, 0.6683573784974113, 0.6912746493712225, 0.7134702387592146, 0.7348788006034508, 0.755443640547573, 0.7751170758608226, 0.793860636586682, 0.8116451104473464], "pearson_chi2": 81.43038434087993, "mean_perf_no": 68.75, "mse_no": 0.011032561268807717}