{"Hno": 0.05251153839116454, "Sigma": 0.0935855437842109, "signed_st": [-0.14, -0.1, -0.06, -0.02, 0.02, 0.06, 0.1, 0.14], "m_right_No": [0.2, 0.1, 0.1, 0.4, 0.5, 0.5, 0.5, 0.8], "se_right_No": [0.1264911064067352, 0.09486832980505139, 0.09486832980505139, 0.15491933384829668, 0.15811388300841897, 0.15811388300841897, 0.15811388300841897, 0.12649110640673517], "x_lr": [-0.2, -0.19, -0.18, -0.16999999999999998, -0.15999999999999998, -0.14999999999999997, -0.13999999999999996, -0.12999999999999995, -0.11999999999999994, -0.10999999999999993, -0.09999999999999992, -0.08999999999999991, -0.0799999999999999, -0.0699999999999999, -0.05999999999999989, -0.04999999999999988, -0.03999999999999987, -0.02999999999999986, -0.01999999999999985, -0.009999999999999842, 1.6653345369377348e-16, 0.010000000000000175, 0.020000000000000184, 0.030000000000000193, 0.0400000000000002, 0.05000000000000021, 0.06000000000000022, 0.07000000000000023, 0.08000000000000024, 0.09000000000000025, 0.10000000000000026, 0.11000000000000026, 0.12000000000000027, 0.13000000000000028, 0.1400000000000003, 0.1500000000000003, 0.1600000000000003, 0.17000000000000032, 0.18000000000000033, 0.19000000000000034], "y_lr_no": [0.06308026979386548, 0.06969814129366339, 0.07695328098459092, 0.08489471812373617, 0.09357261704067311, 0.10303768792800669, 0.1133404553912818, 0.12453037420375263, 0.1366547859962341, 0.14975771671593727, 0.163878522781553, 0.1790504039800978, 0.1952988131291325, 0.21263980593568177, 0.23107838857159857, 0.25060693416037677, 0.2712037512128242, 0.29283189539449433, 0.31543831910265996, 0.33895344955869255, 0.3632912742850384, 0.3883499924506547, 0.41401326211915823, 0.44015203851963697, 0.46662695977625496, 0.49329119764873003, 0.5199936557775903, 0.546582370619841, 0.5729079539210262, 0.5988269121850901, 0.624204688590744, 0.6489182949375132, 0.6728584328301705, 0.6959310407835844, 0.7180582432009831, 0.7391787143856331, 0.7592475027140637, 0.7782353846636673, 0.7961278345133251, 0.8129237032468184], "score_no": 0.688, "mean_perf_no": 68.75, "mse_no": 0.010976214284871435}