{"Hno": -0.02406106199924468, "Sigma": 0.02389649133987055, "signed_st": [-0.14, -0.1, -0.06, -0.02, 0.02, 0.06, 0.1, 0.14], "m_right_No": [0.0, 0.0, 0.2, 0.5, 1.0, 1.0, 0.9, 1.0], "se_right_No": [0.0, 0.0, 0.1264911064067352, 0.15811388300841897, 0.0, 0.0, 0.09486832980505137, 0.0], "x_lr": [-0.2, -0.19, -0.18, -0.16999999999999998, -0.15999999999999998, -0.14999999999999997, -0.13999999999999996, -0.12999999999999995, -0.11999999999999994, -0.10999999999999993, -0.09999999999999992, -0.08999999999999991, -0.0799999999999999, -0.0699999999999999, -0.05999999999999989, -0.04999999999999988, -0.03999999999999987, -0.02999999999999986, -0.01999999999999985, -0.009999999999999842, 1.6653345369377348e-16, 0.010000000000000175, 0.020000000000000184, 0.030000000000000193, 0.0400000000000002, 0.05000000000000021, 0.06000000000000022, 0.07000000000000023, 0.08000000000000024, 0.09000000000000025, 0.10000000000000026, 0.11000000000000026, 0.12000000000000027, 0.13000000000000028, 0.1400000000000003, 0.1500000000000003, 0.1600000000000003, 0.17000000000000032, 0.18000000000000033, 0.19000000000000034], "y_lr_no": [0.0006341804091040455, 0.0009634065157973536, 0.0014632956085504096, 0.0022219885549058698, 0.0033727217351900473, 0.0051163458032163845, 0.007754372170350285, 0.01173653879309107, 0.017727164978675845, 0.026692968053836478, 0.040008674844923514, 0.059560401754143004, 0.08779301382327943, 0.12759266928793545, 0.18183831799186198, 0.25247215936650114, 0.33916911985544845, 0.4381859363482002, 0.5423840068704602, 0.6430014678181614, 0.7324104516626114, 0.8061770529190173, 0.8634010176460978, 0.9057063459840157, 0.9358825071694346, 0.9568615579604173, 0.9711876522046574, 0.9808513207385748, 0.9873161230553817, 0.9916169916662311, 0.9944676867677353, 0.9963525506546412, 0.9975967916557111, 0.9984172635344204, 0.998957913270524, 0.9993140084021039, 0.9995484760102819, 0.9997028278981148, 0.9998044254600458, 0.999871293195018], "score_no": 0.9, "mean_perf_no": 90.0, "mse_no": 0.005366956372660558}