{"HRopt_": 0.07295992454704102, "SO_HRopt_": 0.1051492921353851, "xhat": [-0.2, -0.15000000000000002, -0.10000000000000003, -0.050000000000000044, -5.551115123125783e-17, 0.04999999999999993, 0.09999999999999992, 0.1499999999999999], "theo_pR": [0.0011306504326947797, 0.007860415239336782, 0.037776866719901325, 0.12738424494257727, 0.30832683791260673, 0.5547399981938257, 0.7810933424853388, 0.9213389922683998], "partid": 3054, "sessionid": 15, "part_sessid": "3054_15"}