{"Dperf_oo": [100.0, 90.0, 45.0], "Dse_perf_oo": [0.0, 6.708203932499368, 11.124297730643494], "Sperf_oo": [100.0, 95.0, 31.57894736842105], "Sse_perf_oo": [0.0, 4.873397172404484, 10.663920529041638], "perf_no": [100.0, 75.0, 45.0], "se_perf_no": [0.0, 9.682458365518542, 11.124297730643494], "Dn_trials_oo": [20, 20, 20], "Sn_trials_oo": [20, 20, 19], "NOn_trials": [20, 20, 20], "DRT_oo": [NaN, NaN, NaN], "DsdRT_oo": [NaN, NaN, NaN], "SRT_oo": [NaN, NaN, 14.7633760436814], "SsdRT_oo": [NaN, NaN, NaN], "DRT_OKoo": [0.9677107140407424, 0.9919242825312267, 0.9827176927819505], "DsdRT_OKoo": [0.05911701255490227, 0.02971993521930067, 0.10287708360012958], "SRT_OKoo": [1.018569395756241, 0.9975786431430446, 1.6398359046678717], "SsdRT_OKoo": [0.01718969445976482, 0.044161827481651074, 0.0], "RT_no": [0.983189738542113, 1.0001596126122283, 1.2803917640703661], "sdRT_no": [0.014306395035090014, 0.03428221264070608, 0.10642624941965889], "RT_noNOK": [NaN, 0.9334755131020224, 1.19013254628138], "sdRT_noNOK": [NaN, 0.014319286290996436, 0.044725931161903314], "Doptout": [0.0, 0.0, 0.0], "Dse_optout": [0.0, 0.0, 0.0], "Soptout": [0.0, 0.0, 5.0], "Sse_optout": [0.0, 0.0, 4.873397172404482]}