{"Hno": 0.00026362997688794926, "Sigma": 0.700047984637147, "signed_st": [-0.18000000000000005, -0.09999999999999998, -0.020000000000000018, 0.020000000000000018, 0.09999999999999998, 0.18000000000000005], "m_right_No": [0.2, 0.7, 0.6, 0.5, 0.3, 0.7], "se_right_No": [0.1264911064067352, 0.14491376746189438, 0.15491933384829668, 0.15811388300841897, 0.14491376746189438, 0.14491376746189438], "x_lr": [-1.0, -0.9, -0.8, -0.7000000000000001, -0.6000000000000001, -0.5000000000000001, -0.40000000000000013, -0.30000000000000016, -0.20000000000000018, -0.1000000000000002, -2.220446049250313e-16, 0.09999999999999964, 0.19999999999999973, 0.2999999999999998, 0.3999999999999997, 0.49999999999999956, 0.5999999999999996, 0.6999999999999997, 0.7999999999999996, 0.8999999999999995, 0.9999999999999996], "y_pr_no": [0.07652366172057191, 0.0992210518153942, 0.12648703919118715, 0.1585807278655243, 0.195595164623998, 0.23742399905176226, 0.28374026005537534, 0.3339912170672297, 0.3874117601866343, 0.4430566619955575, 0.4998497629534202, 0.5566459139671688, 0.6122997814344038, 0.665734670764221, 0.7160045218071361, 0.7623431742296861, 0.8041967257530886, 0.8412370128881539, 0.8733565650251609, 0.9006474564139002, 0.9233680179007265], "pearson_chi2": 59.961050613612244, "mean_perf_no": 50.0, "mse_no": 0.03225931496152399}