{"Hno": -0.028539082544613823, "Sigma": 0.07691643847164169, "signed_st": [-0.16000000000000003, -0.07999999999999996, 0.0, 0.07999999999999996, 0.16000000000000003], "m_right_No": [0.1, 0.6, 0.45, 0.8, 1.0], "se_right_No": [0.09486832980505139, 0.15491933384829668, 0.11124297730643495, 0.12649110640673517, 0.0], "x_lr": [-1.0, -0.9, -0.8, -0.7000000000000001, -0.6000000000000001, -0.5000000000000001, -0.40000000000000013, -0.30000000000000016, -0.20000000000000018, -0.1000000000000002, -2.220446049250313e-16, 0.09999999999999964, 0.19999999999999973, 0.2999999999999998, 0.3999999999999997, 0.49999999999999956, 0.5999999999999996, 0.6999999999999997, 0.7999999999999996, 0.8999999999999995, 0.9999999999999996], "y_lr_no": [3.2720784170724623e-06, 1.2007468709089499e-05, 4.406249610574637e-05, 0.00016167749260710584, 0.0005930532695012694, 0.00217289225994901, 0.007927891335961609, 0.028490052834379966, 0.0971601702817896, 0.2831130020518594, 0.5917102778338084, 0.8417293913025636, 0.9512589391438572, 0.9862297204034796, 0.9962096104560096, 0.9989642581750606, 0.9997175462632478, 0.9999230151938375, 0.999979020371652, 0.9999942829384894, 0.9999984420873022], "score_no": 0.667, "mean_perf_no": 60.0, "mse_no": 0.01625076484418478}