{"Hno": -0.02280470350974028, "Sigma": 0.11267051445107662, "signed_st": [-0.22999999999999998, -0.15000000000000002, -0.06999999999999995, 0.06999999999999995, 0.15000000000000002, 0.22999999999999998], "m_right_No": [0.0, 0.3, 0.7, 0.4, 0.8, 1.0], "se_right_No": [0.0, 0.14491376746189438, 0.14491376746189438, 0.15491933384829668, 0.12649110640673517, 0.0], "x_lr": [-1.0, -0.9, -0.8, -0.7000000000000001, -0.6000000000000001, -0.5000000000000001, -0.40000000000000013, -0.30000000000000016, -0.20000000000000018, -0.1000000000000002, -2.220446049250313e-16, 0.09999999999999964, 0.19999999999999973, 0.2999999999999998, 0.3999999999999997, 0.49999999999999956, 0.5999999999999996, 0.6999999999999997, 0.7999999999999996, 0.8999999999999995, 0.9999999999999996], "y_lr_no": [0.00017110965368909343, 0.0004155503313592975, 0.0010088372255735766, 0.0024470942790389624, 0.005923655778102239, 0.014268684639733869, 0.03396816869666708, 0.07869371391931065, 0.17183387408178874, 0.3351146395622279, 0.5504283860987109, 0.748371430853116, 0.8784132339634355, 0.9460905582654539, 0.9770803957358011, 0.9904358177830892, 0.9960404741792371, 0.9983661930152161, 0.9993267705700518, 0.9997227447153183, 0.999885844886756], "score_no": 0.7, "mean_perf_no": 70.0, "mse_no": 0.03509845026076804}