{"Hno": -0.11504090226588803, "Sigma": 0.1311952655499364, "signed_st": [-0.16000000000000003, -0.07999999999999996, 0.0, 0.07999999999999996, 0.16000000000000003], "m_right_No": [0.3, 0.9, 0.6, 0.7, 1.0], "se_right_No": [0.14491376746189438, 0.09486832980505137, 0.10954451150103323, 0.14491376746189438, 0.0], "x_lr": [-1.0, -0.9, -0.8, -0.7000000000000001, -0.6000000000000001, -0.5000000000000001, -0.40000000000000013, -0.30000000000000016, -0.20000000000000018, -0.1000000000000002, -2.220446049250313e-16, 0.09999999999999964, 0.19999999999999973, 0.2999999999999998, 0.3999999999999997, 0.49999999999999956, 0.5999999999999996, 0.6999999999999997, 0.7999999999999996, 0.8999999999999995, 0.9999999999999996], "y_lr_no": [0.001174944788415241, 0.0025145696718987644, 0.0053733642143169265, 0.011445008191284113, 0.024210322519495727, 0.050486424521171955, 0.10229114217086563, 0.1962655886690758, 0.3435356570808248, 0.5286299388092582, 0.7061727295433945, 0.8374111320455272, 0.9169273747682944, 0.9594387643596758, 0.9806544606430906, 0.9908787102757257, 0.9957229415466554, 0.9979996408540257, 0.9990655791795773, 0.9995637555354835, 0.9997963886835474], "score_no": 0.75, "mean_perf_no": 58.333333333333336, "mse_no": 0.026862122227193336}