{"Hno": 0.037043535707822615, "Sigma": 0.1599327676310449, "signed_st": [-0.18999999999999995, -0.10999999999999999, -0.030000000000000027, 0.030000000000000027, 0.10999999999999999, 0.18999999999999995], "m_right_No": [0.1, 0.3, 0.5, 0.6, 0.5, 0.7], "se_right_No": [0.09486832980505139, 0.14491376746189438, 0.15811388300841897, 0.15491933384829668, 0.15811388300841897, 0.14491376746189438], "x_lr": [-1.0, -0.9, -0.8, -0.7000000000000001, -0.6000000000000001, -0.5000000000000001, -0.40000000000000013, -0.30000000000000016, -0.20000000000000018, -0.1000000000000002, -2.220446049250313e-16, 0.09999999999999964, 0.19999999999999973, 0.2999999999999998, 0.3999999999999997, 0.49999999999999956, 0.5999999999999996, 0.6999999999999997, 0.7999999999999996, 0.8999999999999995, 0.9999999999999996], "y_lr_no": [0.001524981592953649, 0.002846018914585529, 0.005305343352374595, 0.009868805970294471, 0.018285433411917303, 0.033636342712536856, 0.061072856146799706, 0.10837892031398315, 0.18510366356129165, 0.29799116269208015, 0.44235263359880034, 0.5971594438849529, 0.7347594562082848, 0.8381013868553648, 0.906313529848058, 0.9475835311207673, 0.9712503032870264, 0.9844070368226889, 0.9915949539827992, 0.9954846419344606, 0.9975786552810744], "score_no": 0.617, "mean_perf_no": 65.0, "mse_no": 0.007542652123788942}