{"Hno": 0.0474112249247343, "Sigma": 0.10969022015218653, "signed_st": [-0.24, -0.16000000000000003, -0.07999999999999996, 0.07999999999999996, 0.16000000000000003, 0.24], "m_right_No": [0.0, 0.1, 0.5, 0.4, 0.6, 1.0], "se_right_No": [0.0, 0.09486832980505139, 0.15811388300841897, 0.15491933384829668, 0.15491933384829668, 0.0], "x_lr": [-1.0, -0.9, -0.8, -0.7000000000000001, -0.6000000000000001, -0.5000000000000001, -0.40000000000000013, -0.30000000000000016, -0.20000000000000018, -0.1000000000000002, -2.220446049250313e-16, 0.09999999999999964, 0.19999999999999973, 0.2999999999999998, 0.3999999999999997, 0.49999999999999956, 0.5999999999999996, 0.6999999999999997, 0.7999999999999996, 0.8999999999999995, 0.9999999999999996], "y_lr_no": [7.128086170663734e-05, 0.0001773597371744083, 0.00044123359597580833, 0.0010972652183166573, 0.00272603271665325, 0.006756170910638929, 0.016644979393879263, 0.04041874714199756, 0.09487223872331846, 0.20687162333580209, 0.39359434341535715, 0.6176132530967471, 0.8007659173169932, 0.9091042510489413, 0.9613727730122557, 0.9841102415853575, 0.9935533135414635, 0.997399323872132, 0.9989532711255062, 0.9995791008700422, 0.999830816031349], "score_no": 0.733, "mean_perf_no": 73.33333333333333, "mse_no": 0.024076620080077372}