{"Hno": 0.07402587518879107, "Sigma": 0.08979545777096562, "signed_st": [-0.17000000000000004, -0.08999999999999997, -0.010000000000000009, 0.010000000000000009, 0.08999999999999997, 0.17000000000000004], "m_right_No": [0.0, 0.2, 0.4, 0.4, 0.2, 0.9], "se_right_No": [0.0, 0.1264911064067352, 0.15491933384829668, 0.15491933384829668, 0.1264911064067352, 0.09486832980505137], "x_lr": [-1.0, -0.9, -0.8, -0.7000000000000001, -0.6000000000000001, -0.5000000000000001, -0.40000000000000013, -0.30000000000000016, -0.20000000000000018, -0.1000000000000002, -2.220446049250313e-16, 0.09999999999999964, 0.19999999999999973, 0.2999999999999998, 0.3999999999999997, 0.49999999999999956, 0.5999999999999996, 0.6999999999999997, 0.7999999999999996, 0.8999999999999995, 0.9999999999999996], "y_lr_no": [6.3897817688140835e-06, 1.9459378169820465e-05, 5.925981355309162e-05, 0.00018044973586962712, 0.0005493442609373372, 0.0016711117051445273, 0.005071917033654233, 0.015287570729821546, 0.04514553969018131, 0.12586495080808974, 0.30483400140911066, 0.5718146610003281, 0.8026438075345127, 0.9252934345506695, 0.9741734166685234, 0.9913698611138579, 0.997149678698075, 0.999062270853771, 0.9996918923950393, 0.9998988085799305, 0.999966770439315], "score_no": 0.683, "mean_perf_no": 65.0, "mse_no": 0.028239345324634967}