{"Hno": 0.0436708482444367, "Sigma": 0.19038370205468497, "signed_st": [-0.20999999999999996, -0.13, -0.050000000000000044, 0.050000000000000044, 0.13, 0.20999999999999996], "m_right_No": [0.0, 0.6, 0.5, 0.3, 0.4, 0.9], "se_right_No": [0.0, 0.15491933384829668, 0.15811388300841897, 0.14491376746189438, 0.15491933384829668, 0.09486832980505137], "x_lr": [-1.0, -0.9, -0.8, -0.7000000000000001, -0.6000000000000001, -0.5000000000000001, -0.40000000000000013, -0.30000000000000016, -0.20000000000000018, -0.1000000000000002, -2.220446049250313e-16, 0.09999999999999964, 0.19999999999999973, 0.2999999999999998, 0.3999999999999997, 0.49999999999999956, 0.5999999999999996, 0.6999999999999997, 0.7999999999999996, 0.8999999999999995, 0.9999999999999996], "y_lr_no": [0.0041440304549218605, 0.006987095310010779, 0.011757652028509594, 0.019720700706946946, 0.03289731600617411, 0.054389555095327606, 0.08863606211316549, 0.14122550006501483, 0.2175683657626696, 0.31981146241830605, 0.4429042963515792, 0.5734330135509955, 0.6944754668756371, 0.7935374674875576, 0.8666475606723574, 0.9165899874436904, 0.9489304431003699, 0.9691535676641341, 0.9815244198771159, 0.9889903462821853, 0.9934594183612172], "score_no": 0.583, "mean_perf_no": 58.333333333333336, "mse_no": 0.04705153923601568}