{"HRopt_": 0.11295073485820772, "SO_HRopt_": 0.16196006290301224, "xhat": [-0.5, -0.45, -0.4, -0.35000000000000003, -0.30000000000000004, -0.25000000000000006, -0.20000000000000007, -0.15000000000000008, -0.10000000000000009, -0.0500000000000001, -1.1102230246251565e-16, 0.04999999999999982, 0.09999999999999987, 0.1499999999999999, 0.19999999999999984, 0.24999999999999978, 0.2999999999999998, 0.34999999999999987, 0.3999999999999998, 0.44999999999999973], "theo_pR": [1.249273433256981e-06, 8.972008008201193e-06, 5.445143295523813e-05, 0.00027962009089843587, 0.0012169136700417305, 0.004497427231080819, 0.014151891149109752, 0.038043965819049896, 0.08776447112587293, 0.1747780247260038, 0.3028395450967838, 0.4613428227011958, 0.6263298672681458, 0.770758807740989, 0.8770870891220501, 0.9429176574084013, 0.9771929718948513, 0.992200113811096, 0.9977254910211284, 0.9994361176520924], "partid": 994, "sessionid": 4, "part_sessid": "994_4"}