{"H_st": -0.09584967443945464, "st_sigma": 0.05360623392243171, "signed_stair": [-0.7, -0.6599999999999999, -0.62, -0.5800000000000001, -0.54, -0.5, -0.38, -0.30000000000000004, -0.26, -0.21999999999999997, -0.18000000000000005, -0.16000000000000003, -0.14, -0.13, -0.12, -0.10999999999999999, -0.09999999999999998, -0.08999999999999997, -0.07999999999999996, 0.07999999999999996, 0.08999999999999997, 0.09999999999999998, 0.12, 0.13, 0.14, 0.15000000000000002, 0.16000000000000003, 0.18000000000000005, 0.26, 0.30000000000000004, 0.33999999999999997, 0.42000000000000004, 0.45999999999999996, 0.74], "m_right": [NaN, 0.0, 0.0, 0.0, 0.0, 0.0, 0.0, 0.0, 0.0, 0.5, 0.0, 0.0, 1.0, 0.0, 1.0, 0.3333333333333333, 0.0, 1.0, 0.2, 1.0, 1.0, 1.0, 1.0, 1.0, 1.0, 1.0, 1.0, 1.0, 1.0, 1.0, 1.0, 1.0, 1.0, NaN], "se_right": [NaN, 0.0, 0.0, 0.0, 0.0, 0.0, 0.0, 0.0, 0.0, 0.3535533905932738, 0.0, 0.0, 0.0, 0.0, 0.0, 0.2721655269759087, 0.0, 0.0, 0.1788854381999832, 0.0, 0.0, 0.0, 0.0, 0.0, 0.0, 0.0, 0.0, 0.0, 0.0, 0.0, 0.0, 0.0, 0.0, NaN], "x_lr": [-1.0, -0.9, -0.8, -0.7000000000000001, -0.6000000000000001, -0.5000000000000001, -0.40000000000000013, -0.30000000000000016, -0.20000000000000018, -0.1000000000000002, -2.220446049250313e-16, 0.09999999999999964, 0.19999999999999973, 0.2999999999999998, 0.3999999999999997, 0.49999999999999956, 0.5999999999999996, 0.6999999999999997, 0.7999999999999996, 0.8999999999999995, 0.9999999999999996], "y_lr": [4.731139702716013e-08, 3.0557817599991685e-07, 1.973687015530053e-06, 1.274765434755266e-05, 8.232973787904807e-05, 0.0005315183552332283, 0.0034230769669084146, 0.02170365821562386, 0.12533211466647204, 0.48065405210266016, 0.8566858537343328, 0.9747532498037174, 0.9960059266194946, 0.9993795198562121, 0.999903883261939, 0.9999851174403828, 0.9999976957668546, 0.9999996432445708, 0.9999999447650395, 0.9999999914482028, 0.9999999986759611], "score": 0.839}