{"H_st": -0.0009009909171042482, "st_sigma": 0.07318250359641874, "signed_stair": [-0.62, -0.5800000000000001, -0.5, -0.42000000000000004, -0.33999999999999997, -0.30000000000000004, -0.26, -0.21999999999999997, -0.16000000000000003, -0.14, -0.09999999999999998, -0.08999999999999997, -0.07999999999999996, 0.07999999999999996, 0.08999999999999997, 0.09999999999999998, 0.12, 0.14, 0.18000000000000005, 0.26, 0.33999999999999997, 0.38, 0.45999999999999996, 0.54, 0.6599999999999999, 0.7], "m_right": [NaN, NaN, 0.0, 0.0, 0.0, 0.0, 1.0, 0.0, 0.0, 0.0, 0.0, 1.0, 0.13333333333333333, 0.8333333333333334, 1.0, 1.0, 0.3333333333333333, 1.0, 1.0, 1.0, 1.0, 1.0, 1.0, 1.0, NaN, NaN], "se_right": [NaN, NaN, 0.0, 0.0, 0.0, 0.0, 0.0, 0.0, 0.0, 0.0, 0.0, 0.0, 0.08777074514725111, 0.1075828707279838, 0.0, 0.0, 0.2721655269759087, 0.0, 0.0, 0.0, 0.0, 0.0, 0.0, 0.0, NaN, NaN], "x_lr": [-1.0, -0.9, -0.8, -0.7000000000000001, -0.6000000000000001, -0.5000000000000001, -0.40000000000000013, -0.30000000000000016, -0.20000000000000018, -0.1000000000000002, -2.220446049250313e-16, 0.09999999999999964, 0.19999999999999973, 0.2999999999999998, 0.3999999999999997, 0.49999999999999956, 0.5999999999999996, 0.6999999999999997, 0.7999999999999996, 0.8999999999999995, 0.9999999999999996], "y_lr": [1.1774518440166882e-06, 4.6172349893908746e-06, 1.8105746596928493e-05, 7.099598428935244e-05, 0.0002783453920041898, 0.001090614702375356, 0.00426314548670728, 0.016511823333564966, 0.061769722688859684, 0.20519512843892238, 0.5030778515778754, 0.7987915183957167, 0.9396419868193138, 0.9838833120316227, 0.9958401133061524, 0.9989358834892081, 0.9997284228105763, 0.9999307306921935, 0.9999823346216937, 0.9999954950669602, 0.9999988511866337], "score": 0.857}