{"H_st": 0.010936839982851854, "st_sigma": 0.10050155607069895, "signed_stair": [-0.7, -0.62, -0.5800000000000001, -0.54, -0.45999999999999996, -0.38, -0.33999999999999997, -0.26, -0.21999999999999997, -0.19999999999999996, -0.18000000000000005, -0.16000000000000003, -0.13, -0.09999999999999998, -0.08999999999999997, -0.07999999999999996, 0.07999999999999996, 0.08999999999999997, 0.10999999999999999, 0.12, 0.14, 0.18000000000000005, 0.21999999999999997, 0.24, 0.26, 0.30000000000000004, 0.42000000000000004, 0.5, 0.6599999999999999], "m_right": [NaN, NaN, NaN, 0.0, 0.0, 0.0, 0.0, 0.0, 0.0, 0.0, 0.5, 0.0, 0.0, 0.2, 1.0, 0.16666666666666666, 0.8181818181818182, 1.0, 1.0, 0.5, 1.0, 0.0, 1.0, 1.0, 1.0, 1.0, 1.0, 1.0, NaN], "se_right": [NaN, NaN, NaN, 0.0, 0.0, 0.0, 0.0, 0.0, 0.0, 0.0, 0.3535533905932738, 0.0, 0.0, 0.1788854381999832, 0.0, 0.15214515486254615, 0.11629129983033296, 0.0, 0.0, 0.3535533905932738, 0.0, 0.0, 0.0, 0.0, 0.0, 0.0, 0.0, 0.0, NaN], "x_lr": [-1.0, -0.9, -0.8, -0.7000000000000001, -0.6000000000000001, -0.5000000000000001, -0.40000000000000013, -0.30000000000000016, -0.20000000000000018, -0.1000000000000002, -2.220446049250313e-16, 0.09999999999999964, 0.19999999999999973, 0.2999999999999998, 0.3999999999999997, 0.49999999999999956, 0.5999999999999996, 0.6999999999999997, 0.7999999999999996, 0.8999999999999995, 0.9999999999999996], "y_lr": [4.280052920023327e-05, 0.00011575628332351167, 0.00031303003005826046, 0.000846216386259811, 0.0022855066888347523, 0.006157732247963725, 0.016482106849101095, 0.04336160885557065, 0.10920946908202263, 0.2490225700032386, 0.47282116811698927, 0.7081026513236687, 0.867748480765478, 0.9466575930536296, 0.9795921220936868, 0.9923564844523609, 0.9971603597398401, 0.9989482459672928, 0.9996108876160882, 0.9998561021005058, 0.9999467932511018], "score": 0.821}