{"Hno": 0.07890376118126885, "Sigma": 0.21047807923254133, "signed_st": [-0.35, -0.27, -0.18999999999999995, 0.18999999999999995, 0.27, 0.35], "m_right_No": [0.0, 0.0, 0.2, 0.7, 0.8, 0.9], "se_right_No": [0.0, 0.0, 0.1264911064067352, 0.14491376746189438, 0.12649110640673517, 0.09486832980505137], "x_lr": [-1.0, -0.9, -0.8, -0.7000000000000001, -0.6000000000000001, -0.5000000000000001, -0.40000000000000013, -0.30000000000000016, -0.20000000000000018, -0.1000000000000002, -2.220446049250313e-16, 0.09999999999999964, 0.19999999999999973, 0.2999999999999998, 0.3999999999999997, 0.49999999999999956, 0.5999999999999996, 0.6999999999999997, 0.7999999999999996, 0.8999999999999995, 0.9999999999999996], "y_pr_no": [1.4800695609948263e-07, 1.6527805123088309e-06, 1.4850317517966523e-05, 0.0001075278694798407, 0.0006286940876218992, 0.002975918417160817, 0.011443544287041136, 0.0359141108604167, 0.09256957731650017, 0.19766598518507994, 0.3538753183615232, 0.5399191747980562, 0.7174689607099329, 0.85324386451137, 0.9364398456254273, 0.9772857769783055, 0.9933526220829363, 0.9984156666849585, 0.9996937209123532, 0.9999521219005447, 0.9999939619614995], "pearson_chi2": 50.37652487218493, "mean_perf_no": 86.66666666666667, "mse_no": 0.002165331920809381}