{"Hno": -0.002271002578257022, "Sigma": 0.5152138873374708, "signed_st": [-0.26, -0.18000000000000005, -0.09999999999999998, 0.09999999999999998, 0.18000000000000005, 0.26], "m_right_No": [0.4, 0.4, 0.4, 0.2, 0.7, 0.9], "se_right_No": [0.15491933384829668, 0.15491933384829668, 0.15491933384829668, 0.1264911064067352, 0.14491376746189438, 0.09486832980505137], "x_lr": [-1.0, -0.9, -0.8, -0.7000000000000001, -0.6000000000000001, -0.5000000000000001, -0.40000000000000013, -0.30000000000000016, -0.20000000000000018, -0.1000000000000002, -2.220446049250313e-16, 0.09999999999999964, 0.19999999999999973, 0.2999999999999998, 0.3999999999999997, 0.49999999999999956, 0.5999999999999996, 0.6999999999999997, 0.7999999999999996, 0.8999999999999995, 0.9999999999999996], "y_pr_no": [0.02640119151682278, 0.04071578982910488, 0.06076959250346712, 0.0878281332640819, 0.12299244543936488, 0.16700636575342348, 0.22006648148321423, 0.28167440668484095, 0.3505706040596174, 0.4247774925866254, 0.5017584852345826, 0.5786738517222555, 0.6526911182412068, 0.7212941463314481, 0.7825353655896656, 0.835189763285427, 0.8787926978143383, 0.9135692882400133, 0.9402838744139418, 0.9600490200904775, 0.9741335270362826], "pearson_chi2": 59.83383008151751, "mean_perf_no": 60.0, "mse_no": 0.03326572142403322}