{"Hno": -0.14352075275402107, "Sigma": 0.1272063754482168, "signed_st": [-0.21999999999999997, -0.14, -0.06000000000000005, 0.06000000000000005, 0.14, 0.21999999999999997], "m_right_No": [0.5, 0.5, 0.4, 0.9, 0.9, 1.0], "se_right_No": [0.15811388300841897, 0.15811388300841897, 0.15491933384829668, 0.09486832980505137, 0.09486832980505137, 0.0], "x_lr": [-1.0, -0.9, -0.8, -0.7000000000000001, -0.6000000000000001, -0.5000000000000001, -0.40000000000000013, -0.30000000000000016, -0.20000000000000018, -0.1000000000000002, -2.220446049250313e-16, 0.09999999999999964, 0.19999999999999973, 0.2999999999999998, 0.3999999999999997, 0.49999999999999956, 0.5999999999999996, 0.6999999999999997, 0.7999999999999996, 0.8999999999999995, 0.9999999999999996], "y_lr_no": [0.0011895499861126692, 0.002607205195246719, 0.005704712143923933, 0.012436346650133035, 0.026896521332109125, 0.05719627508524861, 0.1175078009988579, 0.22616023006559827, 0.3907889808017322, 0.5847071366855086, 0.7555160300465876, 0.871509901048344, 0.9370561116113751, 0.9703047649549873, 0.9862483276783981, 0.9936873800685243, 0.9971140067077844, 0.9986830514379801, 0.9993995581997063, 0.9997263449073945, 0.9998753021770852], "score_no": 0.7, "mean_perf_no": 73.33333333333333, "mse_no": 0.015956700791536483}