{"Hno": -0.09994468196287244, "Sigma": 0.18616979434282158, "signed_st": [-0.19999999999999996, -0.12, -0.040000000000000036, 0.040000000000000036, 0.12, 0.19999999999999996], "m_right_No": [0.3, 0.4, 0.8, 0.7, 0.7, 0.8], "se_right_No": [0.14491376746189438, 0.15491933384829668, 0.12649110640673517, 0.14491376746189438, 0.14491376746189438, 0.12649110640673517], "x_lr": [-1.0, -0.9, -0.8, -0.7000000000000001, -0.6000000000000001, -0.5000000000000001, -0.40000000000000013, -0.30000000000000016, -0.20000000000000018, -0.1000000000000002, -2.220446049250313e-16, 0.09999999999999964, 0.19999999999999973, 0.2999999999999998, 0.3999999999999997, 0.49999999999999956, 0.5999999999999996, 0.6999999999999997, 0.7999999999999996, 0.8999999999999995, 0.9999999999999996], "y_lr_no": [0.007887214876528369, 0.013420643907969501, 0.02274714933103758, 0.038303356802860566, 0.06380349301469769, 0.10443654702420413, 0.16634865716318473, 0.2545320717072902, 0.36878302441344224, 0.49992571561230437, 0.6310786281921421, 0.7453551508197174, 0.8335689143362901, 0.8955078576224274, 0.9361610001807202, 0.9616747463474412, 0.9772396363543693, 0.9865714852988257, 0.9921081335565598, 0.9953726991300024, 0.9972905259003932], "score_no": 0.717, "mean_perf_no": 61.66666666666667, "mse_no": 0.01072575047419684}