{"Hno": 0.5272213579093731, "Sigma": -0.4709192429482531, "signed_st": [-0.19999999999999996, -0.12, -0.040000000000000036, 0.040000000000000036, 0.12, 0.19999999999999996], "m_right_No": [0.7, 1.0, 0.9, 0.6, 0.4, 0.9], "se_right_No": [0.14491376746189438, 0.0, 0.09486832980505137, 0.15491933384829668, 0.15491933384829668, 0.09486832980505137], "x_lr": [-1.0, -0.9, -0.8, -0.7000000000000001, -0.6000000000000001, -0.5000000000000001, -0.40000000000000013, -0.30000000000000016, -0.20000000000000018, -0.1000000000000002, -2.220446049250313e-16, 0.09999999999999964, 0.19999999999999973, 0.2999999999999998, 0.3999999999999997, 0.49999999999999956, 0.5999999999999996, 0.6999999999999997, 0.7999999999999996, 0.8999999999999995, 0.9999999999999996], "y_lr_no": [0.9624230846489958, 0.9539425363296519, 0.9436600959286269, 0.9312475226418098, 0.9163426981206607, 0.8985586399562332, 0.8774994099258432, 0.8527845531558088, 0.8240830300162705, 0.7911561532448667, 0.7539067019172025, 0.7124283427861688, 0.6670464359112428, 0.6183394541389687, 0.5671310453775891, 0.5144471589834774, 0.4614402405968009, 0.40929113859403776, 0.35910583660887263, 0.3118256913210979, 0.268165818400702], "score_no": 0.75, "mean_perf_no": 38.333333333333336, "mse_no": 0.039783962888104325}