{"HRopt_": 0.05334565049546169, "SO_HRopt_": 0.1230763806932051, "xhat": [-0.5, -0.45, -0.4, -0.35000000000000003, -0.30000000000000004, -0.25000000000000006, -0.20000000000000007, -0.15000000000000008, -0.10000000000000009, -0.0500000000000001, -1.1102230246251565e-16, 0.04999999999999982, 0.09999999999999987, 0.1499999999999999, 0.19999999999999984, 0.24999999999999978, 0.2999999999999998, 0.34999999999999987, 0.3999999999999998, 0.44999999999999973], "theo_pR": [0.0023280809143689796, 0.005617915346167069, 0.012524429582910779, 0.025826206051605016, 0.049329446350597, 0.08742852813237612, 0.14408781061266773, 0.22139116716132465, 0.31815143932243756, 0.4292651849616915, 0.5463257990310142, 0.659468419923798, 0.7597945401501409, 0.841410268937612, 0.9023226090519393, 0.9440294787410947, 0.9702281888761943, 0.9853262489294958, 0.9933085855702365, 0.9971803161104575], "partid": 998, "sessionid": 2, "part_sessid": "998_2"}