{"HRopt_": 0.2951975971496827, "SO_HRopt_": 0.3945020055029289, "xhat": [-0.5, -0.45, -0.4, -0.35000000000000003, -0.30000000000000004, -0.25000000000000006, -0.20000000000000007, -0.15000000000000008, -0.10000000000000009, -0.0500000000000001, -1.1102230246251565e-16, 0.04999999999999982, 0.09999999999999987, 0.1499999999999999, 0.19999999999999984, 0.24999999999999978, 0.2999999999999998, 0.34999999999999987, 0.3999999999999998, 0.44999999999999973], "theo_pR": [0.002121022172520637, 0.0039926297770245265, 0.007226429513430888, 0.01258054997487057, 0.021075092435979048, 0.033989331167331605, 0.052803052714083254, 0.07906686716392075, 0.114200104776929, 0.15923570011473684, 0.214554286976095, 0.27966669223308516, 0.35310690693701874, 0.432481536134089, 0.5146882097429616, 0.5962731585765921, 0.6738604547909836, 0.744565235190366, 0.8063077762583563, 0.8579729321258047], "partid": 1002, "sessionid": 2, "part_sessid": "1002_2"}