{"HRopt_": 0.35506194442645095, "SO_HRopt_": 0.7059262901072382, "xhat": [-0.5, -0.45, -0.4, -0.35000000000000003, -0.30000000000000004, -0.25000000000000006, -0.20000000000000007, -0.15000000000000008, -0.10000000000000009, -0.0500000000000001, -1.1102230246251565e-16, 0.04999999999999982, 0.09999999999999987, 0.1499999999999999, 0.19999999999999984, 0.24999999999999978, 0.2999999999999998, 0.34999999999999987, 0.3999999999999998, 0.44999999999999973], "theo_pR": [0.2841260190233943, 0.3042999006717733, 0.32508766203814243, 0.34643468738261585, 0.3682810127619809, 0.3905618147392109, 0.413207977739521, 0.4361467319548451, 0.4593023520780179, 0.48259690573228636, 0.5059510392933746, 0.5292847879154321, 0.5525183959957906, 0.5755731340641403, 0.5983720981671865, 0.6208409782374094, 0.6429087826714646, 0.6645085073775139, 0.685577738850049, 0.7060591823565152], "partid": 1001, "sessionid": 2, "part_sessid": "1001_2"}