{"H_st": -0.07007865984105974, "st_sigma": 0.14160233522441315, "signed_stair": [-0.45999999999999996, -0.42000000000000004, -0.33999999999999997, -0.30000000000000004, -0.26, -0.21999999999999997, -0.19999999999999996, -0.18999999999999995, -0.18000000000000005, -0.16000000000000003, -0.15000000000000002, -0.14, -0.13, -0.12, 0.14, 0.15000000000000002, 0.16000000000000003, 0.17000000000000004, 0.18000000000000005, 0.19999999999999996, 0.20999999999999996, 0.21999999999999997, 0.26, 0.30000000000000004, 0.33999999999999997, 0.38, 0.5, 0.54, 0.5800000000000001, 0.62, 0.6599999999999999, 0.7], "m_right": [0.0, 0.0, 0.0, 0.0, 0.5, 0.0, 0.0, 0.0, 0.2, 0.0, 0.0, 0.6666666666666666, 0.3333333333333333, 1.0, 0.6666666666666666, 1.0, 1.0, 1.0, 0.25, 1.0, 1.0, 1.0, 1.0, 1.0, 1.0, 1.0, 1.0, 1.0, NaN, NaN, NaN, NaN], "se_right": [0.0, 0.0, 0.0, 0.0, 0.3535533905932738, 0.0, 0.0, 0.0, 0.1788854381999832, 0.0, 0.0, 0.19245008972987526, 0.2721655269759087, 0.0, 0.2721655269759087, 0.0, 0.0, 0.0, 0.21650635094610965, 0.0, 0.0, 0.0, 0.0, 0.0, 0.0, 0.0, 0.0, 0.0, NaN, NaN, NaN, NaN], "x_lr": [-1.0, -0.9, -0.8, -0.7000000000000001, -0.6000000000000001, -0.5000000000000001, -0.40000000000000013, -0.30000000000000016, -0.20000000000000018, -0.1000000000000002, -2.220446049250313e-16, 0.09999999999999964, 0.19999999999999973, 0.2999999999999998, 0.3999999999999997, 0.49999999999999956, 0.5999999999999996, 0.6999999999999997, 0.7999999999999996, 0.8999999999999995, 0.9999999999999996], "y_lr": [0.0014038488514754185, 0.002840502512996475, 0.005738931838189805, 0.01156061027740313, 0.023150400271898228, 0.045820615156766865, 0.08867556898304349, 0.16469364478624418, 0.285465835158279, 0.44736933061778106, 0.6212595077864626, 0.7687205288618787, 0.8707159309830504, 0.9317258089727434, 0.9650988179296074, 0.9824658097772482, 0.991269085293655, 0.9956720283680358, 0.997859390920426, 0.9989424317826354, 0.9994777950367683], "score": 0.75}