{"Dperf_oo": [100.0, 85.71428571428571, 75.0, 100.0], "Dse_perf_oo": [0.0, 13.226001425322165, 21.650635094610966, 0.0], "Sperf_oo": [100.0, 100.0, 50.0, 100.0], "Sse_perf_oo": [0.0, 0.0, 25.0, 0.0], "perf_no": [95.0, 80.0, 65.0, 50.0], "se_perf_no": [4.873397172404484, 8.944271909999157, 10.66536450385077, 11.180339887498949], "Dn_trials_oo": [11, 7, 4, 2], "Sn_trials_oo": [14, 8, 4, 2], "NOn_trials": [20, 20, 20, 20], "DRT_oo": [0.9746089384606746, 0.9743272578095907, 1.0149260129027478, 1.0734727244322189], "DsdRT_oo": [0.07551800184531461, 0.03933378625089126, 0.04612204944455296, 0.01461536588531998], "SRT_oo": [0.9303513966150564, 0.8966813732568314, 0.9439057472073817, 0.961731233788425], "SsdRT_oo": [0.03953360769928069, 0.017910254751217422, 0.07536040144679998, 0.02747349680259033], "DRT_OKoo": [0.913178061975906, 0.931410760810577, 1.0509076546767393, 1.242716871137417], "DsdRT_OKoo": [0.05586462170772007, 0.025747909096983747, 0.0, 0.0], "SRT_OKoo": [0.8852335040753666, 0.9302411737488767, 1.2082354850236645, 0.8140509658324595], "SsdRT_OKoo": [0.013064730549189016, 0.01581839873831068, 0.0, 0.0], "RT_no": [1.0177673134140468, 1.04378297117872, 1.0430879547794627, 1.4327717070166828], "sdRT_no": [0.0888433153593384, 0.11461045294952894, 0.05446615994236602, 0.2580472388246621], "RT_noNOK": [2.0651845773759563, 1.6067799308655895, 1.4360079727880628, 1.4347159158800025], "sdRT_noNOK": [NaN, 0.013992180300860146, 0.04381389659904795, 0.07103496208316677], "Doptout": [45.0, 65.0, 80.0, 90.0], "Dse_optout": [11.124297730643494, 10.66536450385077, 8.944271909999157, 6.708203932499368], "Soptout": [30.0, 60.0, 80.0, 90.0], "Sse_optout": [10.246950765959598, 10.954451150103322, 8.944271909999157, 6.708203932499368]}