{"Dperf_oo": [100.0, 86.66666666666667, 80.0, 50.0], "Dse_perf_oo": [0.0, 8.77707451472511, 10.327955589886443, 15.811388300841896], "Sperf_oo": [100.0, 100.0, 76.47058823529412, 64.28571428571429], "Sse_perf_oo": [0.0, 0.0, 10.287936849355368, 12.806020814297073], "perf_no": [100.0, 90.0, 80.0, 75.0], "se_perf_no": [0.0, 6.708203932499368, 8.944271909999157, 9.682458365518542], "Dn_trials_oo": [19, 15, 15, 10], "Sn_trials_oo": [20, 15, 17, 14], "NOn_trials": [20, 20, 20, 20], "DRT_oo": [1.1713884918296662, 1.944790626835036, 1.1878305912559148, 1.4100940826779154], "DsdRT_oo": [NaN, 0.1864991063249027, 0.028770357771279582, 0.023210558935084103], "SRT_oo": [NaN, 1.407354838104546, 1.5231061572255393, 1.7017009181949763], "SsdRT_oo": [NaN, 0.040500028145944264, 0.0, 0.18363757934120553], "DRT_OKoo": [0.8252355385025653, 0.9567988644819327, 0.8863644654110261, 1.1642783946719617], "DsdRT_OKoo": [0.03501876585160357, 0.013578704728284341, 0.0600990769362139, 0.004012694684954748], "SRT_OKoo": [0.8051621160949719, 0.8602819498043941, 0.9567988644819327, 0.9092500902609731], "SsdRT_OKoo": [0.037261333806393133, 0.04902167547202831, 0.03678150456092403, 0.030633512699459742], "RT_no": [0.8025488902204889, 1.0416491179798237, 1.019499706430998, 1.0446934599315236], "sdRT_no": [0.07392647425395071, 0.04838137351088433, 0.07406824284109896, 0.00963409986689681], "RT_noNOK": [NaN, 1.6350702884127601, 1.5717128235580824, 1.0469352628535769], "sdRT_noNOK": [NaN, 0.0, 0.3520492931119417, 0.028216539605897453], "Doptout": [5.0, 25.0, 25.0, 50.0], "Dse_optout": [4.873397172404482, 9.682458365518542, 9.682458365518542, 11.180339887498949], "Soptout": [0.0, 25.0, 15.0, 30.0], "Sse_optout": [0.0, 9.682458365518542, 7.984359711335657, 10.246950765959598]}