{"Dperf_oo": [94.73684210526316, 100.0, 82.3529411764706, 50.0], "Dse_perf_oo": [5.122781719918815, 0.0, 9.245944094039714, 14.433756729740644], "Sperf_oo": [100.0, 80.0, 88.88888888888889, 61.111111111111114], "Sse_perf_oo": [0.0, 8.944271909999157, 7.407407407407408, 11.490438561102644], "perf_no": [100.0, 100.0, 80.0, 55.0], "se_perf_no": [0.0, 0.0, 8.944271909999157, 11.124297730643494], "Dn_trials_oo": [19, 18, 17, 12], "Sn_trials_oo": [19, 20, 18, 18], "NOn_trials": [20, 20, 20, 20], "DRT_oo": [1.939141176322031, 1.4104505297864305, 1.5951061808459233, 1.589810386921546], "DsdRT_oo": [NaN, 0.0, 0.0, 0.13474615361763834], "SRT_oo": [2.479613843239922, NaN, 1.6420752663229015, 1.79748378443872], "SsdRT_oo": [NaN, NaN, 0.0, 0.0], "DRT_OKoo": [0.9100611931162245, 1.0134535180931907, 0.9361732487094735, 1.130278977032189], "DsdRT_OKoo": [0.04581873621992424, 0.11713551774516168, 0.044348182366422025, 0.188461023736267], "SRT_OKoo": [0.8952297086442017, 0.9718413789340665, 1.1013009144109862, 1.0167272075070204], "SsdRT_OKoo": [0.026293456937956983, 0.07664319250688786, 0.06537846263519372, 0.02649298969989786], "RT_no": [0.928219365733598, 0.9488603239551859, 1.1170659915632761, 1.2026059056529506], "sdRT_no": [0.02644195405979451, 0.03629409335732693, 0.09145910911712443, 0.14231543611242184], "RT_noNOK": [NaN, NaN, 1.1184235738346795, 1.3014444186146115], "sdRT_noNOK": [NaN, NaN, 0.0, 0.10678434169600318], "Doptout": [5.0, 10.0, 15.0, 40.0], "Dse_optout": [4.873397172404482, 6.708203932499369, 7.984359711335657, 10.954451150103322], "Soptout": [5.0, 0.0, 10.0, 10.0], "Sse_optout": [4.873397172404482, 0.0, 6.708203932499369, 6.708203932499369]}