{"Hno": 0.007214951174460736, "Sigma": 0.04837498690197963, "signed_st": [-0.14, -0.1, -0.06, -0.02, 0.02, 0.06, 0.1, 0.14], "m_right_No": [0.0, 0.0, 0.2, 0.1, 0.7, 0.8, 1.0, 1.0], "se_right_No": [0.0, 0.0, 0.1264911064067352, 0.09486832980505139, 0.14491376746189438, 0.12649110640673517, 0.0, 0.0], "x_lr": [-0.2, -0.19, -0.18, -0.16999999999999998, -0.15999999999999998, -0.14999999999999997, -0.13999999999999996, -0.12999999999999995, -0.11999999999999994, -0.10999999999999993, -0.09999999999999992, -0.08999999999999991, -0.0799999999999999, -0.0699999999999999, -0.05999999999999989, -0.04999999999999988, -0.03999999999999987, -0.02999999999999986, -0.01999999999999985, -0.009999999999999842, 1.6653345369377348e-16, 0.010000000000000175, 0.020000000000000184, 0.030000000000000193, 0.0400000000000002, 0.05000000000000021, 0.06000000000000022, 0.07000000000000023, 0.08000000000000024, 0.09000000000000025, 0.10000000000000026, 0.11000000000000026, 0.12000000000000027, 0.13000000000000028, 0.1400000000000003, 0.1500000000000003, 0.1600000000000003, 0.17000000000000032, 0.18000000000000033, 0.19000000000000034], "y_pr_no": [9.198210881115678e-06, 2.2830263421367923e-05, 5.4400367370521e-05, 0.0001244645588459268, 0.00027347674070164133, 0.0005771826153053268, 0.0011703681669114117, 0.002280652140625561, 0.004272168528813465, 0.007695430733687651, 0.013334443299582091, 0.022236138386173984, 0.035702468211171706, 0.05522484888391602, 0.0823469547565589, 0.11845643432483582, 0.16452729481699463, 0.2208571661957131, 0.286859393702909, 0.3609709388797564, 0.4407190890983419, 0.5229552568731923, 0.6042219548136917, 0.6811828063460804, 0.751027690340311, 0.8117721669639943, 0.8623996582314395, 0.9028361423857363, 0.9337866426066563, 0.9564889074799124, 0.9724468847735275, 0.9831965154404313, 0.9901358236527336, 0.9944286727622871, 0.9969736373815038, 0.9984194912760727, 0.9992066701831142, 0.9996173739632175, 0.9998227217312405, 0.9999211131266835], "pearson_chi2": 52.54863160305579, "mean_perf_no": 90.0, "mse_no": 0.010462222254387088}