{"Hno": -0.012787612882902253, "Sigma": 0.054956321260736296, "signed_st": [-0.14, -0.1, -0.06, -0.02, 0.02, 0.06, 0.1, 0.14], "m_right_No": [0.0, 0.1, 0.2, 0.4, 0.7, 0.9, 1.0, 1.0], "se_right_No": [0.0, 0.09486832980505139, 0.1264911064067352, 0.15491933384829668, 0.14491376746189438, 0.09486832980505137, 0.0, 0.0], "x_lr": [-0.2, -0.19, -0.18, -0.16999999999999998, -0.15999999999999998, -0.14999999999999997, -0.13999999999999996, -0.12999999999999995, -0.11999999999999994, -0.10999999999999993, -0.09999999999999992, -0.08999999999999991, -0.0799999999999999, -0.0699999999999999, -0.05999999999999989, -0.04999999999999988, -0.03999999999999987, -0.02999999999999986, -0.01999999999999985, -0.009999999999999842, 1.6653345369377348e-16, 0.010000000000000175, 0.020000000000000184, 0.030000000000000193, 0.0400000000000002, 0.05000000000000021, 0.06000000000000022, 0.07000000000000023, 0.08000000000000024, 0.09000000000000025, 0.10000000000000026, 0.11000000000000026, 0.12000000000000027, 0.13000000000000028, 0.1400000000000003, 0.1500000000000003, 0.1600000000000003, 0.17000000000000032, 0.18000000000000033, 0.19000000000000034], "y_pr_no": [0.00032892708211083236, 0.0006307345900460376, 0.0011725574275536818, 0.002113675033536916, 0.003695250375293988, 0.006266802517547066, 0.01031219170231102, 0.016469414472029438, 0.02553652818202519, 0.0384550536486645, 0.05626311171822479, 0.08001400544803655, 0.11066207772475595, 0.14892571197022375, 0.19514562730980667, 0.24916281569014248, 0.3102422105490794, 0.37706389406130336, 0.4477933063363568, 0.5202273351987925, 0.5919977066065604, 0.6608007586718663, 0.7246168449776716, 0.7818849182307757, 0.8316076414114458, 0.873376936857746, 0.9073253345358884, 0.9340210320168191, 0.9543316478665019, 0.9692824572675602, 0.97993040892813, 0.9872675546675155, 0.9921591202539022, 0.9953143299233931, 0.9972834314946766, 0.9984723922057576, 0.9991669786675128, 0.9995595734116741, 0.9997742684123837, 0.9998878632483802], "pearson_chi2": 58.89695594782916, "mean_perf_no": 86.25, "mse_no": 0.0008994732620012155}