{"Hno": 7.522130768305145e-09, "Sigma": 0.025506361161982512, "signed_st": [-0.14, -0.1, -0.06, -0.02, 0.02, 0.06, 0.1, 0.14], "m_right_No": [0.0, 0.1, 0.0, 0.3, 0.7, 0.9, 1.0, 1.0], "se_right_No": [0.0, 0.09486832980505139, 0.0, 0.14491376746189438, 0.14491376746189438, 0.09486832980505137, 0.0, 0.0], "x_lr": [-0.2, -0.19, -0.18, -0.16999999999999998, -0.15999999999999998, -0.14999999999999997, -0.13999999999999996, -0.12999999999999995, -0.11999999999999994, -0.10999999999999993, -0.09999999999999992, -0.08999999999999991, -0.0799999999999999, -0.0699999999999999, -0.05999999999999989, -0.04999999999999988, -0.03999999999999987, -0.02999999999999986, -0.01999999999999985, -0.009999999999999842, 1.6653345369377348e-16, 0.010000000000000175, 0.020000000000000184, 0.030000000000000193, 0.0400000000000002, 0.05000000000000021, 0.06000000000000022, 0.07000000000000023, 0.08000000000000024, 0.09000000000000025, 0.10000000000000026, 0.11000000000000026, 0.12000000000000027, 0.13000000000000028, 0.1400000000000003, 0.1500000000000003, 0.1600000000000003, 0.17000000000000032, 0.18000000000000033, 0.19000000000000034], "y_lr_no": [0.0003930496427783196, 0.0005816136096032132, 0.0008605624927560512, 0.0012731281881995524, 0.001883110867608107, 0.002784534334758482, 0.004115679555112399, 0.0060792986859766205, 0.008971334475873059, 0.013220865180771873, 0.0194438153711921, 0.028511225097549244, 0.04162760954781055, 0.06040291868650624, 0.08687879347029366, 0.12343506057742634, 0.17246793253776516, 0.23574019196507393, 0.3134329525368175, 0.4032216512080425, 0.4999999262720136, 0.5967782068602958, 0.6865669205373509, 0.7642597017682536, 0.8275319832809338, 0.8765648756042949, 0.9131211597384533, 0.9395970478383805, 0.9583723669213055, 0.9714887585653064, 0.980556173383368, 0.9867791271243399, 0.99102866028009, 0.9939206977501054, 0.9958843180273517, 0.9972154640274293, 0.9981168880237794, 0.9987268710618349, 0.9991394370001003, 0.9994183860475466], "score_no": 0.9, "mean_perf_no": 90.0, "mse_no": 0.0024970367261984523}