{"Hno": -0.05654638421846024, "Sigma": 0.04771186459528413, "signed_st": [-0.14, -0.1, -0.06, -0.02, 0.02, 0.06, 0.1, 0.14], "m_right_No": [0.2, 0.3, 0.5, 0.6, 0.7, 1.0, 1.0, 1.0], "se_right_No": [0.1264911064067352, 0.14491376746189438, 0.15811388300841897, 0.15491933384829668, 0.14491376746189438, 0.0, 0.0, 0.0], "x_lr": [-0.2, -0.19, -0.18, -0.16999999999999998, -0.15999999999999998, -0.14999999999999997, -0.13999999999999996, -0.12999999999999995, -0.11999999999999994, -0.10999999999999993, -0.09999999999999992, -0.08999999999999991, -0.0799999999999999, -0.0699999999999999, -0.05999999999999989, -0.04999999999999988, -0.03999999999999987, -0.02999999999999986, -0.01999999999999985, -0.009999999999999842, 1.6653345369377348e-16, 0.010000000000000175, 0.020000000000000184, 0.030000000000000193, 0.0400000000000002, 0.05000000000000021, 0.06000000000000022, 0.07000000000000023, 0.08000000000000024, 0.09000000000000025, 0.10000000000000026, 0.11000000000000026, 0.12000000000000027, 0.13000000000000028, 0.1400000000000003, 0.1500000000000003, 0.1600000000000003, 0.17000000000000032, 0.18000000000000033, 0.19000000000000034], "y_lr_no": [0.047125656265123765, 0.05748249656978766, 0.06994838165944572, 0.08487422581312103, 0.10263353651007111, 0.12360692849949066, 0.14815865152983052, 0.1766043137333679, 0.2091703351119015, 0.245947812791906, 0.2868462380725167, 0.33155525459307894, 0.3795243062743599, 0.42996932274325667, 0.48191168671196477, 0.5342479463492281, 0.5858409129366103, 0.6356167475019951, 0.6826508739779592, 0.7262288257318859, 0.765875033745113, 0.8013503420495478, 0.8326250541537706, 0.8598371944419785, 0.8832455144826716, 0.9031846416133409, 0.9200269190095066, 0.9341528735995447, 0.9459303436346416, 0.9557011803551069, 0.9637739650313271, 0.9704211394496154, 0.975879139034503, 0.9803504014638706, 0.9840064136515362, 0.986991213196163, 0.9894249616185865, 0.9914073562521434, 0.9930207529179349, 0.9943329420165853], "score_no": 0.788, "mean_perf_no": 76.25, "mse_no": 0.00592868666620281}