{"Hno": -0.016840971715288575, "Sigma": 0.04376904318591316, "signed_st": [-0.14, -0.1, -0.06, -0.02, 0.02, 0.06, 0.1, 0.14], "m_right_No": [0.1, 0.2, 0.0, 0.5, 0.9, 0.8, 1.0, 0.9], "se_right_No": [0.09486832980505139, 0.1264911064067352, 0.0, 0.15811388300841897, 0.09486832980505137, 0.12649110640673517, 0.0, 0.09486832980505137], "x_lr": [-0.2, -0.19, -0.18, -0.16999999999999998, -0.15999999999999998, -0.14999999999999997, -0.13999999999999996, -0.12999999999999995, -0.11999999999999994, -0.10999999999999993, -0.09999999999999992, -0.08999999999999991, -0.0799999999999999, -0.0699999999999999, -0.05999999999999989, -0.04999999999999988, -0.03999999999999987, -0.02999999999999986, -0.01999999999999985, -0.009999999999999842, 1.6653345369377348e-16, 0.010000000000000175, 0.020000000000000184, 0.030000000000000193, 0.0400000000000002, 0.05000000000000021, 0.06000000000000022, 0.07000000000000023, 0.08000000000000024, 0.09000000000000025, 0.10000000000000026, 0.11000000000000026, 0.12000000000000027, 0.13000000000000028, 0.1400000000000003, 0.1500000000000003, 0.1600000000000003, 0.17000000000000032, 0.18000000000000033, 0.19000000000000034], "y_lr_no": [0.01499883043179126, 0.018776418080952893, 0.023482742349868517, 0.02933344540055023, 0.03658722995891353, 0.04555060594279636, 0.0565809228465069, 0.0700861508220752, 0.08651929868382503, 0.10636481613491233, 0.1301140437905898, 0.15822711446324825, 0.1910801554283913, 0.22889964526790887, 0.27169043583224367, 0.31916953891281974, 0.37072241245400556, 0.42539934438916605, 0.4819640924915039, 0.5389949081677311, 0.5950228149258338, 0.6486797625295091, 0.6988258664201579, 0.7446320884448389, 0.7856088615664554, 0.821585852735789, 0.8526578477840017, 0.8791146646245003, 0.9013704010457944, 0.9199020432918664, 0.9352020615736844, 0.9477455402283363, 0.9579699989839224, 0.9662650821207808, 0.9729692336491446, 0.9783708898319978, 0.9827122927941757, 0.9861945838580781, 0.9889832948918438, 0.9912137016794128], "score_no": 0.85, "mean_perf_no": 85.0, "mse_no": 0.022279568809503585}