{"HRopt_": 0.03636863214464548, "SO_HRopt_": 0.05959531994565836, "xhat": [-0.2, -0.15000000000000002, -0.10000000000000003, -0.050000000000000044, -5.551115123125783e-17, 0.04999999999999993, 0.09999999999999992, 0.1499999999999999], "theo_pR": [8.814459045758394e-05, 0.0020768648667927048, 0.023755574553149028, 0.1362802165090442, 0.4157978572810751, 0.74916814229864, 0.9401939818385558, 0.9926753309139527], "partid": 3071, "sessionid": 17, "part_sessid": "3071_17"}