{"HRopt_": 0.01634576967343007, "SO_HRopt_": 0.038821608329205864, "xhat": [-0.2, -0.15000000000000002, -0.10000000000000003, -0.050000000000000044, -5.551115123125783e-17, 0.04999999999999993, 0.09999999999999992, 0.1499999999999999], "theo_pR": [0.00021220861402526656, 0.004522654972457407, 0.04491854639384729, 0.2170548484897251, 0.5524685969888397, 0.8522148531435235, 0.9750055611479607, 0.9979743427323815], "partid": 3065, "sessionid": 17, "part_sessid": "3065_17"}