{"HRopt_": 0.022011530767285226, "SO_HRopt_": 0.053078508537014166, "xhat": [-0.2, -0.15000000000000002, -0.10000000000000003, -0.050000000000000044, -5.551115123125783e-17, 0.04999999999999993, 0.09999999999999992, 0.1499999999999999], "theo_pR": [0.006111981854968418, 0.032569077932890766, 0.11840350359322326, 0.3009389011579971, 0.5555124992856673, 0.7884065826711327, 0.9281578941744683, 0.9831444888978054], "partid": 3068, "sessionid": 17, "part_sessid": "3068_17"}