{"HRopt_": 0.032149721190524984, "SO_HRopt_": 0.06354763019934304, "xhat": [-0.2, -0.15000000000000002, -0.10000000000000003, -0.050000000000000044, -5.551115123125783e-17, 0.04999999999999993, 0.09999999999999992, 0.1499999999999999], "theo_pR": [0.004562455735256599, 0.0254094905454284, 0.09702827489001065, 0.259677936342678, 0.5039872222544013, 0.7467597750372614, 0.9063587991309452, 0.9757519045748758], "partid": 3077, "sessionid": 17, "part_sessid": "3077_17"}