{"HRopt_": -0.0009932844417122658, "SO_HRopt_": 0.028685806619427, "xhat": [-0.2, -0.15000000000000002, -0.10000000000000003, -0.050000000000000044, -5.551115123125783e-17, 0.04999999999999993, 0.09999999999999992, 0.1499999999999999], "theo_pR": [0.01005115030483128, 0.05131815382563476, 0.17361466922691104, 0.402164278585052, 0.6716518041111814, 0.8721695718508776, 0.9662953125155994, 0.9941516134033139], "partid": 3053, "sessionid": 17, "part_sessid": "3053_17"}