{"Dperf_oo": [100.0, 50.0, 20.0], "Dse_perf_oo": [0.0, 15.811388300841896, 17.888543819998322], "Sperf_oo": [92.85714285714286, 50.0, 50.0], "Sse_perf_oo": [6.883029368995938, 14.433756729740644, 25.0], "perf_no": [95.0, 45.0, 45.0], "se_perf_no": [4.873397172404484, 11.124297730643494, 11.124297730643494], "Dn_trials_oo": [18, 10, 5], "Sn_trials_oo": [14, 12, 4], "NOn_trials": [20, 20, 20], "DRT_oo": [1.0986309770549667, 1.085196268263941, 1.0016182975514099], "DsdRT_oo": [0.0, 0.1496717803343951, 0.039973692947888946], "SRT_oo": [0.9400889211920719, 0.9878145033530329, 0.9395693625043261], "SsdRT_oo": [0.1341354398330095, 0.012446186194946664, 0.03569993324787279], "DRT_OKoo": [0.9416987013871243, 0.9989949520478889, 0.7921708467945423], "DsdRT_OKoo": [0.16773657905803327, 0.02345963625185159, NaN], "SRT_OKoo": [0.7541153022807907, 1.053284576205571, 1.0849521040709775], "SsdRT_OKoo": [0.05158220391212989, 0.004820820629798085, 0.0], "RT_no": [0.7962762121623632, 1.2032184247452247, 1.227924434023163], "sdRT_no": [0.04788381561016973, 0.3564961402664257, 0.09494519604989729], "RT_noNOK": [1.1158190005159954, 0.9292718796666651, 1.1104303535849496], "sdRT_noNOK": [NaN, 0.07261556631976963, 0.14410520231485927], "Doptout": [10.0, 50.0, 75.0], "Dse_optout": [6.708203932499369, 11.180339887498949, 9.682458365518542], "Soptout": [30.0, 40.0, 80.0], "Sse_optout": [10.246950765959598, 10.954451150103322, 8.944271909999157]}