{"Dperf_oo": [100.0, 25.0, 76.92307692307692], "Dse_perf_oo": [0.0, 9.682458365518542, 11.685454235580771], "Sperf_oo": [90.0, 38.888888888888886, 42.857142857142854], "Sse_perf_oo": [6.708203932499368, 11.490438561102644, 13.226001425322162], "perf_no": [100.0, 60.0, 35.0], "se_perf_no": [0.0, 10.954451150103322, 10.66536450385077], "Dn_trials_oo": [20, 20, 13], "Sn_trials_oo": [20, 18, 14], "NOn_trials": [20, 20, 20], "DRT_oo": [NaN, NaN, 1.2925847189174826], "DsdRT_oo": [NaN, NaN, 0.005551674410636694], "SRT_oo": [NaN, 1.2132544453698388, 1.3642491095226086], "SsdRT_oo": [NaN, 0.0, 0.1458135835250639], "DRT_OKoo": [0.9497810753389079, 0.9162102803016455, 1.0239937208792484], "DsdRT_OKoo": [0.02477769823889971, 0.03533239944435381, 0.07441683702159996], "SRT_OKoo": [0.9534133945277923, 0.9810007180125102, 0.9682911205289427], "SsdRT_OKoo": [0.01660544938038583, 0.0, 0.047330264264147104], "RT_no": [0.9946958284665308, 1.0330111644536426, 0.9550394909082969], "sdRT_no": [0.010678745577565195, 0.04129354524966023, 0.2167376344221702], "RT_noNOK": [NaN, 1.113217840607282, 1.2088653930104147], "sdRT_noNOK": [NaN, 0.19623916153777438, 0.1831005244115959], "Doptout": [0.0, 0.0, 35.0], "Dse_optout": [0.0, 0.0, 10.66536450385077], "Soptout": [0.0, 10.0, 30.0], "Sse_optout": [0.0, 6.708203932499369, 10.246950765959598]}