{"Hno": -0.023794447191698483, "Sigma": 0.15901430082515985, "signed_st": [-0.16000000000000003, -0.07999999999999996, 0.0, 0.07999999999999996, 0.16000000000000003], "m_right_No": [0.1, 0.5, 0.65, 0.4, 1.0], "se_right_No": [0.09486832980505139, 0.15811388300841897, 0.1066536450385077, 0.15491933384829668, 0.0], "x_lr": [-1.0, -0.9, -0.8, -0.7000000000000001, -0.6000000000000001, -0.5000000000000001, -0.40000000000000013, -0.30000000000000016, -0.20000000000000018, -0.1000000000000002, -2.220446049250313e-16, 0.09999999999999964, 0.19999999999999973, 0.2999999999999998, 0.3999999999999997, 0.49999999999999956, 0.5999999999999996, 0.6999999999999997, 0.7999999999999996, 0.8999999999999995, 0.9999999999999996], "y_pr_no": [4.149374705280743e-10, 1.791813959854788e-08, 5.26791845552569e-07, 1.0570680785274175e-05, 0.00014526069320219042, 0.0013734208024823126, 0.008994125801118127, 0.041194855170281965, 0.13390686319558676, 0.3158849809795474, 0.5594745526624822, 0.7818662079590343, 0.9203434699105129, 0.9791378688121233, 0.9961521194338204, 0.9995061523164285, 0.9999562521190634, 0.9999973400112144, 0.9999998894318344, 0.9999999968671173, 0.9999999999396222], "pearson_chi2": 57.223513705842905, "mean_perf_no": 61.66666666666667, "mse_no": 0.028246603455525158}