{"Hno": 0.09319307799968544, "Sigma": 0.21728603721891465, "signed_st": [-0.26, -0.18000000000000005, -0.09999999999999998, 0.09999999999999998, 0.18000000000000005, 0.26], "m_right_No": [0.0, 0.1, 0.3, 0.4, 0.8, 0.7], "se_right_No": [0.0, 0.09486832980505139, 0.14491376746189438, 0.15491933384829668, 0.12649110640673517, 0.14491376746189438], "x_lr": [-1.0, -0.9, -0.8, -0.7000000000000001, -0.6000000000000001, -0.5000000000000001, -0.40000000000000013, -0.30000000000000016, -0.20000000000000018, -0.1000000000000002, -2.220446049250313e-16, 0.09999999999999964, 0.19999999999999973, 0.2999999999999998, 0.3999999999999997, 0.49999999999999956, 0.5999999999999996, 0.6999999999999997, 0.7999999999999996, 0.8999999999999995, 0.9999999999999996], "y_pr_no": [2.4380584046518997e-07, 2.428152366000126e-06, 1.972489429567598e-05, 0.00013088767048265683, 0.0007107907494426713, 0.0031666191804398504, 0.011610247112631273, 0.03518168225311708, 0.0886136429699611, 0.18696964612105715, 0.33399951295996066, 0.5124956252008238, 0.6884812031786777, 0.8293938692319549, 0.9210243672277817, 0.9694118043617646, 0.9901612555960375, 0.9973862030091709, 0.999428805380897, 0.9998976360086997, 0.99998499119412], "pearson_chi2": 55.50455084357931, "mean_perf_no": 75.0, "mse_no": 0.009216728409345499}