{"Hno": -0.05165953621663038, "Sigma": 0.14063945498186975, "signed_st": [-0.16000000000000003, -0.07999999999999996, -0.0, 0.07999999999999996, 0.16000000000000003], "m_right_No": [0.1, 0.6, 0.7, 0.6, 1.0], "se_right_No": [0.09486832980505139, 0.15491933384829668, 0.10246950765959599, 0.15491933384829668, 0.0], "x_lr": [-1.0, -0.9, -0.8, -0.7000000000000001, -0.6000000000000001, -0.5000000000000001, -0.40000000000000013, -0.30000000000000016, -0.20000000000000018, -0.1000000000000002, -2.220446049250313e-16, 0.09999999999999964, 0.19999999999999973, 0.2999999999999998, 0.3999999999999997, 0.49999999999999956, 0.5999999999999996, 0.6999999999999997, 0.7999999999999996, 0.8999999999999995, 0.9999999999999996], "y_pr_no": [7.754187801171423e-12, 8.095973219945043e-10, 5.160338917597973e-08, 2.0138561129953187e-06, 4.831350053754228e-05, 0.0007166218929109606, 0.006627692677721908, 0.03871511346686206, 0.14576821461975925, 0.3655287811523602, 0.6433094378550568, 0.8595627584238976, 0.963224387235509, 0.993797920555429, 0.9993397135910677, 0.9999561842012973, 0.9999982027351912, 0.999999954687805, 0.9999999993006243, 0.9999999999934106, 0.9999999999999621], "pearson_chi2": 56.730927884123965, "mean_perf_no": 65.0, "mse_no": 0.017545965563367266}