{"Hno": -0.052809638980096184, "Sigma": 0.11273669926504246, "signed_st": [-0.20999999999999996, -0.13, -0.050000000000000044, 0.050000000000000044, 0.13, 0.20999999999999996], "m_right_No": [0.1, 0.5, 0.5, 0.7, 0.7, 1.0], "se_right_No": [0.09486832980505139, 0.15811388300841897, 0.15811388300841897, 0.14491376746189438, 0.14491376746189438, 0.0], "x_lr": [-1.0, -0.9, -0.8, -0.7000000000000001, -0.6000000000000001, -0.5000000000000001, -0.40000000000000013, -0.30000000000000016, -0.20000000000000018, -0.1000000000000002, -2.220446049250313e-16, 0.09999999999999964, 0.19999999999999973, 0.2999999999999998, 0.3999999999999997, 0.49999999999999956, 0.5999999999999996, 0.6999999999999997, 0.7999999999999996, 0.8999999999999995, 0.9999999999999996], "y_lr_no": [0.00022441422423108613, 0.0005446785320039312, 0.0013213919022896836, 0.0032021524585874174, 0.007739088576657011, 0.018584289410942017, 0.043954228276043165, 0.10041387828748718, 0.21322208091068656, 0.396854399354286, 0.6150129038621757, 0.7950201911953934, 0.9039997797091076, 0.9580933716579816, 0.9823033328582748, 0.9926344330613445, 0.9969530695618778, 0.9987427766002086, 0.9994817913348473, 0.9997864950098023, 0.9999120504652762], "score_no": 0.717, "mean_perf_no": 71.66666666666667, "mse_no": 0.010531906725016369}