{"Hno": 0.053945539087882896, "Sigma": 0.15999348330177574, "signed_st": [-0.22999999999999998, -0.15000000000000002, -0.06999999999999995, 0.06999999999999995, 0.15000000000000002, 0.22999999999999998], "m_right_No": [0.1, 0.1, 0.8, 0.0, 0.7, 0.9], "se_right_No": [0.09486832980505139, 0.09486832980505139, 0.12649110640673517, 0.0, 0.14491376746189438, 0.09486832980505137], "x_lr": [-1.0, -0.9, -0.8, -0.7000000000000001, -0.6000000000000001, -0.5000000000000001, -0.40000000000000013, -0.30000000000000016, -0.20000000000000018, -0.1000000000000002, -2.220446049250313e-16, 0.09999999999999964, 0.19999999999999973, 0.2999999999999998, 0.3999999999999997, 0.49999999999999956, 0.5999999999999996, 0.6999999999999997, 0.7999999999999996, 0.8999999999999995, 0.9999999999999996], "y_lr_no": [0.0013756835395566046, 0.0025671142289522605, 0.0047854560504180755, 0.008903640286346921, 0.016506998271178748, 0.030404137805282814, 0.05534281888644366, 0.09865584066942716, 0.1697747817307917, 0.27643817272566656, 0.41649626660381395, 0.5714702114816207, 0.713588639769233, 0.8231596790226156, 0.8968707288252291, 0.9420213954829066, 0.9681077200412549, 0.9826729049040199, 0.9906504200755807, 0.9949738179338302, 0.9973034481394857], "score_no": 0.6, "mean_perf_no": 60.0, "mse_no": 0.09197728295971364}