{"Hno": -0.06239338379541787, "Sigma": 0.12284661885807752, "signed_st": [-0.18999999999999995, -0.10999999999999999, -0.030000000000000027, 0.030000000000000027, 0.10999999999999999, 0.18999999999999995], "m_right_No": [0.3, 0.4, 0.6, 0.6, 0.7, 1.0], "se_right_No": [0.14491376746189438, 0.15491933384829668, 0.15491933384829668, 0.15491933384829668, 0.14491376746189438, 0.0], "x_lr": [-1.0, -0.9, -0.8, -0.7000000000000001, -0.6000000000000001, -0.5000000000000001, -0.40000000000000013, -0.30000000000000016, -0.20000000000000018, -0.1000000000000002, -2.220446049250313e-16, 0.09999999999999964, 0.19999999999999973, 0.2999999999999998, 0.3999999999999997, 0.49999999999999956, 0.5999999999999996, 0.6999999999999997, 0.7999999999999996, 0.8999999999999995, 0.9999999999999996], "y_lr_no": [0.0004842932435022804, 0.001092370363310026, 0.0024620665624841306, 0.005539666588118315, 0.012416403614131608, 0.027592808541963665, 0.06018860056026314, 0.12628940855340423, 0.24598349724990068, 0.4240604754119603, 0.6243132662817705, 0.7895009419576428, 0.8943478846902915, 0.9502618949283413, 0.9773345992175966, 0.9898292119514444, 0.995467938207197, 0.9979868896110632, 0.9991070462115386, 0.9996041604122778, 0.9998245759285118], "score_no": 0.7, "mean_perf_no": 66.66666666666666, "mse_no": 0.005415273733955905}