{"HRopt_": 0.16508396980145804, "SO_HRopt_": 0.2944833684512749, "xhat": [-0.5, -0.45, -0.4, -0.35000000000000003, -0.30000000000000004, -0.25000000000000006, -0.20000000000000007, -0.15000000000000008, -0.10000000000000009, -0.0500000000000001, -1.1102230246251565e-16, 0.04999999999999982, 0.09999999999999987, 0.1499999999999999, 0.19999999999999984, 0.24999999999999978, 0.2999999999999998, 0.34999999999999987, 0.3999999999999998, 0.44999999999999973], "theo_pR": [0.04636440286390364, 0.06395369326327904, 0.08634102483846284, 0.11412738450380489, 0.1477581146012943, 0.18745132907302997, 0.23313611433749637, 0.284410711283237, 0.34052949880855604, 0.4004243741653306, 0.46276144875500447, 0.5260286375606618, 0.5886447393359737, 0.6490770060517416, 0.7059527523205102, 0.758151573436182, 0.8048680025868248, 0.8456392440150016, 0.8803379736387656, 0.9091350599872194], "partid": 1012, "sessionid": 11, "part_sessid": "1012_11"}