{"HRopt_": 0.04836264259172422, "SO_HRopt_": 0.18340025699049686, "xhat": [-0.5, -0.45, -0.4, -0.35000000000000003, -0.30000000000000004, -0.25000000000000006, -0.20000000000000007, -0.15000000000000008, -0.10000000000000009, -0.0500000000000001, -1.1102230246251565e-16, 0.04999999999999982, 0.09999999999999987, 0.1499999999999999, 0.19999999999999984, 0.24999999999999978, 0.2999999999999998, 0.34999999999999987, 0.3999999999999998, 0.44999999999999973], "theo_pR": [0.1078883338056853, 0.13880675195253867, 0.1752666228843569, 0.2172792496202538, 0.26458472364666946, 0.3166334158373474, 0.3725930811792819, 0.4313835959497447, 0.49173762766120965, 0.5522817769491285, 0.6116296209764639, 0.6684762324130342, 0.7216835157632547, 0.77034714042177, 0.8138386701353754, 0.8518201400880534, 0.8842321306784325, 0.91125966841743, 0.9332825475578307, 0.9508176591474851], "partid": 997, "sessionid": 11, "part_sessid": "997_11"}