{"HRopt_": 0.044551062545363014, "SO_HRopt_": 0.1708940937885742, "xhat": [-0.5, -0.45, -0.4, -0.35000000000000003, -0.30000000000000004, -0.25000000000000006, -0.20000000000000007, -0.15000000000000008, -0.10000000000000009, -0.0500000000000001, -1.1102230246251565e-16, 0.04999999999999982, 0.09999999999999987, 0.1499999999999999, 0.19999999999999984, 0.24999999999999978, 0.2999999999999998, 0.34999999999999987, 0.3999999999999998, 0.44999999999999973], "theo_pR": [0.09007935466185768, 0.11946687107429987, 0.1550420371643071, 0.19698629814902358, 0.24515220345615485, 0.29902239096847505, 0.35770357033115807, 0.4199609406130147, 0.48429253387347787, 0.5490365209981624, 0.6124988744517242, 0.6730851845938567, 0.7294196825516163, 0.7804368030532878, 0.8254354069609757, 0.8640920121550119, 0.8964357306340432, 0.9227928374867641, 0.9437121334916209, 0.9598831721995811], "partid": 992, "sessionid": 11, "part_sessid": "992_11"}