{"HRopt_": 0.07377124270921648, "SO_HRopt_": 0.19459706472742816, "xhat": [-0.5, -0.45, -0.4, -0.35000000000000003, -0.30000000000000004, -0.25000000000000006, -0.20000000000000007, -0.15000000000000008, -0.10000000000000009, -0.0500000000000001, -1.1102230246251565e-16, 0.04999999999999982, 0.09999999999999987, 0.1499999999999999, 0.19999999999999984, 0.24999999999999978, 0.2999999999999998, 0.34999999999999987, 0.3999999999999998, 0.44999999999999973], "theo_pR": [0.06419217958522105, 0.08843290220175981, 0.11891408374078316, 0.15615255227855052, 0.20035289357838915, 0.25132507792018144, 0.30843541074285175, 0.3706038509144107, 0.43635435576992726, 0.503916287564127, 0.5713658092508549, 0.6367886711042218, 0.6984416474395498, 0.7548901462778634, 0.8051041186718877, 0.8485022055057216, 0.8849432149850897, 0.9146724687733562, 0.9382365979311712, 0.9563830838937564], "partid": 1009, "sessionid": 11, "part_sessid": "1009_11"}