{"HRopt_": 0.08865316139710218, "SO_HRopt_": 0.19465799010936555, "xhat": [-0.5, -0.45, -0.4, -0.35000000000000003, -0.30000000000000004, -0.25000000000000006, -0.20000000000000007, -0.15000000000000008, -0.10000000000000009, -0.0500000000000001, -1.1102230246251565e-16, 0.04999999999999982, 0.09999999999999987, 0.1499999999999999, 0.19999999999999984, 0.24999999999999978, 0.2999999999999998, 0.34999999999999987, 0.3999999999999998, 0.44999999999999973], "theo_pR": [0.03208484313252813, 0.048740532861511365, 0.07168158489089027, 0.10211858560587672, 0.1410166731772371, 0.18890090914782043, 0.24568083643070238, 0.31053458617057017, 0.38188777155019304, 0.45750655283644204, 0.5347006382696482, 0.6106066943843903, 0.6825030494387753, 0.748098746955991, 0.805746429467104, 0.8545471623188035, 0.8943403559960516, 0.9255960516295839, 0.9492436705517954, 0.9664775674229709], "partid": 999, "sessionid": 11, "part_sessid": "999_11"}