{"H_st": -0.06345096169481386, "st_sigma": 0.030804383880878465, "signed_stair": [-0.7, -0.62, -0.5800000000000001, -0.54, -0.42000000000000004, -0.38, -0.33999999999999997, -0.21999999999999997, -0.18000000000000005, -0.14, -0.12, -0.10999999999999999, -0.09999999999999998, -0.08999999999999997, -0.07999999999999996, 0.07999999999999996, 0.09999999999999998, 0.10999999999999999, 0.12, 0.13, 0.14, 0.26, 0.30000000000000004, 0.45999999999999996, 0.5, 0.6599999999999999], "m_right": [NaN, NaN, NaN, 0.0, 0.0, 0.0, 0.0, 0.0, 0.0, 0.0, 1.0, 0.0, 0.25, 1.0, 0.18181818181818182, 1.0, 1.0, 1.0, 1.0, 1.0, 1.0, 1.0, 1.0, 1.0, 1.0, NaN], "se_right": [NaN, NaN, NaN, 0.0, 0.0, 0.0, 0.0, 0.0, 0.0, 0.0, 0.0, 0.0, 0.21650635094610965, 0.0, 0.11629129983033297, 0.0, 0.0, 0.0, 0.0, 0.0, 0.0, 0.0, 0.0, 0.0, 0.0, NaN], "x_lr": [-1.0, -0.9, -0.8, -0.7000000000000001, -0.6000000000000001, -0.5000000000000001, -0.40000000000000013, -0.30000000000000016, -0.20000000000000018, -0.1000000000000002, -2.220446049250313e-16, 0.09999999999999964, 0.19999999999999973, 0.2999999999999998, 0.3999999999999997, 0.49999999999999956, 0.5999999999999996, 0.6999999999999997, 0.7999999999999996, 0.8999999999999995, 0.9999999999999996], "y_lr": [6.253131530651104e-14, 1.6067337425387946e-12, 4.128480756657725e-11, 1.0608075806300427e-09, 2.7257307496843116e-08, 7.00372381295598e-07, 1.7995662960952784e-05, 0.0004621907433626107, 0.01174190994477415, 0.23388760478973006, 0.8869344138564573, 0.9950632258611773, 0.9998069532990128, 0.9999924855600608, 0.9999997075488027, 0.999999988618299, 0.9999999995570437, 0.9999999999827609, 0.999999999999329, 0.9999999999999738, 0.9999999999999989], "score": 0.893}