{"H_st": -0.06974228727611205, "st_sigma": 0.11302773387220315, "signed_stair": [-0.7, -0.62, -0.5, -0.45999999999999996, -0.30000000000000004, -0.26, -0.21999999999999997, -0.19999999999999996, -0.18000000000000005, -0.16000000000000003, -0.14, -0.13, -0.12, -0.10999999999999999, -0.09999999999999998, -0.08999999999999997, -0.07999999999999996, 0.07999999999999996, 0.12, 0.13, 0.14, 0.15000000000000002, 0.16000000000000003, 0.18000000000000005, 0.19999999999999996, 0.21999999999999997, 0.24, 0.30000000000000004, 0.33999999999999997, 0.38, 0.42000000000000004, 0.54, 0.5800000000000001, 0.6599999999999999], "m_right": [NaN, NaN, 0.0, 0.0, 0.0, 0.0, 0.3333333333333333, 0.0, 0.5, 0.5, 0.5, 0.5, 1.0, 0.0, 0.0, 0.0, 0.0, 1.0, 0.3333333333333333, 1.0, 1.0, 1.0, 1.0, 0.75, 1.0, 1.0, 1.0, 1.0, 1.0, 1.0, 1.0, 1.0, NaN, NaN], "se_right": [NaN, NaN, 0.0, 0.0, 0.0, 0.0, 0.2721655269759087, 0.0, 0.3535533905932738, 0.25, 0.3535533905932738, 0.3535533905932738, 0.0, 0.0, 0.0, 0.0, 0.0, 0.0, 0.2721655269759087, 0.0, 0.0, 0.0, 0.0, 0.21650635094610965, 0.0, 0.0, 0.0, 0.0, 0.0, 0.0, 0.0, 0.0, NaN, NaN], "x_lr": [-1.0, -0.9, -0.8, -0.7000000000000001, -0.6000000000000001, -0.5000000000000001, -0.40000000000000013, -0.30000000000000016, -0.20000000000000018, -0.1000000000000002, -2.220446049250313e-16, 0.09999999999999964, 0.19999999999999973, 0.2999999999999998, 0.3999999999999997, 0.49999999999999956, 0.5999999999999996, 0.6999999999999997, 0.7999999999999996, 0.8999999999999995, 0.9999999999999996], "y_lr": [0.00026637231381971356, 0.0006450028991311541, 0.0015609914139397363, 0.0037728924410795014, 0.009090487267443988, 0.021739266302794286, 0.051080677251433414, 0.11535430819760939, 0.24004363913858418, 0.433471419317387, 0.6495443477071422, 0.8178391439678551, 0.9157931431159747, 0.9634293364443122, 0.9845715198048489, 0.9935725549949473, 0.9973365568876882, 0.9988987496462362, 0.9995450853909393, 0.9998121510332061, 0.999922443246616], "score": 0.804}