{"Dperf_oo": [95.0, 57.89473684210526, 33.333333333333336], "Dse_perf_oo": [4.873397172404484, 11.32689656524148, 12.171612389003691], "Sperf_oo": [94.73684210526316, 44.44444444444444, 46.15384615384615], "Sse_perf_oo": [5.122781719918815, 11.712139482105108, 13.826415911891033], "perf_no": [100.0, 60.0, 65.0], "se_perf_no": [0.0, 10.954451150103322, 10.66536450385077], "Dn_trials_oo": [20, 19, 15], "Sn_trials_oo": [19, 18, 13], "NOn_trials": [20, 20, 20], "DRT_oo": [NaN, 1.5783059110298598, 1.907373552711761], "DsdRT_oo": [NaN, NaN, 0.1712370505789153], "SRT_oo": [1.5015234613040829, 1.5070079219987813, 1.510054844606947], "SsdRT_oo": [NaN, 0.0, 0.04079185981250853], "DRT_OKoo": [0.9238269347958562, 0.9006703229737965, 1.0542352224253504], "DsdRT_OKoo": [0.014670298667696759, 0.020358915800434953, 0.07038391224862889], "SRT_OKoo": [0.9689213893967094, 0.9165143205362584, 1.089579524680073], "SsdRT_OKoo": [0.013812715823684745, 0.021056858675406454, 0.055155190732405907], "RT_no": [0.979890310786106, 1.0865326020719073, 1.0920170627666057], "sdRT_no": [0.015041308668441793, 0.09149002091605288, 0.4106466513381413], "RT_noNOK": [NaN, 1.0560633759902498, 1.6709323583180986], "sdRT_noNOK": [NaN, 0.16626952260754516, 0.38397522394520917], "Doptout": [0.0, 5.0, 25.0], "Dse_optout": [0.0, 4.873397172404482, 9.682458365518542], "Soptout": [5.0, 10.0, 35.0], "Sse_optout": [4.873397172404482, 6.708203932499369, 10.66536450385077]}