{"Dperf_oo": [95.0, 25.0, 37.5], "Dse_perf_oo": [4.873397172404484, 12.5, 17.116329922036442], "Sperf_oo": [100.0, 63.63636363636363, 50.0], "Sse_perf_oo": [0.0, 14.504073367590284, 17.67766952966369], "perf_no": [95.0, 40.0, 30.0], "se_perf_no": [4.873397172404484, 10.954451150103322, 10.246950765959598], "Dn_trials_oo": [20, 12, 8], "Sn_trials_oo": [18, 11, 8], "NOn_trials": [20, 20, 20], "DRT_oo": [NaN, 1.3087591671174401, 1.1754117525714882], "DsdRT_oo": [NaN, 0.03673155613691998, 0.03582539530602794], "SRT_oo": [1.4725121696114658, 1.104808405519766, 1.108033166174623], "SsdRT_oo": [0.0, 0.058154542273454575, 0.06705097182773666], "DRT_OKoo": [0.7866451191296114, 1.1574017221696669, 1.522396490840381], "DsdRT_OKoo": [0.05477678755074233, 0.0, 0.0], "SRT_OKoo": [0.756323036048396, 1.0455739975622258, 1.425705247537931], "SsdRT_OKoo": [0.039321950836311986, 0.06931850869785727, 0.12252125689335451], "RT_no": [0.7732450474234006, 1.6570873509865094, 1.3183180159345833], "sdRT_no": [0.019230041638583915, 0.2039951867976819, 0.14431511465145855], "RT_noNOK": [0.6740658509348837, 1.0602315540153624, 1.3050039050673272], "sdRT_noNOK": [NaN, 0.2334136591367832, 0.5762102829648981], "Doptout": [0.0, 40.0, 60.0], "Dse_optout": [0.0, 10.954451150103322, 10.954451150103322], "Soptout": [10.0, 45.0, 60.0], "Sse_optout": [6.708203932499369, 11.124297730643494, 10.954451150103322]}