{"Dperf_oo": [65.0, 47.36842105263158, 40.0], "Dse_perf_oo": [10.66536450385077, 11.454888159631764, 10.954451150103322], "Sperf_oo": [72.22222222222223, 44.44444444444444, 26.666666666666668], "Sse_perf_oo": [10.557179862029054, 11.712139482105108, 11.417984514369003], "perf_no": [80.0, 55.0, 40.0], "se_perf_no": [8.944271909999157, 11.124297730643494, 10.954451150103322], "Dn_trials_oo": [20, 19, 20], "Sn_trials_oo": [18, 18, 15], "NOn_trials": [20, 20, 20], "DRT_oo": [NaN, 1.2667168238172186, NaN], "DsdRT_oo": [NaN, NaN, NaN], "SRT_oo": [1.4227779097774342, 2.0257384968653818, 1.24856788350609], "SsdRT_oo": [0.0, 0.0, 0.08366496400074791], "DRT_OKoo": [0.9573070932464465, 0.9196100947425673, 1.0134830126141834], "DsdRT_OKoo": [0.08104635909898493, 0.035002196748687694, 0.045907517907172936], "SRT_OKoo": [1.0072001795558134, 0.8795900318874684, 1.0386143449244931], "SsdRT_OKoo": [0.12037556153818485, 0.01639135413758914, 0.045984464543712515], "RT_no": [1.023065652966927, 0.9945289195700046, 0.9748521686044317], "sdRT_no": [0.012999207054973485, 0.01114014948358094, 0.09281147798274654], "RT_noNOK": [1.0267185396409535, 0.9608510862189863, 0.9767396583801938], "sdRT_noNOK": [0.022925411164791187, 0.019586699705171857, 0.027642407323816093], "Doptout": [0.0, 5.0, 0.0], "Dse_optout": [0.0, 4.873397172404482, 0.0], "Soptout": [10.0, 10.0, 25.0], "Sse_optout": [6.708203932499369, 6.708203932499369, 9.682458365518542]}