{"Dperf_oo": [100.0, 0.0, NaN], "Dse_perf_oo": [0.0, 0.0, NaN], "Sperf_oo": [100.0, NaN, 100.0], "Sse_perf_oo": [0.0, NaN, 0.0], "perf_no": [90.0, 70.0, 65.0], "se_perf_no": [6.708203932499368, 10.2469507659596, 10.66536450385077], "Dn_trials_oo": [2, 1, 0], "Sn_trials_oo": [2, 0, 1], "NOn_trials": [20, 20, 20], "DRT_oo": [0.8815746518288187, 1.0212261390784756, 0.9848688303451115], "DsdRT_oo": [0.02838753727926225, 0.03217196583423871, 0.050703041280618776], "SRT_oo": [1.069862701493596, 1.0256918821969392, 0.9464911578382648], "SsdRT_oo": [0.03022584703473719, 0.03085259696836392, 0.04433949032471132], "DRT_OKoo": [1.107137797432819, NaN, NaN], "DsdRT_OKoo": [0.0, NaN, NaN], "SRT_OKoo": [0.8812635897099229, NaN, 1.010982648267249], "SsdRT_OKoo": [0.0, NaN, NaN], "RT_no": [0.9509784597105218, 0.9635133387080226, 0.9348555870943122], "sdRT_no": [0.058058250860710106, 0.05451771887666546, 0.053918188865701835], "RT_noNOK": [1.4174607476412797, 0.8604809451373295, 0.9495648210150388], "sdRT_noNOK": [0.0, 0.06838483747387347, 0.206614597636375], "Doptout": [90.0, 95.0, 100.0], "Dse_optout": [6.708203932499368, 4.873397172404484, 0.0], "Soptout": [90.0, 100.0, 95.0], "Sse_optout": [6.708203932499368, 0.0, 4.873397172404484]}