{"Dperf_oo": [92.85714285714286, 33.333333333333336, 56.25], "Dse_perf_oo": [6.883029368995938, 13.608276348795433, 12.401959270615269], "Sperf_oo": [75.0, 42.857142857142854, 54.54545454545455], "Sse_perf_oo": [12.5, 13.226001425322162, 15.0131422517231], "perf_no": [85.0, 45.0, 60.0], "se_perf_no": [7.984359711335657, 11.124297730643494, 10.954451150103322], "Dn_trials_oo": [14, 12, 16], "Sn_trials_oo": [12, 14, 11], "NOn_trials": [20, 20, 20], "DRT_oo": [1.3538866438646449, 0.8581288910126369, 1.1538376674228379], "DsdRT_oo": [0.27172765323660625, 0.0721864175216611, 0.23403539796771303], "SRT_oo": [0.9826246788008606, 1.2844633896847109, 1.0077148942832104], "SsdRT_oo": [0.08427732382070903, 0.22754887359153694, 0.04428783766059423], "DRT_OKoo": [0.8279716616057236, 0.9680479220581121, 0.897499856138569], "DsdRT_OKoo": [0.03789217583140368, 0.04070432431442555, 0.026403818896290763], "SRT_OKoo": [0.9792233458751309, 1.0970187236068507, 1.081532431009898], "SsdRT_OKoo": [0.085611384319369, 0.07671204757885922, 0.07924671127625457], "RT_no": [1.0002556364800415, 1.0374550287923552, 1.012518198004887], "sdRT_no": [0.08685889613661081, 0.2027030766206735, 0.07767874010227474], "RT_noNOK": [1.12008266722313, 0.9702248840366196, 0.8766666939733727], "sdRT_noNOK": [0.0, 0.1469842253473256, 0.09042973702029607], "Doptout": [30.0, 40.0, 20.0], "Dse_optout": [10.246950765959598, 10.954451150103322, 8.944271909999161], "Soptout": [40.0, 30.0, 45.0], "Sse_optout": [10.954451150103322, 10.246950765959598, 11.124297730643494]}