{"Hno": -0.042855001424514, "Sigma": 0.4840015066380518, "signed_st": [-0.18000000000000005, -0.09999999999999998, -0.020000000000000018, 0.020000000000000018, 0.09999999999999998, 0.18000000000000005], "m_right_No": [0.5, 0.4, 0.6, 0.5, 0.2, 1.0], "se_right_No": [0.15811388300841897, 0.15491933384829668, 0.15491933384829668, 0.15811388300841897, 0.1264911064067352, 0.0], "x_lr": [-1.0, -0.9, -0.8, -0.7000000000000001, -0.6000000000000001, -0.5000000000000001, -0.40000000000000013, -0.30000000000000016, -0.20000000000000018, -0.1000000000000002, -2.220446049250313e-16, 0.09999999999999964, 0.19999999999999973, 0.2999999999999998, 0.3999999999999997, 0.49999999999999956, 0.5999999999999996, 0.6999999999999997, 0.7999999999999996, 0.8999999999999995, 0.9999999999999996], "y_pr_no": [0.023988835264173697, 0.0382840736090739, 0.05886836680762901, 0.0872741514172406, 0.12484093230331911, 0.1724541589664369, 0.2302874294160081, 0.2976090328715083, 0.37271211393924264, 0.45300696392491185, 0.5352774912637003, 0.6160618963270857, 0.6920835715661915, 0.7606440718513698, 0.8199007264072469, 0.8689832458820972, 0.907945410866826, 0.9375859271928614, 0.9591959299273509, 0.9742949987446158, 0.9844054768441142], "pearson_chi2": 59.785335184671524, "mean_perf_no": 53.333333333333336, "mse_no": 0.050281326156607804}