{"Hno": -0.08398368075021641, "Sigma": 0.17987289651568616, "signed_st": [-0.21999999999999997, -0.14, -0.06000000000000005, 0.06000000000000005, 0.14, 0.21999999999999997], "m_right_No": [0.1, 0.6, 0.5, 0.8, 0.8, 1.0], "se_right_No": [0.09486832980505139, 0.15491933384829668, 0.15811388300841897, 0.12649110640673517, 0.12649110640673517, 0.0], "x_lr": [-1.0, -0.9, -0.8, -0.7000000000000001, -0.6000000000000001, -0.5000000000000001, -0.40000000000000013, -0.30000000000000016, -0.20000000000000018, -0.1000000000000002, -2.220446049250313e-16, 0.09999999999999964, 0.19999999999999973, 0.2999999999999998, 0.3999999999999997, 0.49999999999999956, 0.5999999999999996, 0.6999999999999997, 0.7999999999999996, 0.8999999999999995, 0.9999999999999996], "y_pr_no": [1.7661592043852786e-07, 2.858047605837446e-06, 3.435930144810057e-05, 0.0003077039947260393, 0.0020602715384951966, 0.010365858068809205, 0.03946855220722471, 0.1148874939374368, 0.259466653416083, 0.4645240960873674, 0.6797163266758722, 0.8468115185106402, 0.9428092550240029, 0.9836092851705273, 0.9964348667912435, 0.999416133009883, 0.9999284056798249, 0.9999934534278586, 0.9999995549322943, 0.9999999775538706, 0.9999999991616727], "pearson_chi2": 56.39925733334672, "mean_perf_no": 73.33333333333333, "mse_no": 0.013121151200725328}