{"Hno": -0.06405950218313336, "Sigma": 0.18671441978690054, "signed_st": [-0.17000000000000004, -0.08999999999999997, -0.010000000000000009, 0.010000000000000009, 0.08999999999999997, 0.17000000000000004], "m_right_No": [0.1, 0.7, 0.8, 0.6, 0.5, 1.0], "se_right_No": [0.09486832980505139, 0.14491376746189438, 0.12649110640673517, 0.15491933384829668, 0.15811388300841897, 0.0], "x_lr": [-1.0, -0.9, -0.8, -0.7000000000000001, -0.6000000000000001, -0.5000000000000001, -0.40000000000000013, -0.30000000000000016, -0.20000000000000018, -0.1000000000000002, -2.220446049250313e-16, 0.09999999999999964, 0.19999999999999973, 0.2999999999999998, 0.3999999999999997, 0.49999999999999956, 0.5999999999999996, 0.6999999999999997, 0.7999999999999996, 0.8999999999999995, 0.9999999999999996], "y_pr_no": [2.6837918765622616e-07, 3.783060794352694e-06, 4.048174332534886e-05, 0.0003296679055788785, 0.0020499229975845315, 0.00977698172060806, 0.03599186749623792, 0.10317897287426608, 0.2332864664754335, 0.42367953751220183, 0.6342339217856758, 0.8102086405778146, 0.9213546703561011, 0.9744012090562258, 0.9935296527597006, 0.9987401871344342, 0.999812122777541, 0.9999786284676514, 0.9999981513109895, 0.9999998786724661, 0.9999999939694701], "pearson_chi2": 58.0805129068369, "mean_perf_no": 58.333333333333336, "mse_no": 0.039212887749922556}