{"Hno": 0.011444015060075547, "Sigma": 0.15508695078658766, "signed_st": [-0.16000000000000003, -0.07999999999999996, -0.0, 0.07999999999999996, 0.16000000000000003], "m_right_No": [0.1, 0.7, 0.35, 0.7, 0.7], "se_right_No": [0.09486832980505139, 0.14491376746189438, 0.1066536450385077, 0.14491376746189438, 0.14491376746189438], "x_lr": [-1.0, -0.9, -0.8, -0.7000000000000001, -0.6000000000000001, -0.5000000000000001, -0.40000000000000013, -0.30000000000000016, -0.20000000000000018, -0.1000000000000002, -2.220446049250313e-16, 0.09999999999999964, 0.19999999999999973, 0.2999999999999998, 0.3999999999999997, 0.49999999999999956, 0.5999999999999996, 0.6999999999999997, 0.7999999999999996, 0.8999999999999995, 0.9999999999999996], "y_lr_no": [0.0014688776533911322, 0.0027953822079706883, 0.0053134434346905025, 0.010076836159513075, 0.019028819938109995, 0.035647123114130964, 0.06580500681979297, 0.1183457355071756, 0.20368987282828374, 0.32770343203581853, 0.48156062614348316, 0.6389958751587195, 0.7713250275848729, 0.8653677723218137, 0.9245200263250596, 0.9589168740897015, 0.9780116000407981, 0.9883393486353786, 0.9938467684660289, 0.9967615127604468, 0.9982979269261214], "score_no": 0.65, "mean_perf_no": 58.333333333333336, "mse_no": 0.02768475027087172}