{"Hno": 0.00036149809445290137, "Sigma": 0.026372356031095726, "signed_st": [-0.47, -0.39, -0.31000000000000005, 0.31000000000000005, 0.39, 0.47], "m_right_No": [0.0, 0.0, 0.0, 1.0, 1.0, 1.0], "se_right_No": [0.0, 0.0, 0.0, 0.0, 0.0, 0.0], "x_lr": [-1.0, -0.9, -0.8, -0.7000000000000001, -0.6000000000000001, -0.5000000000000001, -0.40000000000000013, -0.30000000000000016, -0.20000000000000018, -0.1000000000000002, -2.220446049250313e-16, 0.09999999999999964, 0.19999999999999973, 0.2999999999999998, 0.3999999999999997, 0.49999999999999956, 0.5999999999999996, 0.6999999999999997, 0.7999999999999996, 0.8999999999999995, 0.9999999999999996], "y_lr_no": [3.3593450363882266e-17, 1.4894771444317652e-15, 6.604091392081885e-14, 2.9281431593559013e-12, 1.2982894771715644e-10, 5.756397366975709e-09, 2.552289235110181e-07, 1.1316296453603104e-05, 0.0005014996206837735, 0.021762657660568046, 0.49657318790706445, 0.9776459886554996, 0.9994845687966647, 0.9999883691801053, 0.9999997376772016, 0.9999999940836084, 0.9999999998665625, 0.9999999999969904, 0.999999999999932, 0.9999999999999984, 1.0], "score_no": 1.0, "mean_perf_no": 100.0, "mse_no": 2.060686074623763e-11}