{"Hno": -0.044647083087779635, "Sigma": 0.13953029209026424, "signed_st": [-0.28, -0.19999999999999996, -0.12, 0.12, 0.19999999999999996, 0.28], "m_right_No": [0.0, 0.3, 0.6, 0.6, 0.8, 1.0], "se_right_No": [0.0, 0.14491376746189438, 0.15491933384829668, 0.15491933384829668, 0.12649110640673517, 0.0], "x_lr": [-1.0, -0.9, -0.8, -0.7000000000000001, -0.6000000000000001, -0.5000000000000001, -0.40000000000000013, -0.30000000000000016, -0.20000000000000018, -0.1000000000000002, -2.220446049250313e-16, 0.09999999999999964, 0.19999999999999973, 0.2999999999999998, 0.3999999999999997, 0.49999999999999956, 0.5999999999999996, 0.6999999999999997, 0.7999999999999996, 0.8999999999999995, 0.9999999999999996], "y_lr_no": [0.0010615943763507387, 0.002171353273339678, 0.004436069020405382, 0.009041474056138109, 0.018340006078746814, 0.036845868344638225, 0.07264312537351918, 0.13822761627991945, 0.247237714104589, 0.4021033040524228, 0.5793196927744855, 0.7382072675253055, 0.8523763207849306, 0.9220155070217438, 0.9603323067826249, 0.9802263359169148, 0.9902445206852128, 0.9952118573007301, 0.9976558915853078, 0.9988538426442827, 0.9994399273367762], "score_no": 0.75, "mean_perf_no": 75.0, "mse_no": 0.01979774203848605}