{"HRopt_": 0.22122529759388573, "SO_HRopt_": 0.37115420183515657, "xhat": [-0.5, -0.45, -0.4, -0.35000000000000003, -0.30000000000000004, -0.25000000000000006, -0.20000000000000007, -0.15000000000000008, -0.10000000000000009, -0.0500000000000001, -1.1102230246251565e-16, 0.04999999999999982, 0.09999999999999987, 0.1499999999999999, 0.19999999999999984, 0.24999999999999978, 0.2999999999999998, 0.34999999999999987, 0.3999999999999998, 0.44999999999999973], "theo_pR": [0.061069568284176756, 0.07944312232830474, 0.10172250436193808, 0.12823624757905272, 0.15920308764776436, 0.19469919099484, 0.23463131546357716, 0.2787194884379647, 0.3264921832229284, 0.377295881945533, 0.4303194415301367, 0.4846320152996002, 0.5392316635711262, 0.5931004589165962, 0.6452610662202838, 0.6948295883804234, 0.7410599465091187, 0.7833761306015337, 0.8213901409896556, 0.8549051105217029], "partid": 995, "sessionid": 6, "part_sessid": "995_6"}