{"HRopt_": 0.33788866967165676, "SO_HRopt_": 0.49600456307089497, "xhat": [-0.5, -0.45, -0.4, -0.35000000000000003, -0.30000000000000004, -0.25000000000000006, -0.20000000000000007, -0.15000000000000008, -0.10000000000000009, -0.0500000000000001, -1.1102230246251565e-16, 0.04999999999999982, 0.09999999999999987, 0.1499999999999999, 0.19999999999999984, 0.24999999999999978, 0.2999999999999998, 0.34999999999999987, 0.3999999999999998, 0.44999999999999973], "theo_pR": [0.04034606219130521, 0.052966146654590096, 0.06853178524613945, 0.08740951389966967, 0.10992133635293988, 0.1363180397466739, 0.16675258765359646, 0.2012560076317702, 0.2397183353084984, 0.2818770259163227, 0.32731477375397555, 0.3754679140152334, 0.42564559281495673, 0.4770587952048243, 0.5288572590934357, 0.5801714212365827, 0.630155965863276, 0.6780313612362316, 0.7231200018959669, 0.7648741901689332], "partid": 1002, "sessionid": 6, "part_sessid": "1002_6"}