{"HRopt_": 0.05602549367639717, "SO_HRopt_": 0.18327448390638598, "xhat": [-0.5, -0.45, -0.4, -0.35000000000000003, -0.30000000000000004, -0.25000000000000006, -0.20000000000000007, -0.15000000000000008, -0.10000000000000009, -0.0500000000000001, -1.1102230246251565e-16, 0.04999999999999982, 0.09999999999999987, 0.1499999999999999, 0.19999999999999984, 0.24999999999999978, 0.2999999999999998, 0.34999999999999987, 0.3999999999999998, 0.44999999999999973], "theo_pR": [0.08617220739351272, 0.11443851192867914, 0.14875130093125644, 0.18933454765504787, 0.2361017456362251, 0.28861146710479224, 0.34605509876811025, 0.40728278930612904, 0.4708682303250822, 0.535206787773679, 0.5986359205285173, 0.6595629563439425, 0.716583997785834, 0.768579293870554, 0.8147744857472369, 0.854762818439044, 0.8884894998610967, 0.9162046799896966, 0.9383951024128169, 0.9557059043958461], "partid": 1010, "sessionid": 6, "part_sessid": "1010_6"}