{"H_st": -0.03484412055152752, "st_sigma": 0.1359980798775211, "signed_stair": [-0.6599999999999999, -0.62, -0.5, -0.42000000000000004, -0.33999999999999997, -0.30000000000000004, -0.21999999999999997, -0.19999999999999996, -0.18000000000000005, -0.16000000000000003, -0.15000000000000002, -0.14, -0.13, -0.12, -0.10999999999999999, -0.09999999999999998, -0.08999999999999997, 0.07999999999999996, 0.09999999999999998, 0.10999999999999999, 0.12, 0.13, 0.14, 0.16000000000000003, 0.18000000000000005, 0.21999999999999997, 0.26, 0.38, 0.45999999999999996, 0.54, 0.5800000000000001, 0.7], "m_right": [NaN, NaN, 0.0, 0.0, 0.0, 0.0, 0.0, 0.0, 0.5, 0.3333333333333333, 0.0, 0.3333333333333333, 0.0, 0.5, 1.0, 0.3333333333333333, 0.5, 0.5, 0.0, 0.5, 1.0, 1.0, 0.6, 1.0, 0.75, 1.0, 1.0, 1.0, 1.0, 1.0, NaN, NaN], "se_right": [NaN, NaN, 0.0, 0.0, 0.0, 0.0, 0.0, 0.0, 0.3535533905932738, 0.2721655269759087, 0.0, 0.2721655269759087, 0.0, 0.2041241452319315, 0.0, 0.2721655269759087, 0.3535533905932738, 0.3535533905932738, 0.0, 0.3535533905932738, 0.0, 0.0, 0.21908902300206645, 0.0, 0.21650635094610965, 0.0, 0.0, 0.0, 0.0, 0.0, NaN, NaN], "x_lr": [-1.0, -0.9, -0.8, -0.7000000000000001, -0.6000000000000001, -0.5000000000000001, -0.40000000000000013, -0.30000000000000016, -0.20000000000000018, -0.1000000000000002, -2.220446049250313e-16, 0.09999999999999964, 0.19999999999999973, 0.2999999999999998, 0.3999999999999997, 0.49999999999999956, 0.5999999999999996, 0.6999999999999997, 0.7999999999999996, 0.8999999999999995, 0.9999999999999996], "y_lr": [0.0008270362893587118, 0.0017237461899629021, 0.003589216734911235, 0.007458451113129189, 0.015434174122108199, 0.03166665649766265, 0.06386384052203935, 0.1245857345018701, 0.22892369271227642, 0.3824660600595259, 0.5637044936366732, 0.729387036670151, 0.849005132342008, 0.9214435385293529, 0.9607373879145755, 0.9807863348779688, 0.9906966827046162, 0.9955186605389126, 0.997846803714648, 0.9989666865780712, 0.9995044048007075], "score": 0.732}