{"Dperf_oo": [100.0, 93.33333333333333, 84.61538461538461, 71.42857142857143], "Dse_perf_oo": [0.0, 6.440611887195311, 10.006825162892168, 17.074694419062766], "Sperf_oo": [94.11764705882354, 93.75, 90.0, 76.92307692307692], "Sse_perf_oo": [5.706720589090183, 6.051536478449089, 9.486832980505138, 11.685454235580771], "perf_no": [100.0, 95.0, 85.0, 75.0], "se_perf_no": [0.0, 4.873397172404484, 7.984359711335657, 9.682458365518542], "Dn_trials_oo": [18, 15, 13, 7], "Sn_trials_oo": [17, 16, 10, 13], "NOn_trials": [20, 20, 20, 20], "DRT_oo": [1.3959289276471445, 1.2197598362338222, 1.2566480687555999, 1.2966979343620713], "DsdRT_oo": [0.0, 0.01929835795588222, 0.025499791864990743, 0.04906501000509741], "SRT_oo": [1.4087294147227178, 1.2823804641679712, 1.2787231813470572, 1.2782463092740126], "SsdRT_oo": [0.0, 0.0, 0.043756381751211576, 0.0373625935463849], "DRT_OKoo": [0.9216951162788118, 0.8674366752579558, 0.9044150234974604, 1.033831735606776], "DsdRT_OKoo": [0.034400510202159666, 0.019302715529006514, 0.13165555398674902, 0.0], "SRT_OKoo": [0.7898302033863895, 0.9025225500619963, 1.039471608979694, 0.8947160918951587], "SsdRT_OKoo": [0.04134818800894453, 0.019402975370116864, 0.05388010081427124, 0.06315253024946774], "RT_no": [0.8449672960851984, 0.8740453146277407, 0.9632769854557752, 1.2068504557773463], "sdRT_no": [0.04243684780385911, 0.018286184256282912, 0.05826284309864025, 0.08547932972850235], "RT_noNOK": [NaN, 2.4782327905874815, 2.2933110070872154, 1.2791024274763922], "sdRT_noNOK": [NaN, NaN, 0.0, 0.0433973673422477], "Doptout": [10.0, 25.0, 35.0, 65.0], "Dse_optout": [6.708203932499369, 9.682458365518542, 10.66536450385077, 10.66536450385077], "Soptout": [15.0, 20.0, 50.0, 35.0], "Sse_optout": [7.984359711335657, 8.944271909999161, 11.180339887498949, 10.66536450385077]}