{"Dperf_oo": [94.73684210526316, 87.5, 64.28571428571429, 50.0], "Dse_perf_oo": [5.122781719918815, 8.267972847076846, 12.806020814297073, 14.433756729740644], "Sperf_oo": [100.0, 100.0, 93.75, 66.66666666666667], "Sse_perf_oo": [0.0, 0.0, 6.051536478449089, 12.171612389003691], "perf_no": [85.0, 100.0, 75.0, 60.0], "se_perf_no": [7.984359711335657, 0.0, 9.682458365518542, 10.954451150103322], "Dn_trials_oo": [19, 16, 14, 12], "Sn_trials_oo": [18, 18, 16, 15], "NOn_trials": [20, 20, 20, 20], "DRT_oo": [1.1148251400956914, 1.2011380588417935, 1.3752590333046817, 1.3516203502158115], "DsdRT_oo": [NaN, 0.054088169194594915, 0.0, 0.006426044566077271], "SRT_oo": [1.6299283817925296, 2.200989557660282, 1.641180719182924, 1.5641221219019381], "SsdRT_oo": [0.0, 0.0, 0.24544371472776133, 0.12635254177630542], "DRT_OKoo": [0.8785766841328023, 0.9380176447868172, 0.866213963168668, 1.0204661587047295], "DsdRT_OKoo": [0.04306848315581374, 0.03119593027038923, 0.07715822031913326, 0.05341536420500536], "SRT_OKoo": [0.9139638331486262, 0.984596380573959, 0.9997164978443988, 0.9941308294571446], "SsdRT_OKoo": [0.035149303968559295, 0.039237200374412154, 0.03492074644386063, 0.1299190290105888], "RT_no": [0.8647559520827189, 0.9143992116947567, 0.9482810992129772, 1.0024131436887898], "sdRT_no": [0.07703623712406218, 0.04719308054510256, 0.03718294722071077, 0.05741382856429527], "RT_noNOK": [1.1302962596158723, NaN, 1.402991623333463, 1.3865991211003497], "sdRT_noNOK": [0.0, NaN, 0.07228293520975425, 0.07653489365492096], "Doptout": [5.0, 20.0, 30.0, 40.0], "Dse_optout": [4.873397172404482, 8.944271909999161, 10.246950765959598, 10.954451150103322], "Soptout": [10.0, 10.0, 20.0, 25.0], "Sse_optout": [6.708203932499369, 6.708203932499369, 8.944271909999161, 9.682458365518542]}