{"in_or_out": "OK", "DHR_oo": 0.05646927413077636, "DHL_oo": -0.07520537675697998, "Dsigma_oo": 0.07428682099085133, "Dsigned_st": [-0.14, -0.1, -0.06, -0.02, 0.02, 0.06, 0.1, 0.14], "Dm_right_oob": [0.0, 0.0, 0.0, 0.3, 0.2, 0.5, 0.8, 0.8], "Dm_left_oob": [0.8, 0.5, 0.6, 0.2, 0.0, 0.0, 0.0, 0.0], "Dm_opt_oob": [0.2, 0.5, 0.4, 0.5, 0.8, 0.5, 0.2, 0.2], "Dse_right_oob": [0.0, 0.0, 0.0, 0.14491376746189438, 0.1264911064067352, 0.15811388300841897, 0.12649110640673517, 0.12649110640673517], "Dse_left_oob": [0.12649110640673517, 0.15811388300841897, 0.15491933384829668, 0.1264911064067352, 0.0, 0.0, 0.0, 0.0], "Dse_opt_oob": [0.1264911064067352, 0.15811388300841897, 0.15491933384829668, 0.15811388300841897, 0.12649110640673517, 0.15811388300841897, 0.1264911064067352, 0.1264911064067352], "x_fit": [-0.2, -0.19798994974874373, -0.19597989949748745, -0.19396984924623117, -0.1919597989949749, -0.18994974874371862, -0.1879396984924623, -0.18592964824120603, -0.18391959798994975, -0.18190954773869347, -0.1798994974874372, -0.17788944723618091, -0.17587939698492464, -0.17386934673366836, -0.17185929648241208, -0.1698492462311558, -0.1678391959798995, -0.1658291457286432, -0.16381909547738693, -0.16180904522613065, -0.15979899497487438, -0.1577889447236181, -0.15577889447236182, -0.15376884422110554, -0.15175879396984926, -0.14974874371859298, -0.1477386934673367, -0.14572864321608042, -0.14371859296482414, -0.14170854271356784, -0.13969849246231156, -0.13768844221105528, -0.135678391959799, -0.13366834170854272, -0.13165829145728644, -0.12964824120603013, -0.12763819095477386, -0.12562814070351758, -0.12361809045226131, -0.12160804020100503, -0.11959798994974874, -0.11758793969849246, -0.11557788944723618, -0.1135678391959799, -0.11155778894472362, -0.10954773869346734, -0.10753768844221105, -0.10552763819095477, -0.1035175879396985, -0.10150753768844221, -0.09949748743718594, -0.09748743718592964, -0.09547738693467336, -0.09346733668341708, -0.0914572864321608, -0.08944723618090453, -0.08743718592964825, -0.08542713567839195, -0.08341708542713568, -0.0814070351758794, -0.07939698492462312, -0.07738693467336684, -0.07537688442211055, -0.07336683417085427, -0.07135678391959799, -0.06934673366834171, -0.06733668341708543, -0.06532663316582915, -0.06331658291457287, -0.06130653266331659, -0.059296482412060286, -0.05728643216080401, -0.05527638190954773, -0.05326633165829145, -0.05125628140703517, -0.04924623115577889, -0.04723618090452261, -0.04522613065326633, -0.043216080402010054, -0.041206030150753775, -0.03919597989949747, -0.03718592964824119, -0.03517587939698491, -0.03316582914572863, -0.031155778894472352, -0.029145728643216073, -0.027135678391959794, -0.025125628140703515, -0.023115577889447236, -0.021105527638190957, -0.01909547738693468, -0.01708542713567837, -0.015075376884422093, -0.013065326633165814, -0.011055276381909535, -0.009045226130653256, -0.0070351758793969765, -0.0050251256281406975, -0.0030150753768844185, -0.0010050251256281395, 0.0010050251256281395, 0.0030150753768844185, 0.005025125628140725, 0.007035175879397004, 0.009045226130653283, 0.011055276381909562, 0.013065326633165841, 0.01507537688442212, 0.0170854271356784, 0.01909547738693468, 0.021105527638190957, 0.023115577889447236, 0.025125628140703515, 0.027135678391959822, 0.0291457286432161, 0.03115577889447238, 0.03316582914572866, 0.03517587939698494, 0.03718592964824122, 0.039195979899497496, 0.041206030150753775, 0.043216080402010054, 0.04522613065326633, 0.04723618090452264, 0.04924623115577892, 0.0512562814070352, 0.05326633165829148, 0.055276381909547756, 0.057286432160804035, 0.059296482412060314, 0.06130653266331659, 0.06331658291457287, 0.06532663316582915, 0.06733668341708543, 0.06934673366834171, 0.07135678391959799, 0.07336683417085427, 0.07537688442211055, 0.07738693467336683, 0.07939698492462316, 0.08140703517587944, 0.08341708542713572, 0.085427135678392, 0.08743718592964828, 0.08944723618090455, 0.09145728643216083, 0.09346733668341711, 0.09547738693467339, 0.09748743718592967, 0.09949748743718595, 0.10150753768844223, 0.10351758793969851, 0.10552763819095479, 0.10753768844221107, 0.10954773869346734, 0.11155778894472362, 0.1135678391959799, 0.11557788944723618, 0.11758793969849246, 0.11959798994974874, 0.12160804020100507, 0.12361809045226135, 0.12562814070351763, 0.1276381909547739, 0.1296482412060302, 0.13165829145728647, 0.13366834170854275, 0.13567839195979903, 0.1376884422110553, 0.13969849246231159, 0.14170854271356786, 0.14371859296482414, 0.14572864321608042, 0.1477386934673367, 0.14974874371859298, 0.15175879396984926, 0.15376884422110554, 0.15577889447236182, 0.1577889447236181, 0.15979899497487438, 0.16180904522613065, 0.16381909547738693, 0.16582914572864327, 0.16783919597989955, 0.16984924623115583, 0.1718592964824121, 0.17386934673366838, 0.17587939698492466, 0.17788944723618094, 0.17989949748743722, 0.1819095477386935, 0.18391959798994978, 0.18592964824120606, 0.18793969849246234, 0.18994974874371862, 0.1919597989949749, 0.19396984924623117, 0.19597989949748745, 0.19798994974874373, 0.2],