{"Hno": -0.02108391785725214, "Sigma": 0.043969871093386834, "signed_st": [-0.14, -0.1, -0.06, -0.02, 0.02, 0.06, 0.1, 0.14], "m_right_No": [0.0, 0.2, 0.2, 0.7, 0.7, 0.8, 0.9, 1.0], "se_right_No": [0.0, 0.1264911064067352, 0.1264911064067352, 0.14491376746189438, 0.14491376746189438, 0.12649110640673517, 0.09486832980505137, 0.0], "x_lr": [-0.2, -0.19, -0.18, -0.16999999999999998, -0.15999999999999998, -0.14999999999999997, -0.13999999999999996, -0.12999999999999995, -0.11999999999999994, -0.10999999999999993, -0.09999999999999992, -0.08999999999999991, -0.0799999999999999, -0.0699999999999999, -0.05999999999999989, -0.04999999999999988, -0.03999999999999987, -0.02999999999999986, -0.01999999999999985, -0.009999999999999842, 1.6653345369377348e-16, 0.010000000000000175, 0.020000000000000184, 0.030000000000000193, 0.0400000000000002, 0.05000000000000021, 0.06000000000000022, 0.07000000000000023, 0.08000000000000024, 0.09000000000000025, 0.10000000000000026, 0.11000000000000026, 0.12000000000000027, 0.13000000000000028, 0.1400000000000003, 0.1500000000000003, 0.1600000000000003, 0.17000000000000032, 0.18000000000000033, 0.19000000000000034], "y_lr_no": [0.016806158878942327, 0.02100774778854815, 0.026231721180054852, 0.03271132909384707, 0.040724554452456145, 0.050598080707073584, 0.06270892342947307, 0.07748196930984314, 0.09538110835937075, 0.11689120749263655, 0.14248813401188454, 0.1725948079638397, 0.2075233178168053, 0.2474067966372521, 0.2921298129310804, 0.3412713010534619, 0.39407725155363266, 0.44947872450090215, 0.5061625321106146, 0.5626883528296864, 0.6176317587396973, 0.6697239410161053, 0.7179600522640132, 0.7616584810367542, 0.8004680311679861, 0.834332686510497, 0.8634304149516173, 0.8881028589481581, 0.9087888773887849, 0.9259695200948794, 0.9401272002499005, 0.9517185231134049, 0.9611584899065039, 0.9688132412199285, 0.9749986609350355, 0.9799826441161519, 0.9839893922278775, 0.9872046063840053, 0.9897808540595106, 0.9918426814673326], "score_no": 0.838, "mean_perf_no": 77.5, "mse_no": 0.009980355061466724}