{"Hno": -0.012297441020985112, "Sigma": 0.03659173583849523, "signed_st": [-0.14, -0.1, -0.06, -0.02, 0.02, 0.06, 0.1, 0.14], "m_right_No": [0.0, 0.1, 0.2, 0.5, 0.8, 0.7, 1.0, 1.0], "se_right_No": [0.0, 0.09486832980505139, 0.1264911064067352, 0.15811388300841897, 0.12649110640673517, 0.14491376746189438, 0.0, 0.0], "x_lr": [-0.2, -0.19, -0.18, -0.16999999999999998, -0.15999999999999998, -0.14999999999999997, -0.13999999999999996, -0.12999999999999995, -0.11999999999999994, -0.10999999999999993, -0.09999999999999992, -0.08999999999999991, -0.0799999999999999, -0.0699999999999999, -0.05999999999999989, -0.04999999999999988, -0.03999999999999987, -0.02999999999999986, -0.01999999999999985, -0.009999999999999842, 1.6653345369377348e-16, 0.010000000000000175, 0.020000000000000184, 0.030000000000000193, 0.0400000000000002, 0.05000000000000021, 0.06000000000000022, 0.07000000000000023, 0.08000000000000024, 0.09000000000000025, 0.10000000000000026, 0.11000000000000026, 0.12000000000000027, 0.13000000000000028, 0.1400000000000003, 0.1500000000000003, 0.1600000000000003, 0.17000000000000032, 0.18000000000000033, 0.19000000000000034], "y_lr_no": [0.005883845709529771, 0.007718722635950521, 0.010119980830502308, 0.013258277877627235, 0.01735272848311831, 0.022682569839800933, 0.02960014436424801, 0.038544190356607444, 0.05005139674800108, 0.0647626246179173, 0.08341811111977886, 0.10683361920892105, 0.13584771822821254, 0.17123089074996428, 0.21355255045423302, 0.26301485672218805, 0.31928242073294705, 0.38135858382148613, 0.4475684712814315, 0.5156912930322936, 0.5832359385855836, 0.6477941775165923, 0.7073696247157647, 0.7605921683350708, 0.8067789029962504, 0.8458610056269793, 0.8782312347359124, 0.9045704400067033, 0.9256943798208451, 0.9424399415305467, 0.95559274845292, 0.9658489722709596, 0.9738013781112653, 0.9799404469539542, 0.9846636162874361, 0.988287972283498, 0.9910635793278141, 0.9931859368213601, 0.9948068856750051, 0.9960437745462348], "score_no": 0.838, "mean_perf_no": 83.75, "mse_no": 0.007772972088155316}