{"Hno": -0.042917893318118794, "Sigma": 0.046402396332487855, "signed_st": [-0.14, -0.1, -0.06, -0.02, 0.02, 0.06, 0.1, 0.14], "m_right_No": [0.0, 0.3, 0.5, 0.6, 0.8, 0.9, 0.9, 1.0], "se_right_No": [0.0, 0.14491376746189438, 0.15811388300841897, 0.15491933384829668, 0.12649110640673517, 0.09486832980505137, 0.09486832980505137, 0.0], "x_lr": [-0.2, -0.19, -0.18, -0.16999999999999998, -0.15999999999999998, -0.14999999999999997, -0.13999999999999996, -0.12999999999999995, -0.11999999999999994, -0.10999999999999993, -0.09999999999999992, -0.08999999999999991, -0.0799999999999999, -0.0699999999999999, -0.05999999999999989, -0.04999999999999988, -0.03999999999999987, -0.02999999999999986, -0.01999999999999985, -0.009999999999999842, 1.6653345369377348e-16, 0.010000000000000175, 0.020000000000000184, 0.030000000000000193, 0.0400000000000002, 0.05000000000000021, 0.06000000000000022, 0.07000000000000023, 0.08000000000000024, 0.09000000000000025, 0.10000000000000026, 0.11000000000000026, 0.12000000000000027, 0.13000000000000028, 0.1400000000000003, 0.1500000000000003, 0.1600000000000003, 0.17000000000000032, 0.18000000000000033, 0.19000000000000034], "y_lr_no": [0.03276072866178336, 0.04032166322624544, 0.049538233207323194, 0.06072818050989437, 0.07424831512787859, 0.09048850235958589, 0.10985933450103057, 0.13277153101276784, 0.159605469256842, 0.19067033382700124, 0.22615442339087263, 0.2660711815676838, 0.3102090700577493, 0.358096391359287, 0.4089929956210906, 0.4619179630896509, 0.5157154179289388, 0.5691510980255762, 0.6210234721942629, 0.6702687270783885, 0.7160408503765776, 0.7577554475872315, 0.7950956364071184, 0.8279866819202634, 0.8565506298292758, 0.881052750674461, 0.9018493105730958, 0.9193426976387412, 0.9339465978707139, 0.9460614370053904, 0.9560588380210281, 0.964273217499114, 0.9709985788014718, 0.976488797777673, 0.980960051128672, 0.9845943970211803, 0.9875438277498386, 0.9899343573355177, 0.991869884778402, 0.9934356966522809], "score_no": 0.8, "mean_perf_no": 77.5, "mse_no": 0.004963181582667881}