{"Hno": 1.3901444631846505e-09, "Sigma": 0.03472092210639665, "signed_st": [-0.14, -0.1, -0.06, -0.02, 0.02, 0.06, 0.1, 0.14], "m_right_No": [0.1, 0.0, 0.1, 0.4, 0.6, 0.8, 1.0, 1.0], "se_right_No": [0.09486832980505139, 0.0, 0.09486832980505139, 0.15491933384829668, 0.15491933384829668, 0.12649110640673517, 0.0, 0.0], "x_lr": [-0.2, -0.19, -0.18, -0.16999999999999998, -0.15999999999999998, -0.14999999999999997, -0.13999999999999996, -0.12999999999999995, -0.11999999999999994, -0.10999999999999993, -0.09999999999999992, -0.08999999999999991, -0.0799999999999999, -0.0699999999999999, -0.05999999999999989, -0.04999999999999988, -0.03999999999999987, -0.02999999999999986, -0.01999999999999985, -0.009999999999999842, 1.6653345369377348e-16, 0.010000000000000175, 0.020000000000000184, 0.030000000000000193, 0.0400000000000002, 0.05000000000000021, 0.06000000000000022, 0.07000000000000023, 0.08000000000000024, 0.09000000000000025, 0.10000000000000026, 0.11000000000000026, 0.12000000000000027, 0.13000000000000028, 0.1400000000000003, 0.1500000000000003, 0.1600000000000003, 0.17000000000000032, 0.18000000000000033, 0.19000000000000034], "y_lr_no": [0.0031405378578439553, 0.004184374322660531, 0.005573216304680009, 0.007419596317671742, 0.009871600963685074, 0.013123222682714968, 0.017427049594943782, 0.02310928658257407, 0.03058659088810444, 0.04038325875809292, 0.05314570743643804, 0.06964877287540795, 0.09078509933456531, 0.11752539973645082, 0.1508352875533701, 0.1915369926142112, 0.24011608644405003, 0.29649755240079195, 0.35984853440205544, 0.42849091984952875, 0.49999998999058626, 0.5715090605411126, 0.6401514471519909, 0.7035024308965588, 0.7598838989453806, 0.8084629949860809, 0.8491647021902633, 0.8824745919586838, 0.9092148940557649, 0.9303512219358862, 0.9468542885340729, 0.9596167381387924, 0.9694134067375784, 0.9768907116097059, 0.9825729490338988, 0.9868767762802293, 0.9901283982536466, 0.9925804030926099, 0.9944267832515301, 0.9958156253436764], "score_no": 0.85, "mean_perf_no": 85.0, "mse_no": 0.0034994334017105114}