{"HRopt_": 0.047149856370996925, "SO_HRopt_": 0.08218366379680486, "xhat": [-0.2, -0.15000000000000002, -0.10000000000000003, -0.050000000000000044, -5.551115123125783e-17, 0.04999999999999993, 0.09999999999999992, 0.1499999999999999], "theo_pR": [0.006794099512216545, 0.02994895324033708, 0.09763950942708766, 0.23925701448034298, 0.4513427183784586, 0.6787317230686603, 0.8532742562681354, 0.9491852860552696], "partid": 3053, "sessionid": 8, "part_sessid": "3053_8"}