{"Dperf_oo": [100.0, 100.0, 100.0, 80.0], "Dse_perf_oo": [0.0, 0.0, 0.0, 17.888543819998315], "Sperf_oo": [100.0, 94.11764705882354, 100.0, 85.71428571428571], "Sse_perf_oo": [0.0, 5.706720589090183, 0.0, 13.226001425322165], "perf_no": [100.0, 80.0, 70.0, 70.0], "se_perf_no": [0.0, 8.944271909999157, 10.2469507659596, 10.2469507659596], "Dn_trials_oo": [16, 12, 7, 5], "Sn_trials_oo": [16, 17, 10, 7], "NOn_trials": [20, 20, 20, 20], "DRT_oo": [1.0967785191001838, 1.2602989272564704, 1.1408621140754664, 1.1085230246014006], "DsdRT_oo": [0.03799548665712879, 0.0662267669174443, 0.03169138273080305, 0.01254270635862124], "SRT_oo": [1.1845957613846438, 1.2415162218711369, 1.1580782312992788, 1.051151229724987], "SsdRT_oo": [0.0, 0.0, 0.15637231751639163, 0.039036184853345555], "DRT_OKoo": [0.85917713239136, 0.9616267660883634, 0.9141091051824797, 0.9227204343225797], "DsdRT_OKoo": [0.02020302784395665, 0.06409517962252836, 0.02656733415990226, 0.12570643641953344], "SRT_OKoo": [0.806380821556921, 0.9635269492440856, 0.9436486132896293, 0.8772468602793557], "SsdRT_OKoo": [0.03672190937640565, 0.08396662750405297, 0.051407639978727056, 0.01172344314749198], "RT_no": [0.8846611721598324, 0.9939298796452133, 0.936940737835825, 1.0579670329685131], "sdRT_no": [0.0771669695873652, 0.086384808180694, 0.10222130162050982, 0.07488947039560839], "RT_noNOK": [NaN, 1.5485740450034207, 1.451550235482002, 1.6824862637391806], "sdRT_noNOK": [NaN, 0.47120453950440494, 0.29675507029043185, 0.0], "Doptout": [20.0, 40.0, 65.0, 75.0], "Dse_optout": [8.944271909999161, 10.954451150103322, 10.66536450385077, 9.682458365518542], "Soptout": [20.0, 15.0, 50.0, 65.0], "Sse_optout": [8.944271909999161, 7.984359711335657, 11.180339887498949, 10.66536450385077]}