{"Dperf_oo": [94.44444444444444, 100.0, 76.47058823529412, 69.23076923076923], "Dse_perf_oo": [5.399029532264168, 0.0, 10.287936849355368, 12.800773759043748], "Sperf_oo": [100.0, 100.0, 85.71428571428571, 61.53846153846154], "Sse_perf_oo": [0.0, 0.0, 9.352195295828245, 13.493200297031219], "perf_no": [95.0, 95.0, 75.0, 35.0], "se_perf_no": [4.873397172404484, 4.873397172404484, 9.682458365518542, 10.66536450385077], "Dn_trials_oo": [18, 18, 17, 13], "Sn_trials_oo": [20, 19, 14, 13], "NOn_trials": [20, 20, 20, 20], "DRT_oo": [3.391046741277156, 1.4865042791310072, 1.414088215931534, 1.3337722185648453], "DsdRT_oo": [0.0, 0.0, 0.0, 0.001241354893458938], "SRT_oo": [NaN, 1.1599736668861094, 1.6570111915734036, 1.4904542462146149], "SsdRT_oo": [NaN, NaN, 0.0, 0.3941301786732128], "DRT_OKoo": [0.8531928900592495, 0.9637919684002634, 0.9308755760368663, 1.4601711652402896], "DsdRT_OKoo": [0.037723032963172975, 0.07768585426213663, 0.07890053069955831, 0.4013191003879826], "SRT_OKoo": [0.793285055957867, 0.8215931533903884, 0.9506254114549045, 1.0526662277814351], "SsdRT_OKoo": [0.017191812945089188, 0.01908015371453514, 0.06895327324899102, 0.17868258160694014], "RT_no": [0.879526003949967, 0.8716260697827518, 0.9203423304805793, 1.6932192231731402], "sdRT_no": [0.06588250627642615, 0.11158009069656016, 0.12300290638797985, 0.10768887852106587], "RT_noNOK": [2.003949967083608, 2.4279131007241608, 1.4759710335747203, 1.032258064516129], "sdRT_noNOK": [NaN, NaN, 0.06221198156682028, 0.08233814755364885], "Doptout": [10.0, 10.0, 15.0, 35.0], "Dse_optout": [6.708203932499369, 6.708203932499369, 7.984359711335657, 10.66536450385077], "Soptout": [0.0, 5.0, 30.0, 35.0], "Sse_optout": [0.0, 4.873397172404482, 10.246950765959598, 10.66536450385077]}