{"Dperf_oo": [95.0, 94.44444444444444, 91.66666666666667, 66.66666666666667], "Dse_perf_oo": [4.873397172404484, 5.399029532264168, 7.978559231302815, 13.608276348795433], "Sperf_oo": [100.0, 100.0, 92.85714285714286, 62.5], "Sse_perf_oo": [0.0, 0.0, 6.883029368995938, 17.116329922036442], "perf_no": [100.0, 95.0, 70.0, 45.0], "se_perf_no": [0.0, 4.873397172404484, 10.2469507659596, 11.124297730643494], "Dn_trials_oo": [20, 18, 12, 12], "Sn_trials_oo": [20, 17, 14, 8], "NOn_trials": [20, 20, 20, 20], "DRT_oo": [NaN, 1.6107914865301183, 1.214338956343871, 1.3414204352420158], "DsdRT_oo": [NaN, 0.0, 0.023849930579487942, 0.07023012423430879], "SRT_oo": [NaN, 1.3004059831418715, 1.3725603001968962, 1.2281901534921464], "SsdRT_oo": [NaN, 0.0, 0.09750205731940284, 0.056406694037030906], "DRT_OKoo": [0.9361933087907608, 0.9142369175893487, 1.0705803171684662, 0.981745221755513], "DsdRT_OKoo": [0.026046922278453722, 0.018400139258247784, 0.07441430345771491, 0.08485020820494502], "SRT_OKoo": [0.876819145682007, 0.935744628371075, 0.9083534152971887, 1.215352105368833], "SsdRT_OKoo": [0.028006394523866635, 0.04170202034986784, 0.07059550962249962, 0.0031045786769753787], "RT_no": [0.8603048133568789, 1.0934847267194714, 1.0054565322099267, 0.999594740423714], "sdRT_no": [0.010682785696638452, 0.1259176233185494, 0.059883437649679634, 0.08505759367511913], "RT_noNOK": [NaN, 1.107625395426937, 2.114294088116558, 1.5266422060947784], "sdRT_noNOK": [NaN, NaN, 0.4387570254804977, 0.15763644881695785], "Doptout": [0.0, 10.0, 40.0, 40.0], "Dse_optout": [0.0, 6.708203932499369, 10.954451150103322, 10.954451150103322], "Soptout": [0.0, 15.0, 30.0, 60.0], "Sse_optout": [0.0, 7.984359711335657, 10.246950765959598, 10.954451150103322]}