{"Dperf_oo": [93.33333333333333, 91.66666666666667, 90.9090909090909, 60.0], "Dse_perf_oo": [6.440611887195311, 7.978559231302815, 8.667841720414476, 21.908902300206645], "Sperf_oo": [100.0, 100.0, 100.0, 66.66666666666667], "Sse_perf_oo": [0.0, 0.0, 0.0, 15.713484026367722], "perf_no": [100.0, 80.0, 60.0, 60.0], "se_perf_no": [0.0, 8.944271909999157, 10.954451150103322, 10.954451150103322], "Dn_trials_oo": [15, 12, 11, 5], "Sn_trials_oo": [17, 17, 9, 9], "NOn_trials": [20, 20, 20, 20], "DRT_oo": [0.9937758702291297, 0.9799354157806421, 1.1088458704482977, 1.1331515556936058], "DsdRT_oo": [0.09598165018680033, 0.040107406186668255, 0.11939541366760137, 0.1082917150867124], "SRT_oo": [0.925422497225588, 1.0007775917857626, 1.1656542127829808, 1.0288999284079252], "SsdRT_oo": [0.0, 0.0, 0.08168434577949982, 0.12218582862425735], "DRT_OKoo": [0.8663051487571332, 0.9147739041833626, 0.981449852151384, 1.4013833663498714], "DsdRT_OKoo": [0.049369964961305864, 0.050042134694688954, 0.017996609154530857, 0.0], "SRT_OKoo": [0.9400235655023359, 0.8765530613144843, 0.9992224082142374, 0.8328720980668255], "SsdRT_OKoo": [0.04771381626720305, 0.0381186050755879, 0.045345941957131625, 0.03121044669928788], "RT_no": [0.8897110007526836, 1.1103297464876296, 1.014081541891708, 1.053463679014426], "sdRT_no": [0.02746761995531662, 0.05899017021712412, 0.029266352553034926, 0.04967193684663822], "RT_noNOK": [NaN, 1.2322316884116984, 1.1228595003914068, 1.152224625570151], "sdRT_noNOK": [NaN, 0.10679492969548378, 0.1663934194148357, 0.009950135573465229], "Doptout": [25.0, 40.0, 45.0, 75.0], "Dse_optout": [9.682458365518542, 10.954451150103322, 11.124297730643494, 9.682458365518542], "Soptout": [15.0, 15.0, 55.00000000000001, 55.00000000000001], "Sse_optout": [7.984359711335657, 7.984359711335657, 11.124297730643494, 11.124297730643494]}