{"Dperf_oo": [100.0, 81.25, 73.6842105263158, 37.5], "Dse_perf_oo": [0.0, 9.757809372497498, 10.102261788814664, 12.103072956898178], "Sperf_oo": [92.3076923076923, 93.75, 91.66666666666667, 42.857142857142854], "Sse_perf_oo": [7.390530175619409, 6.051536478449089, 7.978559231302815, 18.704390591656487], "perf_no": [85.0, 65.0, 60.0, 50.0], "se_perf_no": [7.984359711335657, 10.66536450385077, 10.954451150103322, 11.180339887498949], "Dn_trials_oo": [18, 16, 19, 16], "Sn_trials_oo": [13, 16, 12, 7], "NOn_trials": [20, 20, 20, 20], "DRT_oo": [1.3377859236015341, 1.217579792836191, 1.3848246059105964, 1.071949026474999], "DsdRT_oo": [0.0, 0.0, NaN, 0.03911548776650228], "SRT_oo": [0.9589084595758942, 1.2869021362095878, 1.2737687207266915, 1.089124289400278], "SsdRT_oo": [0.019671753168100936, 0.0244581818934582, 0.09948924134923096, 0.09153938627805785], "DRT_OKoo": [0.8233805860174271, 0.9778647586138113, 0.9762701100061222, 1.0611834225591927], "DsdRT_OKoo": [0.031095213954606807, 0.054128441593585416, 0.0528859122493466, 0.0], "SRT_OKoo": [0.9462099482603293, 1.0127468339994288, 0.8858928824117566, 1.1862735961418853], "SsdRT_OKoo": [0.06491059417012245, 0.025136148295495597, 0.0034224660715471695, 0.0], "RT_no": [0.9286998781569782, 0.8979804569271702, 0.9226940587260744, 1.1545773663450916], "sdRT_no": [0.045924190280301994, 0.11532486737574442, 0.08551739723364797, 0.25768723421988493], "RT_noNOK": [1.9950227634389661, 1.11465937684747, 1.2643630552372958, 0.9375118649463469], "sdRT_noNOK": [0.0, 0.061407110388216446, 0.13604269869699986, 0.02467860381216035], "Doptout": [10.0, 20.0, 5.0, 20.0], "Dse_optout": [6.708203932499369, 8.944271909999161, 4.873397172404482, 8.944271909999161], "Soptout": [35.0, 20.0, 40.0, 65.0], "Sse_optout": [10.66536450385077, 8.944271909999161, 10.954451150103322, 10.66536450385077]}