{"Hno": 0.0006072434032079469, "Sigma": 0.0728479953307384, "signed_st": [-0.14, -0.1, -0.06, -0.02, 0.02, 0.06, 0.1, 0.14], "m_right_No": [0.0, 0.2, 0.0, 0.4, 0.8, 0.8, 0.8, 1.0], "se_right_No": [0.0, 0.1264911064067352, 0.0, 0.15491933384829668, 0.12649110640673517, 0.12649110640673517, 0.12649110640673517, 0.0], "x_lr": [-0.2, -0.19, -0.18, -0.16999999999999998, -0.15999999999999998, -0.14999999999999997, -0.13999999999999996, -0.12999999999999995, -0.11999999999999994, -0.10999999999999993, -0.09999999999999992, -0.08999999999999991, -0.0799999999999999, -0.0699999999999999, -0.05999999999999989, -0.04999999999999988, -0.03999999999999987, -0.02999999999999986, -0.01999999999999985, -0.009999999999999842, 1.6653345369377348e-16, 0.010000000000000175, 0.020000000000000184, 0.030000000000000193, 0.0400000000000002, 0.05000000000000021, 0.06000000000000022, 0.07000000000000023, 0.08000000000000024, 0.09000000000000025, 0.10000000000000026, 0.11000000000000026, 0.12000000000000027, 0.13000000000000028, 0.1400000000000003, 0.1500000000000003, 0.1600000000000003, 0.17000000000000032, 0.18000000000000033, 0.19000000000000034], "y_pr_no": [0.00294558117739874, 0.004441735414053793, 0.006583240610192998, 0.009591331637897773, 0.013737929316278853, 0.019347400455991735, 0.026794394985456937, 0.036496573420877414, 0.048901282762934865, 0.06446570650367714, 0.08363069764742809, 0.10678935241132043, 0.13425230122775106, 0.16621254946265573, 0.2027133392136189, 0.24362277810665134, 0.28861878052957074, 0.33718714617829065, 0.38863440010916556, 0.4421154667512564, 0.4966745514210442, 0.5512960039302192, 0.604960686903161, 0.6567026670417351, 0.7056610059629564, 0.7511220552410847, 0.7925488550700669, 0.829595805451222, 0.8621084792012856, 0.8901100277851841, 0.9137768828825211, 0.9334072394093451, 0.9493860685222469, 0.9621501874297498, 0.9721563107118019, 0.9798541700397873, 0.9856658701781488, 0.9899717859072981, 0.9931025975956852, 0.9953365681895144], "pearson_chi2": 75.82771979710841, "mean_perf_no": 85.0, "mse_no": 0.017882988702394954}