{"Hno": 0.02496702061866767, "Sigma": 0.04054563714480297, "signed_st": [-0.14, -0.1, -0.06, -0.02, 0.02, 0.06, 0.1, 0.14], "m_right_No": [0.0, 0.0, 0.1, 0.5, 0.4, 0.5, 0.9, 1.0], "se_right_No": [0.0, 0.0, 0.09486832980505139, 0.15811388300841897, 0.15491933384829668, 0.15811388300841897, 0.09486832980505137, 0.0], "x_lr": [-0.2, -0.19, -0.18, -0.16999999999999998, -0.15999999999999998, -0.14999999999999997, -0.13999999999999996, -0.12999999999999995, -0.11999999999999994, -0.10999999999999993, -0.09999999999999992, -0.08999999999999991, -0.0799999999999999, -0.0699999999999999, -0.05999999999999989, -0.04999999999999988, -0.03999999999999987, -0.02999999999999986, -0.01999999999999985, -0.009999999999999842, 1.6653345369377348e-16, 0.010000000000000175, 0.020000000000000184, 0.030000000000000193, 0.0400000000000002, 0.05000000000000021, 0.06000000000000022, 0.07000000000000023, 0.08000000000000024, 0.09000000000000025, 0.10000000000000026, 0.11000000000000026, 0.12000000000000027, 0.13000000000000028, 0.1400000000000003, 0.1500000000000003, 0.1600000000000003, 0.17000000000000032, 0.18000000000000033, 0.19000000000000034], "y_lr_no": [0.00387823645822638, 0.004957650730366138, 0.006335583319412874, 0.00809338429063646, 0.010333813369520497, 0.013186198312833847, 0.01681253598789108, 0.021414511514620798, 0.027241251307881954, 0.034597355018911154, 0.04385032358886553, 0.05543587097174785, 0.0698587541146927, 0.08768572732089391, 0.10952621609036987, 0.13599574852912905, 0.1676578352394264, 0.20494286550445248, 0.24804858435612973, 0.29683577665992744, 0.35074279695346283, 0.4087488196447244, 0.46941213369056867, 0.5309930185924714, 0.5916442706694874, 0.649627566712917, 0.7035036592398182, 0.7522547187385372, 0.7953220766173579, 0.8325690568154175, 0.8641952862290382, 0.8906323432076543, 0.9124443227071029, 0.9302468775745592, 0.9446492500106853, 0.9562178325233377, 0.965456938873047, 0.9728018238221294, 0.9786195526096811, 0.9832143333271923], "score_no": 0.8, "mean_perf_no": 77.5, "mse_no": 0.019392207260536056}