{"Hno": -0.04984092096879728, "Sigma": 0.10362804124261094, "signed_st": [-0.14, -0.1, -0.06, -0.02, 0.02, 0.06, 0.1, 0.14], "m_right_No": [0.3, 0.6, 0.1, 0.7, 0.7, 0.7, 0.8, 0.9], "se_right_No": [0.14491376746189438, 0.15491933384829668, 0.09486832980505139, 0.14491376746189438, 0.14491376746189438, 0.14491376746189438, 0.12649110640673517, 0.09486832980505137], "x_lr": [-0.2, -0.19, -0.18, -0.16999999999999998, -0.15999999999999998, -0.14999999999999997, -0.13999999999999996, -0.12999999999999995, -0.11999999999999994, -0.10999999999999993, -0.09999999999999992, -0.08999999999999991, -0.0799999999999999, -0.0699999999999999, -0.05999999999999989, -0.04999999999999988, -0.03999999999999987, -0.02999999999999986, -0.01999999999999985, -0.009999999999999842, 1.6653345369377348e-16, 0.010000000000000175, 0.020000000000000184, 0.030000000000000193, 0.0400000000000002, 0.05000000000000021, 0.06000000000000022, 0.07000000000000023, 0.08000000000000024, 0.09000000000000025, 0.10000000000000026, 0.11000000000000026, 0.12000000000000027, 0.13000000000000028, 0.1400000000000003, 0.1500000000000003, 0.1600000000000003, 0.17000000000000032, 0.18000000000000033, 0.19000000000000034], "y_lr_no": [0.19015247237042238, 0.20545856089115544, 0.2216594770746946, 0.2387540013284293, 0.2567320178550736, 0.2755737110597201, 0.295248914417969, 0.3157166580567569, 0.3369249586228238, 0.35881088901206165, 0.38130095609017195, 0.4043118018642206, 0.42775122824843814, 0.4515195285526399, 0.4755110913586793, 0.4996162259798224, 0.5237231446922809, 0.5477200267120043, 0.5714970834664187, 0.5949485446243631, 0.617974489606759, 0.6404824593775318, 0.662388797218507, 0.6836196836064873, 0.7041118477649025, 0.7238129555122709, 0.7426816884164066, 0.7606875420292835, 0.7778103805281575, 0.7940397911995243, 0.8093742849803501, 0.8238203890824285, 0.8373916751106387, 0.8501077616700325, 0.8619933248745368, 0.8730771440054836, 0.8833912033151549, 0.8929698650132503, 0.9018491230833048, 0.9100659429168585], "score_no": 0.725, "mean_perf_no": 67.5, "mse_no": 0.03502368959767246}