{"Hno": -0.04218049083841992, "Sigma": 0.04272563709244504, "signed_st": [-0.14, -0.1, -0.06, -0.02, 0.02, 0.06, 0.1, 0.14], "m_right_No": [0.1, 0.1, 0.4, 0.7, 0.9, 0.9, 1.0, 0.9], "se_right_No": [0.09486832980505139, 0.09486832980505139, 0.15491933384829668, 0.14491376746189438, 0.09486832980505137, 0.09486832980505137, 0.0, 0.09486832980505137], "x_lr": [-0.2, -0.19, -0.18, -0.16999999999999998, -0.15999999999999998, -0.14999999999999997, -0.13999999999999996, -0.12999999999999995, -0.11999999999999994, -0.10999999999999993, -0.09999999999999992, -0.08999999999999991, -0.0799999999999999, -0.0699999999999999, -0.05999999999999989, -0.04999999999999988, -0.03999999999999987, -0.02999999999999986, -0.01999999999999985, -0.009999999999999842, 1.6653345369377348e-16, 0.010000000000000175, 0.020000000000000184, 0.030000000000000193, 0.0400000000000002, 0.05000000000000021, 0.06000000000000022, 0.07000000000000023, 0.08000000000000024, 0.09000000000000025, 0.10000000000000026, 0.11000000000000026, 0.12000000000000027, 0.13000000000000028, 0.1400000000000003, 0.1500000000000003, 0.1600000000000003, 0.17000000000000032, 0.18000000000000033, 0.19000000000000034], "y_lr_no": [0.024273680318652582, 0.030479775344966716, 0.0382104559919403, 0.04780521211311671, 0.05965979222419103, 0.07422488182623137, 0.09199794426354314, 0.11350496967388186, 0.13926867974970272, 0.1697604606804071, 0.2053355696673867, 0.24615546601351299, 0.29210729885662884, 0.3427372326855481, 0.39721849072321075, 0.4543730869103788, 0.5127559109993948, 0.5707927375750717, 0.6269461198574018, 0.6798732247441213, 0.7285425782829812, 0.7722908871522286, 0.8108194871698774, 0.8441446204519246, 0.8725223062063461, 0.8963673918616996, 0.9161806632901767, 0.9324911751244692, 0.9458155124950249, 0.9566323088622026, 0.965368823520934, 0.9723961334561966, 0.9780299240621066, 0.9825345426560271, 0.9861286594232359, 0.9889914502142617, 0.9912686446780468, 0.9930780826446912, 0.994514617672374, 0.9956543270664693], "score_no": 0.85, "mean_perf_no": 80.0, "mse_no": 0.005556110570405017}