{"Hno": -0.004008079313207031, "Sigma": 0.02220819292038787, "signed_st": [-0.14, -0.1, -0.06, -0.02, 0.02, 0.06, 0.1, 0.14], "m_right_No": [0.0, 0.0, 0.0, 0.4, 0.8, 1.0, 0.9, 1.0], "se_right_No": [0.0, 0.0, 0.0, 0.15491933384829668, 0.12649110640673517, 0.0, 0.09486832980505137, 0.0], "x_lr": [-0.2, -0.19, -0.18, -0.16999999999999998, -0.15999999999999998, -0.14999999999999997, -0.13999999999999996, -0.12999999999999995, -0.11999999999999994, -0.10999999999999993, -0.09999999999999992, -0.08999999999999991, -0.0799999999999999, -0.0699999999999999, -0.05999999999999989, -0.04999999999999988, -0.03999999999999987, -0.02999999999999986, -0.01999999999999985, -0.009999999999999842, 1.6653345369377348e-16, 0.010000000000000175, 0.020000000000000184, 0.030000000000000193, 0.0400000000000002, 0.05000000000000021, 0.06000000000000022, 0.07000000000000023, 0.08000000000000024, 0.09000000000000025, 0.10000000000000026, 0.11000000000000026, 0.12000000000000027, 0.13000000000000028, 0.1400000000000003, 0.1500000000000003, 0.1600000000000003, 0.17000000000000032, 0.18000000000000033, 0.19000000000000034], "y_lr_no": [0.00014695929434165354, 0.00023052431183843492, 0.0003615894673127224, 0.0005671297633856384, 0.0008894025119000675, 0.0013945519337315794, 0.002185980772043483, 0.003425016689740054, 0.005362576267032792, 0.00838700439933992, 0.01309471678645109, 0.02039057928375371, 0.03162116559963765, 0.04872956774540602, 0.07438334370042322, 0.11195316632009475, 0.16511392566280123, 0.23678715182018178, 0.3273729361120815, 0.43295453457738775, 0.544997305052629, 0.6526621735887954, 0.7466918882148507, 0.8222008734668061, 0.8788531741082217, 0.9192276328819438, 0.9469586256336225, 0.9655259934718642, 0.9777465121010785, 0.9856992029045464, 0.9908364900316559, 0.9941392779863296, 0.9962561457939415, 0.9976102479584595, 0.9984753389440775, 0.9990275719808078, 0.9993799101402555, 0.9996046367468441, 0.9997479407829609, 0.9998393109446463], "score_no": 0.912, "mean_perf_no": 91.25, "mse_no": 0.004148759506344547}