{"HRopt_": 0.03784128666497818, "SO_HRopt_": 0.08860154463212899, "xhat": [-0.2, -0.15000000000000002, -0.10000000000000003, -0.050000000000000044, -5.551115123125783e-17, 0.04999999999999993, 0.09999999999999992, 0.1499999999999999], "theo_pR": [0.06751603987285226, 0.13789851195298097, 0.2466499382063393, 0.3896121687616423, 0.54950459382261, 0.7016491632246948, 0.8248195276067153, 0.909654293308012], "partid": 3074, "sessionid": 7, "part_sessid": "3074_7"}