{"Dperf_oo": [100.0, 100.0, 84.61538461538461, 50.0], "Dse_perf_oo": [0.0, 0.0, 10.006825162892168, 14.433756729740644], "Sperf_oo": [95.0, 100.0, 92.3076923076923, 61.53846153846154], "Sse_perf_oo": [4.873397172404484, 0.0, 7.390530175619409, 13.493200297031219], "perf_no": [95.0, 95.0, 75.0, 60.0], "se_perf_no": [4.873397172404484, 4.873397172404484, 9.682458365518542, 10.954451150103322], "Dn_trials_oo": [17, 17, 13, 12], "Sn_trials_oo": [20, 17, 13, 13], "NOn_trials": [20, 20, 20, 20], "DRT_oo": [2.3731628060345, 2.457644840660012, 1.884262769101041, 1.8886452605247197], "DsdRT_oo": [0.0, 0.0, 0.19366032836094962, 0.07317858407979111], "SRT_oo": [NaN, 1.8212619884492003, 1.9251904480799193, 1.8647374309905187], "SsdRT_oo": [NaN, 0.0, 0.18846956182336644, 0.5609850651678917], "DRT_OKoo": [0.8083737997534707, 0.862181212494693, 0.9223298508010627, 0.8080694209048205], "DsdRT_OKoo": [0.012245221368480472, 0.027785071218404296, 0.14891989112906728, 0.28999180455480345], "SRT_OKoo": [0.8527849253953874, 0.8742379960609158, 0.9864889620513273, 0.8935406867064217], "SsdRT_OKoo": [0.024453548794970324, 0.05444102669459504, 0.05819312651769146, 0.10339972405918739], "RT_no": [0.9335693208590407, 1.115531493333524, 1.2307219696424883, 1.046059844246859], "sdRT_no": [0.08587877538443212, 0.07569766978722248, 0.37347921648713617, 0.018370554688473147], "RT_noNOK": [3.027628015217898, 4.086505590086986, 0.9119246042493393, 1.1011298654263582], "sdRT_noNOK": [NaN, NaN, 0.01676479125403992, 0.10662648839157868], "Doptout": [15.0, 15.0, 35.0, 40.0], "Dse_optout": [7.984359711335657, 7.984359711335657, 10.66536450385077, 10.954451150103322], "Soptout": [0.0, 15.0, 35.0, 35.0], "Sse_optout": [0.0, 7.984359711335657, 10.66536450385077, 10.66536450385077]}