{"Dperf_oo": [100.0, 100.0, 100.0, 50.0], "Dse_perf_oo": [0.0, 0.0, 0.0, 35.35533905932738], "Sperf_oo": [100.0, 100.0, 50.0, 33.333333333333336], "Sse_perf_oo": [0.0, 0.0, 35.35533905932738, 27.216552697590867], "perf_no": [85.0, 70.0, 65.0, 45.0], "se_perf_no": [7.984359711335657, 10.2469507659596, 10.66536450385077, 11.124297730643494], "Dn_trials_oo": [7, 4, 3, 2], "Sn_trials_oo": [8, 9, 2, 3], "NOn_trials": [20, 20, 20, 20], "DRT_oo": [0.8977846264344911, 1.0639884012479686, 0.8869719584100907, 0.8433230343173199], "DsdRT_oo": [0.06080870194317192, 0.046151200173256496, 0.052837330582005855, 0.04715765793745865], "SRT_oo": [1.1106203098221066, 1.0602713839192908, 0.9871205870365026, 0.9752745465274025], "SsdRT_oo": [0.1376491028302283, 0.17378851639439796, 0.014149785035615295, 0.09485347347603794], "DRT_OKoo": [0.8188006111883698, 0.8896920445900306, 0.9806834834824314, 1.050151101444826], "DsdRT_OKoo": [0.01834430718126329, 0.04939364202872604, 0.0, NaN], "SRT_OKoo": [0.9114787638063131, 0.9711774980003215, 1.0858427972353661, 2.952056202982763], "SsdRT_OKoo": [0.02561651223302626, 0.0798136634679935, NaN, NaN], "RT_no": [0.9530192957080655, 1.232636349210664, 1.2169847909682348, 1.1642385450386286], "sdRT_no": [0.06949722716962085, 0.1819497578523323, 0.13951008307697713, 0.17870988395324322], "RT_noNOK": [1.2277610176415223, 1.5457768384004575, 1.1386463081193192, 1.1208681369648616], "sdRT_noNOK": [0.0, 0.7390338514672667, 0.03042724900548647, 0.09351932450927976], "Doptout": [65.0, 80.0, 85.0, 90.0], "Dse_optout": [10.66536450385077, 8.944271909999157, 7.984359711335657, 6.708203932499368], "Soptout": [60.0, 55.00000000000001, 90.0, 85.0], "Sse_optout": [10.954451150103322, 11.124297730643494, 6.708203932499368, 7.984359711335657]}