{"Dperf_oo": [100.0, 100.0, 90.0, 62.5], "Dse_perf_oo": [0.0, 0.0, 9.486832980505138, 17.116329922036442], "Sperf_oo": [100.0, 100.0, 100.0, 100.0], "Sse_perf_oo": [0.0, 0.0, 0.0, 0.0], "perf_no": [100.0, 100.0, 85.0, 70.0], "se_perf_no": [0.0, 0.0, 7.984359711335657, 10.2469507659596], "Dn_trials_oo": [18, 14, 10, 8], "Sn_trials_oo": [17, 13, 5, 2], "NOn_trials": [20, 20, 20, 20], "DRT_oo": [1.0453292020564549, 1.0987791829871842, 1.0524070380047152, 1.0641393020913483], "DsdRT_oo": [0.0, 0.032149642879928456, 0.018947499883664506, 0.04026780797594622], "SRT_oo": [1.1688926241530793, 1.0383526227269866, 1.0591169750016198, 1.068503461296453], "SsdRT_oo": [0.0, 0.03496526784691337, 0.0473109476589628, 0.02723947700282332], "DRT_OKoo": [0.8845776080935498, 0.8695882569406838, 0.821352990620378, 1.048120508856991], "DsdRT_OKoo": [0.047828213150969565, 0.03432715012810367, 0.014577147475360316, 0.0008201784118227438], "SRT_OKoo": [0.8520742413198453, 0.9011026843039893, 0.9138340134393249, 1.0421227432603253], "SsdRT_OKoo": [0.018251562364717352, 0.04627949969638509, 0.035348677080032455, 0.0], "RT_no": [0.8511021780191272, 0.8867546249064199, 1.0820482183918805, 1.217522791172725], "sdRT_no": [0.027824644195042478, 0.06701896942516536, 0.10345198662499679, 0.08622735827899239], "RT_noNOK": [NaN, NaN, 1.2996553900540706, 1.3747034025747176], "sdRT_noNOK": [NaN, NaN, 0.0, 0.20932431054154776], "Doptout": [10.0, 30.0, 50.0, 60.0], "Dse_optout": [6.708203932499369, 10.246950765959598, 11.180339887498949, 10.954451150103322], "Soptout": [15.0, 35.0, 75.0, 90.0], "Sse_optout": [7.984359711335657, 10.66536450385077, 9.682458365518542, 6.708203932499368]}