{"Hno": -0.04665037945334935, "Sigma": 0.0881147886915149, "signed_st": [-0.14, -0.1, -0.06, -0.02, 0.02, 0.06, 0.1, 0.14], "m_right_No": [0.1, 0.1, 0.8, 0.6, 0.7, 0.9, 0.9, 1.0], "se_right_No": [0.09486832980505139, 0.09486832980505139, 0.12649110640673517, 0.15491933384829668, 0.14491376746189438, 0.09486832980505137, 0.09486832980505137, 0.0], "x_lr": [-0.2, -0.19, -0.18, -0.16999999999999998, -0.15999999999999998, -0.14999999999999997, -0.13999999999999996, -0.12999999999999995, -0.11999999999999994, -0.10999999999999993, -0.09999999999999992, -0.08999999999999991, -0.0799999999999999, -0.0699999999999999, -0.05999999999999989, -0.04999999999999988, -0.03999999999999987, -0.02999999999999986, -0.01999999999999985, -0.009999999999999842, 1.6653345369377348e-16, 0.010000000000000175, 0.020000000000000184, 0.030000000000000193, 0.0400000000000002, 0.05000000000000021, 0.06000000000000022, 0.07000000000000023, 0.08000000000000024, 0.09000000000000025, 0.10000000000000026, 0.11000000000000026, 0.12000000000000027, 0.13000000000000028, 0.1400000000000003, 0.1500000000000003, 0.1600000000000003, 0.17000000000000032, 0.18000000000000033, 0.19000000000000034], "y_pr_no": [0.04089973765041504, 0.05188438740020331, 0.06509379722146574, 0.08077549453603, 0.09915421079161063, 0.12041844433065735, 0.14470672369848125, 0.17209446535007195, 0.2025824104077676, 0.2360876356767796, 0.27243805210942046, 0.3113711264193446, 0.352537296802685, 0.39550822121690127, 0.439789625701231, 0.48483814688764826, 0.5300812258116968, 0.5749388457674662, 0.618845744580402, 0.6612726895995928, 0.701745486714362, 0.7398605933676755, 0.7752964975715787, 0.8078203781854914, 0.8372899385164336, 0.8636506673066783, 0.886929094120598, 0.9072228437030453, 0.9246884402030958, 0.9395278627850866, 0.951974815368536, 0.9622815600868031, 0.9707069974403902, 0.9775064795709334, 0.9829236396164281, 0.9871843296636755, 0.9904925974802822, 0.9930285073840489, 0.9949475270212266, 0.9963811582581042], "pearson_chi2": 77.24566766369509, "mean_perf_no": 73.75, "mse_no": 0.02844560724066511}