{"HRopt_": 0.0716918382513216, "SO_HRopt_": 0.11997731253241116, "xhat": [-0.2, -0.15000000000000002, -0.10000000000000003, -0.050000000000000044, -5.551115123125783e-17, 0.04999999999999993, 0.09999999999999992, 0.1499999999999999], "theo_pR": [0.029966695751082573, 0.07272405459865405, 0.1514310093097735, 0.2726455465861104, 0.4288325036109204, 0.5972117918418046, 0.7490874005964014, 0.8637021862522041], "partid": 3078, "sessionid": 9, "part_sessid": "3078_9"}