{"HRopt_": 0.02832052970827663, "SO_HRopt_": 0.048465593700644224, "xhat": [-0.2, -0.15000000000000002, -0.10000000000000003, -0.050000000000000044, -5.551115123125783e-17, 0.04999999999999993, 0.09999999999999992, 0.1499999999999999], "theo_pR": [1.1879812443105209e-05, 0.0006719583278431696, 0.014386047547161772, 0.12165418663016114, 0.441597738241121, 0.8086461517477191, 0.9708048301027601, 0.9982077964381286], "partid": 3062, "sessionid": 9, "part_sessid": "3062_9"}