{"HRopt_": 0.031594701499624914, "SO_HRopt_": 0.07383838255798995, "xhat": [-0.2, -0.15000000000000002, -0.10000000000000003, -0.050000000000000044, -5.551115123125783e-17, 0.04999999999999993, 0.09999999999999992, 0.1499999999999999], "theo_pR": [0.034232226228173346, 0.09084004726460315, 0.19786772796797936, 0.3583306914116822, 0.5491101187258576, 0.7289866598279984, 0.8634800588257283, 0.9432238945787392], "partid": 3061, "sessionid": 9, "part_sessid": "3061_9"}