{"Dperf_oo": [75.0, 84.61538461538461, 82.3529411764706, 40.0], "Dse_perf_oo": [10.825317547305483, 10.006825162892168, 9.245944094039714, 12.649110640673516], "Sperf_oo": [100.0, 86.66666666666667, 54.54545454545455, 54.54545454545455], "Sse_perf_oo": [0.0, 8.77707451472511, 15.0131422517231, 15.0131422517231], "perf_no": [75.0, 75.0, 65.0, 55.0], "se_perf_no": [9.682458365518542, 9.682458365518542, 10.66536450385077, 11.124297730643494], "Dn_trials_oo": [16, 13, 17, 15], "Sn_trials_oo": [16, 15, 11, 11], "NOn_trials": [20, 20, 20, 20], "DRT_oo": [0.9144118564047609, 0.9231805629788583, 0.936169383573785, 1.359060440049912], "DsdRT_oo": [0.033663482095150486, 0.009904938357341077, 0.0, 0.16781634152859562], "SRT_oo": [1.2347619365757805, 1.1929672189559655, 1.094145287724895, 0.9117840281489175], "SsdRT_oo": [0.011056921432413705, 0.06979890432922892, 0.11318304347451366, 0.1268687402160247], "DRT_OKoo": [0.9981154240156727, 0.925875200427555, 0.9242495100659684, 0.9737829592018792], "DsdRT_OKoo": [0.0469095528867464, 0.0405146214549668, 0.13243978090255687, 0.06239779575208643], "SRT_OKoo": [0.93540942900409, 0.9798291911633326, 1.0010884331016723, 0.8925708177445264], "SsdRT_OKoo": [0.03864922647367061, 0.07243465493042822, 0.0022911998187325183, 0.07495609029144396], "RT_no": [1.0191408337786818, 1.1082921343309737, 0.9547813112418082, 0.9990201318368185], "sdRT_no": [0.0789639480680555, 0.04252491369331128, 0.06516493847555459, 0.1316606191694276], "RT_noNOK": [1.2739288259398087, 0.9252850525566398, 1.050268350258301, 1.0871748619276607], "sdRT_noNOK": [0.03304967263496423, 0.0, 0.0072908970178841995, 0.17330722207374405], "Doptout": [20.0, 35.0, 15.0, 25.0], "Dse_optout": [8.944271909999161, 10.66536450385077, 7.984359711335657, 9.682458365518542], "Soptout": [20.0, 25.0, 45.0, 45.0], "Sse_optout": [8.944271909999161, 9.682458365518542, 11.124297730643494, 11.124297730643494]}