{"Dperf_oo": [95.0, 75.0, 50.0, 55.0], "Dse_perf_oo": [4.873397172404484, 9.682458365518542, 11.180339887498949, 11.124297730643494], "Sperf_oo": [85.0, 70.0, 65.0, 50.0], "Sse_perf_oo": [7.984359711335657, 10.2469507659596, 10.66536450385077, 11.180339887498949], "perf_no": [75.0, 70.0, 55.0, 35.0], "se_perf_no": [9.682458365518542, 10.2469507659596, 11.124297730643494, 10.66536450385077], "Dn_trials_oo": [20, 20, 20, 20], "Sn_trials_oo": [20, 20, 20, 20], "NOn_trials": [20, 20, 20, 20], "DRT_oo": [NaN, NaN, NaN, NaN], "DsdRT_oo": [NaN, NaN, NaN, NaN], "SRT_oo": [NaN, NaN, NaN, NaN], "SsdRT_oo": [NaN, NaN, NaN, NaN], "DRT_OKoo": [1.0988766304609443, 1.0943012698889276, 1.098240964195581, 1.1207047635413578], "DsdRT_OKoo": [0.07492866536559936, 0.07218576761839772, 0.037561083648147565, 0.03845994978268073], "SRT_OKoo": [0.9206602309869656, 0.9575432396699413, 0.8968568637517738, 0.9011125955257003], "SsdRT_OKoo": [0.0525644764379785, 0.06501191463940735, 0.04561703642612844, 0.062201934137937794], "RT_no": [0.7593159225471432, 0.9235620295325306, 1.074498649657444, 0.7602424869327037], "sdRT_no": [0.02208911002561204, 0.036805440675991875, 0.062430912066851606, 0.21837639033841175], "RT_noNOK": [1.8151899097876132, 0.8946912888546489, 1.021770671724628, 1.0806757455611804], "sdRT_noNOK": [0.5564288484709933, 0.2092952913511268, 0.20768885914582458, 0.08522277499125334], "Doptout": [0.0, 0.0, 0.0, 0.0], "Dse_optout": [0.0, 0.0, 0.0, 0.0], "Soptout": [0.0, 0.0, 0.0, 0.0], "Sse_optout": [0.0, 0.0, 0.0, 0.0]}