{"Dperf_oo": [94.73684210526316, 76.47058823529412, 73.33333333333333, 69.23076923076923], "Dse_perf_oo": [5.122781719918815, 10.287936849355368, 11.417984514369005, 12.800773759043748], "Sperf_oo": [89.47368421052632, 93.75, 86.66666666666667, 76.47058823529412], "Sse_perf_oo": [7.040590042736196, 6.051536478449089, 8.77707451472511, 10.287936849355368], "perf_no": [90.0, 80.0, 70.0, 65.0], "se_perf_no": [6.708203932499368, 8.944271909999157, 10.2469507659596, 10.66536450385077], "Dn_trials_oo": [19, 17, 15, 13], "Sn_trials_oo": [19, 16, 15, 17], "NOn_trials": [20, 20, 20, 20], "DRT_oo": [1.5238458812338176, 1.429748626471926, 1.7195585405502012, 1.6931040054484308], "DsdRT_oo": [NaN, 0.0, 0.015364747236709294, 0.31254367414312595], "SRT_oo": [1.340081096680529, 1.4516014758587927, 1.3260628071109082, 1.4132334582068695], "SsdRT_oo": [NaN, 0.0, 0.0523966254619722, 0.0], "DRT_OKoo": [1.0314310965463223, 0.9559469396833665, 1.0805914096135367, 1.1646598775928823], "DsdRT_OKoo": [0.03159907899921576, 0.09764531128222202, 0.08679155740423154, 0.007451458582145842], "SRT_OKoo": [0.8037955308213888, 0.8694022278879265, 0.9972933282931309, 0.940209036263596], "SsdRT_OKoo": [0.049810738456078606, 0.015553336844264146, 0.025647762157265462, 0.03595557060015488], "RT_no": [0.8688553907732638, 0.9643799244542343, 0.9037188361929333, 0.9412408042533829], "sdRT_no": [0.028353243861426746, 0.07543085663412269, 0.03797695303189741, 0.08515010383076763], "RT_noNOK": [1.8170468731455458, 1.4179451993875525, 1.0976740506733547, 1.2055041390609], "sdRT_noNOK": [0.0, 0.6360076763525628, 0.0593318952040359, 0.004614939877740753], "Doptout": [5.0, 15.0, 25.0, 35.0], "Dse_optout": [4.873397172404482, 7.984359711335657, 9.682458365518542, 10.66536450385077], "Soptout": [5.0, 20.0, 25.0, 15.0], "Sse_optout": [4.873397172404482, 8.944271909999161, 9.682458365518542, 7.984359711335657]}