{"Dperf_oo": [100.0, 100.0, 87.5, 50.0], "Dse_perf_oo": [0.0, 0.0, 8.267972847076846, 14.433756729740644], "Sperf_oo": [91.66666666666667, 90.9090909090909, 93.33333333333333, 53.333333333333336], "Sse_perf_oo": [7.978559231302815, 8.667841720414476, 6.440611887195311, 12.881223774390612], "perf_no": [95.0, 85.0, 70.0, 55.0], "se_perf_no": [4.873397172404484, 7.984359711335657, 10.2469507659596, 11.124297730643494], "Dn_trials_oo": [18, 15, 16, 12], "Sn_trials_oo": [12, 11, 15, 15], "NOn_trials": [20, 20, 20, 20], "DRT_oo": [1.9071232301260739, 1.9269736917179834, 1.829413200681619, 2.617209410576851], "DsdRT_oo": [0.0, 0.2983544526551915, 0.0, 0.5894625317315294], "SRT_oo": [1.6735701877023588, 1.6081740868391015, 1.2379273540565852, 1.4372665235945568], "SsdRT_oo": [0.051737414021750805, 0.1124112883460456, 0.14776146518124783, 0.0], "DRT_OKoo": [0.8746749781544592, 0.8996661784533118, 0.9190028499559578, 0.9912087974248288], "DsdRT_OKoo": [0.045476866087781016, 0.06939024582580779, 0.02866151642885775, 0.040401257806918126], "SRT_OKoo": [0.8664713696925427, 0.9011110354412768, 1.0388521760652483, 0.8979658457409432], "SsdRT_OKoo": [0.017118117777064, 0.03535719685165977, 0.0675619509075379, 0.07598369158931322], "RT_no": [0.8767585243873414, 0.9136265058756217, 0.9346606715162719, 0.946299008757942], "sdRT_no": [0.05705129426754076, 0.10003279348816069, 0.02700456470034719, 0.19036086521961176], "RT_noNOK": [2.928319196983942, 0.9136889555030173, 1.096612392294925, 2.3934098625067985], "sdRT_noNOK": [NaN, 0.0, 0.25896444714777184, 0.2008803243695185], "Doptout": [10.0, 25.0, 20.0, 40.0], "Dse_optout": [6.708203932499369, 9.682458365518542, 8.944271909999161, 10.954451150103322], "Soptout": [40.0, 45.0, 25.0, 25.0], "Sse_optout": [10.954451150103322, 11.124297730643494, 9.682458365518542, 9.682458365518542]}