{"in_or_out": "OK", "DHR_oo": 0.025800689372530168, "DHL_oo": -0.04822126375439631, "Dsigma_oo": 0.1099849084544372, "Dsigned_st": [-0.14, -0.1, -0.06, -0.02, 0.02, 0.06, 0.1, 0.14], "Dm_right_oob": [0.1, 0.1, 0.2, 0.2, 0.6, 0.6, 0.6, 1.0], "Dm_left_oob": [0.8, 0.7, 0.5, 0.3, 0.2, 0.2, 0.3, 0.0], "Dm_opt_oob": [0.1, 0.2, 0.3, 0.5, 0.2, 0.2, 0.1, 0.0], "Dse_right_oob": [0.09486832980505139, 0.09486832980505139, 0.1264911064067352, 0.1264911064067352, 0.15491933384829668, 0.15491933384829668, 0.15491933384829668, 0.0], "Dse_left_oob": [0.12649110640673517, 0.14491376746189438, 0.15811388300841897, 0.14491376746189438, 0.1264911064067352, 0.1264911064067352, 0.14491376746189438, 0.0], "Dse_opt_oob": [0.09486832980505139, 0.1264911064067352, 0.14491376746189438, 0.15811388300841897, 0.1264911064067352, 0.1264911064067352, 0.09486832980505139, 0.0], "x_fit": [-0.2, -0.19183673469387758, -0.1836734693877551, -0.17551020408163265, -0.1673469387755102, -0.15918367346938778, -0.1510204081632653, -0.14285714285714285, -0.1346938775510204, -0.12653061224489798, -0.11836734693877551, -0.11020408163265306, -0.10204081632653061, -0.09387755102040816, -0.08571428571428572, -0.07755102040816327, -0.06938775510204082, -0.06122448979591838, -0.053061224489795916, -0.04489795918367345, -0.03673469387755102, -0.02857142857142858, -0.020408163265306117, -0.012244897959183654, -0.004081632653061218, 0.004081632653061218, 0.012244897959183682, 0.020408163265306145, 0.02857142857142858, 0.03673469387755102, 0.04489795918367348, 0.053061224489795944, 0.06122448979591838, 0.06938775510204082, 0.07755102040816325, 0.08571428571428574, 0.09387755102040818, 0.10204081632653061, 0.1102040816326531, 0.11836734693877554, 0.12653061224489798, 0.1346938775510204, 0.14285714285714285, 0.15102040816326534, 0.15918367346938778, 0.1673469387755102, 0.1755102040816327, 0.18367346938775514, 0.19183673469387758, 0.2], "DyR_fit": [0.020035551436539206, 0.023919629230119956, 0.02841787541065895, 0.03359879855753362, 0.03953323810859823, 0.04629345922090274, 0.05395208275449026, 0.06258085832161948, 0.07224929494952442, 0.08302317081217397, 0.09496295041386787, 0.1081221442359177, 0.12254565184444477, 0.13826813445309577, 0.15531246660248016, 0.1736883186549169, 0.1933909219593275, 0.21440006664094757, 0.236679377928245, 0.2601759107617504, 0.2848200942627643, 0.31052604771063175, 0.3371922783262733, 0.36470275881907166, 0.3929283698282903, 0.42172867963067545, 0.4509540213632544, 0.48044781708286816, 0.5100490887663985, 0.5395950892896246, 0.5689239818509201, 0.597877494452147, 0.6263034770041549, 0.6540582923413342, 0.6810089787265907, 0.7070351299985501, 0.7320304499442791, 0.7559039492789921, 0.7785807662314241, 0.8000026045998039, 0.8201277956976114, 0.8389310023281458, 0.8564025933546712, 0.8725477261967032, 0.8873851814118168, 0.9009459982542629, 0.9132719626851837, 0.9244139997982963, 0.9344305211680604, 0.94338577445236], "DyL_fit": [0.9162060653148181, 0.9041853451991764, 0.8909418813947527, 0.8764314166227896, 0.8606200398315937, 0.8434857273060328, 0.8250197494343073, 0.8052278913394197, 0.7841314376262967, 0.7617678756834222, 0.7381912782860535, 0.7134723345428384, 0.6876980082650107, 0.6609708142698993, 0.6334077155205133, 0.6051386568421768, 0.5763047636916387, 0.5470562465131128, 0.517550062043014, 0.4879473920100551, 0.4584110065841208, 0.42910258432071835, 0.40018006201285694, 0.371795086717167, 0.3440906383221821, 0.3171988845649214, 0.29123932169142286, 0.2663172434165233, 0.24252256896686186, 0.21992904833895632, 0.19859385004164853, 0.17855752407855396, 0.15984432128018877, 0.142462839769673, 0.12640696070573432, 0.1116570287559897, 0.09818122816661345, 0.08593710285557998, 0.07487316860500726, 0.06493056700922417, 0.05604471411663936, 0.048146901393600894, 0.04116581240692485, 0.035028925120542675, 0.029663776584692547, 0.02499907373682886, 0.020965640739794678, 0.017497199507954808, 0.014530985621558745, 0.012008206565074175], "DyO_fit": [0.06375838324864269, 0.07189502557070371, 0.08064024319458829, 0.08996978481967677, 0.09984672205980805, 0.11022081347306445, 0.1210281678112024, 0.13219125033896073, 0.14361926742417896, 0.15520895350440378, 0.16684577130007872, 0.17840552122124387, 0.18975633989054452, 0.20076105127700483, 0.21127981787700656, 0.2211730245029062, 0.23030431434903376, 0.23854368684593963, 0.24577056002874098, 0.2518766972281945, 0.25676889915311485, 0.2603713679686499, 0.26262765966086976, 0.26350215446376135, 0.2629809918495275, 0.2610724358044032, 0.2578066569453228, 0.2532349395006086, 0.2474283422667396, 0.24047586237141905, 0.2324821681074314, 0.22356498146929904, 0.21385220171565633, 0.20347886788899283, 0.19258406056767496, 0.18130784124546018, 0.16978832188910742, 0.15815894786542795, 0.1465460651635686, 0.13506682839097195, 0.12382749018574923, 0.11292209627825334, 0.10243159423840398, 0.09242334868275415, 0.08295104200349068, 0.07405492800890823, 0.06576239657502159, 0.05808880069374889, 0.0510384932103809, 0.044606018982565776], "DyR_fit_stim": [0.06584308852955499, 0.12635338717342076, 0.21766209566937117, 0.33854877436094655, 0.4789692250070713, 0.6220789671463588, 0.7500451202104568, 0.8504389853036566], "DyL_fit_stim": [0.7979909588012881, 0.6811012091331969, 0.5426428413857067, 0.39874681908954845, 0.2675372544273261, 0.162566443086542, 0.08888534137069892, 0.04350944273092405], "DyO_fit_stim": [0.13616595266915688, 0.19254540369338224, 0.23969506294492215, 0.262704406549505, 0.2534935205656026, 0.2153545897670992, 0.1610695384188443, 0.10605157196541937], "n": 80, "Dmse": 0.037520936304689244, "Dexito": true, "Dmean_perf_oo": 79.6875, "Dmean_oo": 20.0, "DFit": 1}