{"in_or_out": "OK", "DHR_oo": 0.0858350067972989, "DHL_oo": -0.08506694048078313, "Dsigma_oo": 0.08931786340167797, "Dsigned_st": [-0.14, -0.1, -0.06, -0.02, 0.02, 0.06, 0.1, 0.14], "Dm_right_oob": [0.0, 0.0, 0.1, 0.0, 0.3, 0.4, 0.6, 0.7], "Dm_left_oob": [0.8, 0.6, 0.1, 0.4, 0.1, 0.0, 0.1, 0.0], "Dm_opt_oob": [0.2, 0.4, 0.8, 0.6, 0.6, 0.6, 0.3, 0.3], "Dse_right_oob": [0.0, 0.0, 0.09486832980505139, 0.0, 0.14491376746189438, 0.15491933384829668, 0.15491933384829668, 0.14491376746189438], "Dse_left_oob": [0.12649110640673517, 0.15491933384829668, 0.09486832980505139, 0.15491933384829668, 0.09486832980505139, 0.0, 0.09486832980505139, 0.0], "Dse_opt_oob": [0.1264911064067352, 0.15491933384829668, 0.12649110640673517, 0.15491933384829668, 0.15491933384829668, 0.15491933384829668, 0.14491376746189438, 0.14491376746189438], "x_fit": [-0.2, -0.19183673469387758, -0.1836734693877551, -0.17551020408163265, -0.1673469387755102, -0.15918367346938778, -0.1510204081632653, -0.14285714285714285, -0.1346938775510204, -0.12653061224489798, -0.11836734693877551, -0.11020408163265306, -0.10204081632653061, -0.09387755102040816, -0.08571428571428572, -0.07755102040816327, -0.06938775510204082, -0.06122448979591838, -0.053061224489795916, -0.04489795918367345, -0.03673469387755102, -0.02857142857142858, -0.020408163265306117, -0.012244897959183654, -0.004081632653061218, 0.004081632653061218, 0.012244897959183682, 0.020408163265306145, 0.02857142857142858, 0.03673469387755102, 0.04489795918367348, 0.053061224489795944, 0.06122448979591838, 0.06938775510204082, 0.07755102040816325, 0.08571428571428574, 0.09387755102040818, 0.10204081632653061, 0.1102040816326531, 0.11836734693877554, 0.12653061224489798, 0.1346938775510204, 0.14285714285714285, 0.15102040816326534, 0.15918367346938778, 0.1673469387755102, 0.1755102040816327, 0.18367346938775514, 0.19183673469387758, 0.2], "DyR_fit": [0.0006866617972804881, 0.0009392310624585352, 0.0012747301639655555, 0.0017166840963174547, 0.002294031775461411, 0.0030419818808144817, 0.004002891659512845, 0.005227133958578486, 0.006773908201961927, 0.008711941640400353, 0.01112001872160606, 0.01408726973675194, 0.017713145962098574, 0.022107008315615663, 0.027387261003283838, 0.033679971485684995, 0.04111693382418459, 0.0498331541599674, 0.05996376436359773, 0.07164040186580695, 0.08498712889376947, 0.1001160008278586, 0.11712242877012563, 0.1360805130008293, 0.15703854902481373, 0.18001492374573852, 0.20499462371104743, 0.23192656873293555, 0.26072196174202783, 0.2912538097000552, 0.32335772208765834, 0.3568340352500153, 0.3914512460175323, 0.42695067053168045, 0.46305217852995517, 0.4994607939817154, 0.5358739041159892, 0.5719887840742435, 0.6075101262089393, 0.6421572627798688, 0.6756707884947085, 0.707818323688621, 0.7383992074196313, 0.7672479688656187, 0.7942364909621642, 0.8192748477189409, 0.8423108616557482, 0.8633284862802696, 0.8823451671720965, 0.8994083716552042], "DyL_fit": [0.9009157186921621, 0.8840329026453971, 0.865202478543656, 0.8443743570153235, 0.8215281086545745, 0.7966765018618203, 0.7698682285403533, 0.7411896249265074, 0.7107652300125902, 0.6787570716000232, 0.6453626277036351, 0.6108114755803549, 0.5753607081045595, 0.5392892631423192, 0.5028913714781977, 0.4664693784924908, 0.43032623058969066, 0.3947579367162066, 0.3600463167468433, 0.3264523319582977, 0.29421025946985235, 0.26352292486463935, 0.23455814866053104, 0.20744649702771767, 0.18228035964053735, 0.15911431225911077, 0.1379666626255751, 0.11882202889974947, 0.10163476260091919, 0.08633300426984403, 0.0728231501461869, 0.06099451139130174, 0.05072396223445985, 0.04188039768937357, 0.03432885257340257, 0.027934168698445894, 0.022564133595985192, 0.018092049563616763, 0.014398724168461552, 0.01137390111532055, 0.00891717263122338, 0.006938430810717433, 0.005357925759771454, 0.004106003310821893, 0.0031225952831795967, 0.002356531636051429, 0.0017647373870450789, 0.0013113688176704663, 0.0009669341496050254, 0.0007074343140052175], "DyO_fit": [0.09839761951055737, 0.11502786629214434, 0.13352279129237854, 0.1539089588883591, 0.17617785956996412, 0.20028151625736523, 0.22612887980013385, 0.25358324111491415, 0.28246086178544794, 0.31253098675957647, 0.3435173535747589, 0.37510125468289324, 0.40692614593334187, 0.4386037285420652, 0.46972136751851845, 0.49985065002182416, 0.5285568355861248, 0.555408909123826, 0.579989918889559, 0.6019072661758953, 0.6208026116363782, 0.6363610743075021, 0.6483194225693434, 0.656472989971453, 0.6606810913346489, 0.6608707639951508, 0.6570387136633775, 0.649251402367315, 0.637643275657053, 0.6224131860301008, 0.6038191277661548, 0.582171453358683, 0.5578247917480078, 0.531168931778946, 0.5026189688966423, 0.4726050373198387, 0.4415619622880256, 0.40991916636213976, 0.37809114962259915, 0.3464688361048106, 0.3154120388740681, 0.2852432455006616, 0.25624286682059727, 0.22864602782355936, 0.2026409137546562, 0.1783686206450077, 0.15592440095720672, 0.13536014490205994, 0.11668789867829843, 0.09988419403079063], "DyR_fit_stim": [0.005728506283410021, 0.018735133517121704, 0.05125930308640141, 0.11802346790236673, 0.23053482146401233, 0.38619582918147927, 0.5630043691044198, 0.7278852300715978], "DyL_fit_stim": [0.730732153852651, 0.5663897498905617, 0.3894899372573044, 0.23315763125618083, 0.11973228028734595, 0.052170307756897794, 0.019132549617833394, 0.005870369220214222], "DyO_fit_stim": [0.26353933986393896, 0.4148751165923166, 0.5592507596562942, 0.6488189008414524, 0.6497328982486417, 0.5616338630616229, 0.41786308127774685, 0.266244400708188], "n": 80, "Dmse": 0.03911388399425276, "Dexito": true, "Dmean_perf_oo": 92.85714285714286, "Dmean_oo": 47.5, "DFit": 1}