{"in_or_out": "OK", "DHR_oo": 0.06044750385506019, "DHL_oo": -0.008959208328332654, "Dsigma_oo": 0.06765659687188351, "Dsigned_st": [-0.14, -0.1, -0.06, -0.02, 0.02, 0.06, 0.1, 0.14], "Dm_right_oob": [0.0, 0.0, 0.0, 0.1, 0.3, 0.4, 0.8, 0.9], "Dm_left_oob": [1.0, 0.9, 0.7, 0.5, 0.3, 0.3, 0.1, 0.0], "Dm_opt_oob": [0.0, 0.1, 0.3, 0.4, 0.4, 0.3, 0.1, 0.1], "Dse_right_oob": [0.0, 0.0, 0.0, 0.09486832980505139, 0.14491376746189438, 0.15491933384829668, 0.12649110640673517, 0.09486832980505137], "Dse_left_oob": [0.0, 0.09486832980505137, 0.14491376746189438, 0.15811388300841897, 0.14491376746189438, 0.14491376746189438, 0.09486832980505139, 0.0], "Dse_opt_oob": [0.0, 0.09486832980505139, 0.14491376746189438, 0.15491933384829668, 0.15491933384829668, 0.14491376746189438, 0.09486832980505139, 0.09486832980505139], "x_fit": [-0.2, -0.19183673469387758, -0.1836734693877551, -0.17551020408163265, -0.1673469387755102, -0.15918367346938778, -0.1510204081632653, -0.14285714285714285, -0.1346938775510204, -0.12653061224489798, -0.11836734693877551, -0.11020408163265306, -0.10204081632653061, -0.09387755102040816, -0.08571428571428572, -0.07755102040816327, -0.06938775510204082, -0.06122448979591838, -0.053061224489795916, -0.04489795918367345, -0.03673469387755102, -0.02857142857142858, -0.020408163265306117, -0.012244897959183654, -0.004081632653061218, 0.004081632653061218, 0.012244897959183682, 0.020408163265306145, 0.02857142857142858, 0.03673469387755102, 0.04489795918367348, 0.053061224489795944, 0.06122448979591838, 0.06938775510204082, 0.07755102040816325, 0.08571428571428574, 0.09387755102040818, 0.10204081632653061, 0.1102040816326531, 0.11836734693877554, 0.12653061224489798, 0.1346938775510204, 0.14285714285714285, 0.15102040816326534, 0.15918367346938778, 0.1673469387755102, 0.1755102040816327, 0.18367346938775514, 0.19183673469387758, 0.2], "DyR_fit": [5.916733003718674e-05, 9.616123580476172e-05, 0.00015414295815963338, 0.0002437077016760161, 0.00038006177445925807, 0.0005846516793193881, 0.0008871934530435609, 0.0013281253977749112, 0.001961474048748166, 0.002858075031964248, 0.004109027045448342, 0.005829180423412086, 0.008160376377830021, 0.011274067140178163, 0.015372872243236128, 0.020690576174434875, 0.02749006302104284, 0.03605872919151861, 0.046701027114140745, 0.059727975962405075, 0.0754437259643131, 0.09412956597304811, 0.11602609377225526, 0.1413145893606944, 0.17009890119079957, 0.2023893309462524, 0.2380900462609421, 0.2769914372337344, 0.3187685539571625, 0.3629863322829977, 0.40911176939417393, 0.45653260408227614, 0.5045814561170755, 0.5525638554941128, 0.5997882098816235, 0.6455955653751829, 0.6893870363530099, 0.730647012158226, 0.7689606619860123, 0.8040248028848491, 0.8356518029463703, 0.8637667917185101, 0.888398977214542, 0.9096682721722171, 0.9277686798011711, 0.9429499716415259, 0.9554991188214856, 0.9657227413115842, 0.9739315569554013, 0.980427486459431], "DyL_fit": [0.997626235272915, 0.996564429282907, 0.995093761811415, 0.9930862001808295, 0.9903853009928812, 0.9868040648992579, 0.9821240996785982, 0.9760965972310411, 0.9684456137361713, 0.958874064508845, 0.9470726975565936, 0.9327320917157789, 0.9155574457534614, 0.8952856043916626, 0.8717034369862131, 0.8446663840005046, 0.8141157587568082, 0.7800932784364483, 0.742751331336699, 0.7023576841933226, 0.6592936911649779, 0.6140455599298567, 0.5671888144486652, 0.5193667063772333, 0.4712638976646699, 0.42357719680349293, 0.37698542327894813, 0.33212056194585426, 0.2895422401872231, 0.2497172322547998, 0.21300520870152728, 0.17965136451085661, 0.14978594724130634, 0.12343013554917004, 0.10050724814300693, 0.08085793557062337, 0.06425784282986713, 0.050436228242833114, 0.03909416271792121, 0.02992117879749656, 0.022609548613223618, 0.016865701072004136, 0.012418603173303455, 0.009025199130814343, 0.00647320571766119, 0.004581695830712773, 0.003199967159785211, 0.0022051987012832175, 0.0014993586080989108, 0.0010057579651240323], "DyO_fit": [0.0023145973970477574, 0.0033394094812881914, 0.004752095230425413, 0.006670092117494475, 0.009234637232659493, 0.012611283421422703, 0.016988706868358294, 0.02257527737118392, 0.029592912215080536, 0.03826786045919073, 0.04881827539795802, 0.06143872786080906, 0.0762821778687085, 0.0934403284681592, 0.11292369077055076, 0.13464303982506043, 0.15839417822214896, 0.1838479923720331, 0.21054764154916028, 0.23791433984427235, 0.2652625828707089, 0.29182487409709523, 0.31678509177907954, 0.33931870426207233, 0.35863720114453046, 0.37403347225025474, 0.38492453046010977, 0.3908880008204113, 0.3916892058556144, 0.3872964354622025, 0.3778830219042988, 0.36381603140686725, 0.34563259664161816, 0.32400600895671716, 0.29970454197536955, 0.2735464990541937, 0.24635512081712296, 0.21891675959894086, 0.19194517529606647, 0.16605401831765432, 0.14173864844040607, 0.11936750720948575, 0.09918241961215457, 0.08130652869696853, 0.06575811448116775, 0.052468332527761286, 0.04130091401872915, 0.032072059987132584, 0.024569084436499744, 0.01856675557544496], "DyR_fit_stim": [0.0015246726410815539, 0.008858064310398596, 0.03751529480487699, 0.11720875334141295, 0.27497490742529884, 0.49736127864930996, 0.7205938808914658, 0.8801681191100528], "DyL_fit_stim": [0.9736182602741846, 0.9107891720212542, 0.7746983699085673, 0.5648150660469099, 0.33431380461453486, 0.1540413687921237, 0.053647179287822144, 0.013843421053494231], "DyO_fit_stim": [0.024857067084733786, 0.0803527636683472, 0.18778633528655564, 0.3179761806116771, 0.3907112879601663, 0.3485973525585663, 0.22575893982071205, 0.105988459836453], "n": 80, "Dmse": 0.015437686559538694, "Dexito": true, "Dmean_perf_oo": 87.3015873015873, "Dmean_oo": 21.25, "DFit": 1}