{"in_or_out": "OK", "DHR_oo": 0.15639961795943524, "DHL_oo": -0.2633007786225817, "Dsigma_oo": 0.18379936303773584, "Dsigned_st": [-0.14, -0.1, -0.06, -0.02, 0.02, 0.06, 0.1, 0.14], "Dm_right_oob": [0.0, 0.1, 0.1, 0.2, 0.1, 0.6, 0.3, 0.4], "Dm_left_oob": [0.3, 0.2, 0.0, 0.2, 0.0, 0.0, 0.0, 0.1], "Dm_opt_oob": [0.7, 0.7, 0.9, 0.6, 0.9, 0.4, 0.7, 0.5], "Dse_right_oob": [0.0, 0.09486832980505139, 0.09486832980505139, 0.1264911064067352, 0.09486832980505139, 0.15491933384829668, 0.14491376746189438, 0.15491933384829668], "Dse_left_oob": [0.14491376746189438, 0.1264911064067352, 0.0, 0.1264911064067352, 0.0, 0.0, 0.0, 0.09486832980505139], "Dse_opt_oob": [0.14491376746189438, 0.14491376746189438, 0.09486832980505137, 0.15491933384829668, 0.09486832980505137, 0.15491933384829668, 0.14491376746189438, 0.15811388300841897], "x_fit": [-0.2, -0.19183673469387758, -0.1836734693877551, -0.17551020408163265, -0.1673469387755102, -0.15918367346938778, -0.1510204081632653, -0.14285714285714285, -0.1346938775510204, -0.12653061224489798, -0.11836734693877551, -0.11020408163265306, -0.10204081632653061, -0.09387755102040816, -0.08571428571428572, -0.07755102040816327, -0.06938775510204082, -0.06122448979591838, -0.053061224489795916, -0.04489795918367345, -0.03673469387755102, -0.02857142857142858, -0.020408163265306117, -0.012244897959183654, -0.004081632653061218, 0.004081632653061218, 0.012244897959183682, 0.020408163265306145, 0.02857142857142858, 0.03673469387755102, 0.04489795918367348, 0.053061224489795944, 0.06122448979591838, 0.06938775510204082, 0.07755102040816325, 0.08571428571428574, 0.09387755102040818, 0.10204081632653061, 0.1102040816326531, 0.11836734693877554, 0.12653061224489798, 0.1346938775510204, 0.14285714285714285, 0.15102040816326534, 0.15918367346938778, 0.1673469387755102, 0.1755102040816327, 0.18367346938775514, 0.19183673469387758, 0.2], "DyR_fit": [0.026246478071044146, 0.0290690722049769, 0.032139422757763124, 0.03547269619757506, 0.03908427728604996, 0.04298969281331954, 0.04720452780486654, 0.0517443344385649, 0.05662453401916582, 0.0618603124701619, 0.06746650991784724, 0.07345750505778934, 0.07984709510799803, 0.08664837226385053, 0.09387359767528863, 0.10153407406484949, 0.10964001819365188, 0.1182004344594737, 0.12722299097457473, 0.13671389951907575, 0.1466778007968565, 0.15711765643360004, 0.1680346491496052, 0.17942809251240022, 0.1912953516254361, 0.20363177603899896, 0.21643064607810542, 0.22968313367008047, 0.24337827862269884, 0.2575029811535387, 0.27204201130426514, 0.286978035692015, 0.3022916618563063, 0.31796150025666636, 0.33396424376641676, 0.35027476429495286, 0.36686622595770857, 0.3837102140032017, 0.4007768785035168, 0.4180350916216547, 0.4354526170896015, 0.45299629036778283, 0.47063220781259135, 0.4883259230563784, 0.5060426487058348, 0.5237474613917731, 0.5414055081572366, 0.5589822121524398, 0.576443475614586, 0.5937558781479654], "DyL_fit": [0.3652721757861206, 0.3487063115611727, 0.3324240186714955, 0.31645197541277437, 0.30081514079734006, 0.2855366429318764, 0.2706376840073499, 0.2561374624617254, 0.24205311266275042, 0.22839966224516206, 0.21519000702740876, 0.2024349032305267, 0.1901429765291136, 0.17832074728409253, 0.16697267114153824, 0.15610119403328748, 0.14570682048507844, 0.13578819402783004, 0.1263421884183148, 0.11736400830736793, 0.10884729794706638, 0.10078425650270861, 0.09316575853034559, 0.08598147819509361, 0.07922001583830474, 0.0728690255513651, 0.06691534247877717, 0.06134510865138898, 0.05614389624018268, 0.05129682721988116, 0.04678868853768181, 0.04260404199360446, 0.03872732815321822, 0.03514296372893655, 0.03183543198082117, 0.02878936580020308, 0.025989623247906657, 0.023421355422086676, 0.02107006662750721, 0.018921666907555368, 0.016962517081620443, 0.01517946650314772, 0.013559883817303442, 0.012091681051618286, 0.01076333141816832, 0.009563881241989036, 0.008482956457755098, 0.00751076413573426, 0.006638089509132805, 0.00585628897879209], "DyO_fit": [0.6084813461428352, 0.6222246162338504, 0.6354365585707413, 0.6480753283896505, 0.6601005819166099, 0.671473664254804, 0.6821577881877836, 0.6921182030997097, 0.7013223533180838, 0.7097400252846761, 0.717343483054744, 0.7241075917116839, 0.7300099283628884, 0.735030880452057, 0.7391537311831731, 0.742364731901863, 0.7446531613212697, 0.7460113715126963, 0.7464348206071104, 0.7459220921735563, 0.7444749012560771, 0.7420980870636913, 0.7387995923200492, 0.7345904292925062, 0.7294846325362592, 0.723499198409636, 0.7166540114431175, 0.7089717576785306, 0.7004778251371185, 0.6912001916265801, 0.681169300158053, 0.6704179223143805, 0.6589810099904755, 0.6468955360143971, 0.6342003242527621, 0.6209358699048441, 0.6071441507943848, 0.5928684305747116, 0.578153054868976, 0.56304324147079, 0.5475848658287781, 0.5318242431290694, 0.5158079083701053, 0.4995823958920034, 0.48319401987599686, 0.4666886573662379, 0.45011153538500825, 0.4335070237118259, 0.4169184348762812, 0.40038783287324253], "DyR_fit_stim": [0.05341290122335941, 0.08150832460045809, 0.11952418766411255, 0.16859301949972194, 0.22900989640002745, 0.29997136459512896, 0.3794771519672521, 0.46445128976260486], "DyL_fit_stim": [0.2511598205849249, 0.18714317612090592, 0.13434126244013755, 0.09279632246446479, 0.061614734132997895, 0.03928981746680216, 0.02404252091299297, 0.014108911237640909], "DyO_fit_stim": [0.6954272781917157, 0.731348499278636, 0.7461345498957499, 0.7386106580358133, 0.7093753694669747, 0.6607388179380689, 0.5964803271197548, 0.5214397989997542], "n": 80, "Dmse": 0.05441160729967465, "Dexito": false, "Dmean_perf_oo": 80.76923076923077, "Dmean_oo": 67.5, "DFit": 1}