{"in_or_out": "OK", "DHR_oo": 0.08498888831432608, "DHL_oo": -0.14006814828957678, "Dsigma_oo": 0.16129554480242136, "Dsigned_st": [-0.14, -0.1, -0.06, -0.02, 0.02, 0.06, 0.1, 0.14], "Dm_right_oob": [0.1, 0.3, 0.1, 0.2, 0.3, 0.5, 0.4, 0.7], "Dm_left_oob": [0.7, 0.3, 0.3, 0.1, 0.2, 0.1, 0.0, 0.1], "Dm_opt_oob": [0.2, 0.4, 0.6, 0.7, 0.5, 0.4, 0.6, 0.2], "Dse_right_oob": [0.09486832980505139, 0.14491376746189438, 0.09486832980505139, 0.1264911064067352, 0.14491376746189438, 0.15811388300841897, 0.15491933384829668, 0.14491376746189438], "Dse_left_oob": [0.14491376746189438, 0.14491376746189438, 0.14491376746189438, 0.09486832980505139, 0.1264911064067352, 0.09486832980505139, 0.0, 0.09486832980505139], "Dse_opt_oob": [0.1264911064067352, 0.15491933384829668, 0.15491933384829668, 0.14491376746189438, 0.15811388300841897, 0.15491933384829668, 0.15491933384829668, 0.1264911064067352], "x_fit": [-0.2, -0.19183673469387758, -0.1836734693877551, -0.17551020408163265, -0.1673469387755102, -0.15918367346938778, -0.1510204081632653, -0.14285714285714285, -0.1346938775510204, -0.12653061224489798, -0.11836734693877551, -0.11020408163265306, -0.10204081632653061, -0.09387755102040816, -0.08571428571428572, -0.07755102040816327, -0.06938775510204082, -0.06122448979591838, -0.053061224489795916, -0.04489795918367345, -0.03673469387755102, -0.02857142857142858, -0.020408163265306117, -0.012244897959183654, -0.004081632653061218, 0.004081632653061218, 0.012244897959183682, 0.020408163265306145, 0.02857142857142858, 0.03673469387755102, 0.04489795918367348, 0.053061224489795944, 0.06122448979591838, 0.06938775510204082, 0.07755102040816325, 0.08571428571428574, 0.09387755102040818, 0.10204081632653061, 0.1102040816326531, 0.11836734693877554, 0.12653061224489798, 0.1346938775510204, 0.14285714285714285, 0.15102040816326534, 0.15918367346938778, 0.1673469387755102, 0.1755102040816327, 0.18367346938775514, 0.19183673469387758, 0.2], "DyR_fit": [0.038624674462536784, 0.04305693165632598, 0.047891305268881995, 0.053150791092201936, 0.058858136908127794, 0.06503563909468489, 0.07170492673702694, 0.07888673506917515, 0.08660067039309266, 0.094864968928008, 0.1036962523276842, 0.11310928285882671, 0.12311672145247637, 0.133728892014774, 0.14495355550723665, 0.15679569737367605, 0.169257331896148, 0.18233732700200606, 0.1960312529157291, 0.21033125785166046, 0.22522597367765973, 0.24070045414709063, 0.2567361479013934, 0.27331090799318414, 0.2903990391774486, 0.30797138367445104, 0.3259954455322689, 0.3444355531202644, 0.3632530586790411, 0.3824065732497809, 0.4018522347188612, 0.42154400615478693, 0.4414340010958409, 0.4614728319798562, 0.48160997750253337, 0.5017941643568731, 0.521973758551129, 0.542097161332024, 0.5621132046577216, 0.5819715411730934, 0.6016230237379814, 0.6210200697451776, 0.6401170057344675, 0.6588703881561827, 0.677239296554412, 0.6951855959169906, 0.7126741654660241, 0.7296730917274674, 0.7461538243089794, 0.7620912934193853], "DyL_fit": [0.6448917915132734, 0.6258776943693231, 0.6065522824178742, 0.5869606946857148, 0.5671500628399697, 0.547169172226925, 0.527068102123031, 0.5068978496110316, 0.4867099417840194, 0.46655604118786065, 0.44648754953309167, 0.42655521473831615, 0.4068087463076132, 0.3872964438958608, 0.3680648436816022, 0.34915838685246803, 0.33061911412036993, 0.3124863897314183, 0.2947966579289002, 0.27758323427783593, 0.26087613367858087, 0.2447019362970534, 0.22908369203302492, 0.2140408635478489, 0.19958930729095647, 0.18574129141149553, 0.17250554892774894, 0.15988736406127813, 0.14788868923254306, 0.1365082898659128, 0.12574191386879063, 0.11558248243457636, 0.10602029867335594, 0.0970432704968629, 0.08863714417324431, 0.0807857450189865, 0.07347122180527921, 0.06667429161841265, 0.06037448212196439, 0.054550368415428485, 0.04917980196203442, 0.044240129360155867, 0.03970839905022272, 0.035561554375045934, 0.03177661173884361, 0.028330822932532085, 0.02520182100411572, 0.022367749348132793, 0.01980737396273713, 0.01750017907360857], "DyO_fit": [0.3164835340241898, 0.331065373974351, 0.34555641231324385, 0.35988851422208334, 0.3739918002519025, 0.38779518867839013, 0.4012269711399421, 0.41421541531979333, 0.426689387822888, 0.43857898988413135, 0.44981619813922413, 0.46033550240285714, 0.47007453223991036, 0.4789746640893652, 0.48698160081116115, 0.4940459157738559, 0.5001235539834821, 0.5051762832665756, 0.5091720891553707, 0.5120855078705036, 0.5138978926437594, 0.514597609555856, 0.5141801600655816, 0.512648228458967, 0.5100116535315949, 0.5062873249140534, 0.5014990055399822, 0.49567708281845746, 0.4888582520884158, 0.4810851368843063, 0.47240585141234814, 0.4628735114106367, 0.4525457002308032, 0.4414838975232809, 0.4297528783242224, 0.4174200906241404, 0.40455501964359175, 0.39122854704956334, 0.377512313220314, 0.36347809041147816, 0.3491971742999842, 0.3347398008946665, 0.3201745952153098, 0.30556805746877136, 0.29098409170674444, 0.27648358115047733, 0.26212401352986014, 0.2479591589243998, 0.2340388017282835, 0.22040852750700612], "DyR_fit_stim": [0.08152511817399216, 0.12571272182040344, 0.1843524304707974, 0.25755228240418604, 0.34350425175299215, 0.4384397920173916, 0.5370743878892563, 0.6334699840838212], "DyL_fit_stim": [0.4998314446113583, 0.40190686704922474, 0.30980383875100803, 0.22831773806379307, 0.16050356299399404, 0.10741700148178501, 0.0683261013230878, 0.041249543547489], "DyO_fit_stim": [0.41864343721464947, 0.47238041113037177, 0.5058437307781946, 0.5141299795320209, 0.4959921852530138, 0.4541432065008234, 0.39459951078765587, 0.32528047236868984], "n": 80, "Dmse": 0.050680167579507135, "Dexito": false, "Dmean_perf_oo": 75.0, "Dmean_oo": 45.0, "DFit": 1}