{"in_or_out": "OK", "DHR_oo": -0.017505359610614894, "DHL_oo": -0.11637622473725923, "Dsigma_oo": 0.09938113250877809, "Dsigned_st": [-0.14, -0.1, -0.06, -0.02, 0.02, 0.06, 0.1, 0.14], "Dm_right_oob": [0.1, 0.1, 0.4, 0.7, 0.6, 0.7, 0.8, 1.0], "Dm_left_oob": [0.8, 0.3, 0.1, 0.2, 0.1, 0.0, 0.1, 0.0], "Dm_opt_oob": [0.1, 0.6, 0.5, 0.1, 0.3, 0.3, 0.1, 0.0], "Dse_right_oob": [0.09486832980505139, 0.09486832980505139, 0.15491933384829668, 0.14491376746189438, 0.15491933384829668, 0.14491376746189438, 0.12649110640673517, 0.0], "Dse_left_oob": [0.12649110640673517, 0.14491376746189438, 0.09486832980505139, 0.1264911064067352, 0.09486832980505139, 0.0, 0.09486832980505139, 0.0], "Dse_opt_oob": [0.09486832980505139, 0.15491933384829668, 0.15811388300841897, 0.09486832980505139, 0.14491376746189438, 0.14491376746189438, 0.09486832980505139, 0.0], "x_fit": [-0.2, -0.19183673469387758, -0.1836734693877551, -0.17551020408163265, -0.1673469387755102, -0.15918367346938778, -0.1510204081632653, -0.14285714285714285, -0.1346938775510204, -0.12653061224489798, -0.11836734693877551, -0.11020408163265306, -0.10204081632653061, -0.09387755102040816, -0.08571428571428572, -0.07755102040816327, -0.06938775510204082, -0.06122448979591838, -0.053061224489795916, -0.04489795918367345, -0.03673469387755102, -0.02857142857142858, -0.020408163265306117, -0.012244897959183654, -0.004081632653061218, 0.004081632653061218, 0.012244897959183682, 0.020408163265306145, 0.02857142857142858, 0.03673469387755102, 0.04489795918367348, 0.053061224489795944, 0.06122448979591838, 0.06938775510204082, 0.07755102040816325, 0.08571428571428574, 0.09387755102040818, 0.10204081632653061, 0.1102040816326531, 0.11836734693877554, 0.12653061224489798, 0.1346938775510204, 0.14285714285714285, 0.15102040816326534, 0.15918367346938778, 0.1673469387755102, 0.1755102040816327, 0.18367346938775514, 0.19183673469387758, 0.2], "DyR_fit": [0.033155856565706604, 0.03970071354733512, 0.047259327463814935, 0.055930055473556596, 0.06580967823718412, 0.07699108791113653, 0.08956076602550567, 0.10359611294867627, 0.11916270508695825, 0.1363115684668031, 0.1550765669515165, 0.17547200917519157, 0.19749057959595007, 0.22110169534807766, 0.2462503815434497, 0.2728567433808893, 0.30081609424446354, 0.32999977561769184, 0.36025667812744644, 0.39141544463392797, 0.4232873074616413, 0.45566948417568537, 0.4883490312958944, 0.5211070344441386, 0.5537229978604735, 0.5859792869249338, 0.617665474839986, 0.6485824491130612, 0.678546144659991, 0.7073907875608628, 0.734971555722157, 0.7611665886388617, 0.7858783066287462, 0.8090340287673177, 0.8305859067485581, 0.8505102176180883, 0.8688060805648554, 0.8854936807824145, 0.9006120962065132, 0.9142168304225162, 0.9263771572626632, 0.9371733799259954, 0.9466941004498437, 0.9550335848266663, 0.9622892958997197, 0.9685596513419557, 0.9739420484657927, 0.9785311821957177, 0.9824176680119991, 0.985686968643807], "DyL_fit": [0.7999507089827498, 0.7761646930790286, 0.7508487898169154, 0.7240856816240346, 0.6959827859014968, 0.666671356758121, 0.6363048863166304, 0.6050568279013264, 0.5731176921898276, 0.540691594878528, 0.5079923590318358, 0.4752392956422211, 0.44265280082806047, 0.4104499166541764, 0.37884000426344744, 0.34802067275457305, 0.3181740953462442, 0.28946382654128733, 0.2620322112983935, 0.23599845095341698, 0.2114573623001368, 0.18847883740520333, 0.16710798392243975, 0.14736590028367869, 0.12925101835618058, 0.112740928868999, 0.0977945927002204, 0.0843548342258893, 0.07235101127599863, 0.06170175944583145, 0.05231771595104062, 0.04410413908960609, 0.03696335276819407, 0.03079696050660896, 0.02550778891629424, 0.021001535999630283, 0.017188114000530885, 0.01398268936983249, 0.011306433274985817, 0.009087004735837123, 0.007258794819836045, 0.005762964434449236, 0.004547310280595962, 0.00356599373310329, 0.0027791661028641057, 0.0021525212481383615, 0.001656803178710975, 0.0012672924569678834, 0.0009632911303897318, 0.0007276218716926186], "DyO_fit": [0.1668934344515436, 0.18413459337363636, 0.20189188271926972, 0.2199842629024088, 0.23820753586131915, 0.25633755533074254, 0.27413434765786393, 0.29134705914999737, 0.3077196027232142, 0.32299683665466894, 0.3369310740166477, 0.3492886951825873, 0.35985661957598947, 0.36844838799774593, 0.37490961419310287, 0.3791225838645377, 0.38100981040929227, 0.3805363978410209, 0.37771111057416007, 0.37258610441265505, 0.365255330238222, 0.35585167841911125, 0.3445429847816658, 0.3315270652721827, 0.3170259837833459, 0.30127978420606716, 0.2845399324597936, 0.2670627166610495, 0.2491028440640104, 0.23090745299330573, 0.21271072832680238, 0.19472927227153225, 0.17715834060305968, 0.16016901072607337, 0.14390630433514762, 0.1284882463822814, 0.1140058054346137, 0.10052362984775298, 0.08808147051850101, 0.07669616484164665, 0.06636404791750072, 0.0570636556395554, 0.04875858926956034, 0.04140042144023037, 0.03493153799741622, 0.029287827409905987, 0.024401148355496338, 0.020201525347314453, 0.016619040857611123, 0.013585409484500377], "DyR_fit_stim": [0.10886729529370787, 0.2032457817333359, 0.3344738642297691, 0.48998690197621414, 0.6470577799081263, 0.7822692500506205, 0.8814707188051345, 0.9435011302220948], "DyL_fit_stim": [0.5939465425701201, 0.4345577744148431, 0.285264387877193, 0.1660821203103704, 0.08499208344275355, 0.037969953572888016, 0.014731464779547676, 0.004943917543076104], "DyO_fit_stim": [0.297186162136172, 0.3621964438518209, 0.3802617478930379, 0.3439309777134154, 0.26795013664912015, 0.17976079637649145, 0.10379781641531782, 0.05155495223482909], "n": 80, "Dmse": 0.06172975000816273, "Dexito": false, "Dmean_perf_oo": 75.0, "Dmean_oo": 25.0, "DFit": 1}