{"Hno": 0.02902641875389742, "Sigma": 0.039181178280824465, "signed_st": [-0.14, -0.1, -0.06, -0.02, 0.02, 0.06, 0.1, 0.14], "m_right_No": [0.0, 0.0, 0.0, 0.1, 0.4, 0.9, 0.9, 1.0], "se_right_No": [0.0, 0.0, 0.0, 0.09486832980505139, 0.15491933384829668, 0.09486832980505137, 0.09486832980505137, 0.0], "x_lr": [-0.2, -0.19, -0.18, -0.16999999999999998, -0.15999999999999998, -0.14999999999999997, -0.13999999999999996, -0.12999999999999995, -0.11999999999999994, -0.10999999999999993, -0.09999999999999992, -0.08999999999999991, -0.0799999999999999, -0.0699999999999999, -0.05999999999999989, -0.04999999999999988, -0.03999999999999987, -0.02999999999999986, -0.01999999999999985, -0.009999999999999842, 1.6653345369377348e-16, 0.010000000000000175, 0.020000000000000184, 0.030000000000000193, 0.0400000000000002, 0.05000000000000021, 0.06000000000000022, 0.07000000000000023, 0.08000000000000024, 0.09000000000000025, 0.10000000000000026, 0.11000000000000026, 0.12000000000000027, 0.13000000000000028, 0.1400000000000003, 0.1500000000000003, 0.1600000000000003, 0.17000000000000032, 0.18000000000000033, 0.19000000000000034], "y_pr_no": [2.5280181155688506e-09, 1.1347420979199227e-08, 4.780701323239152e-08, 1.8907187006121694e-07, 7.020600197283845e-07, 2.4480129693617432e-06, 8.017444016861173e-06, 2.466855678154475e-05, 7.13270621860734e-05, 0.00019386609884237906, 0.0004954964741129011, 0.001191375112636614, 0.0026960772718702007, 0.0057455652580121796, 0.0115380290960719, 0.021850444004282862, 0.03905797769582248, 0.06596951974274211, 0.1054171286268753, 0.15961288797286377, 0.2293996044347258, 0.3136250490871364, 0.4088996494900518, 0.5099119723928864, 0.6102891634088318, 0.7037778737580803, 0.7853884942063325, 0.8521609631526615, 0.90336582921832, 0.9401692184677968, 0.9649620910868955, 0.9806161854323217, 0.9898800171382651, 0.9950182580834422, 0.9976894113053033, 0.9989909078814139, 0.9995852636251733, 0.9998396584996171, 0.9999417120005212, 0.9999800831016062], "pearson_chi2": 53.610701967750245, "mean_perf_no": 88.75, "mse_no": 0.0029338550164755453}