{"Hno": -0.04418094327793285, "Sigma": 0.10040589270399397, "signed_st": [-0.14, -0.1, -0.06, -0.02, 0.02, 0.06, 0.1, 0.14], "m_right_No": [0.4, 0.3, 0.3, 0.2, 0.8, 0.9, 1.0, 1.0], "se_right_No": [0.15491933384829668, 0.14491376746189438, 0.14491376746189438, 0.1264911064067352, 0.12649110640673517, 0.09486832980505137, 0.0, 0.0], "x_lr": [-0.2, -0.19, -0.18, -0.16999999999999998, -0.15999999999999998, -0.14999999999999997, -0.13999999999999996, -0.12999999999999995, -0.11999999999999994, -0.10999999999999993, -0.09999999999999992, -0.08999999999999991, -0.0799999999999999, -0.0699999999999999, -0.05999999999999989, -0.04999999999999988, -0.03999999999999987, -0.02999999999999986, -0.01999999999999985, -0.009999999999999842, 1.6653345369377348e-16, 0.010000000000000175, 0.020000000000000184, 0.030000000000000193, 0.0400000000000002, 0.05000000000000021, 0.06000000000000022, 0.07000000000000023, 0.08000000000000024, 0.09000000000000025, 0.10000000000000026, 0.11000000000000026, 0.12000000000000027, 0.13000000000000028, 0.1400000000000003, 0.1500000000000003, 0.1600000000000003, 0.17000000000000032, 0.18000000000000033, 0.19000000000000034], "y_pr_no": [0.06034408724699353, 0.07320968677812778, 0.08807573621626558, 0.10508387417630355, 0.12435085304146754, 0.1459614182821372, 0.1699615865376356, 0.19635272355805194, 0.22508682178482048, 0.25606334693110516, 0.2891279627172595, 0.32407335491222283, 0.3606422647576256, 0.3985327149365485, 0.43740527768453275, 0.47689210478625993, 0.5166073236140106, 0.5561583117544224, 0.5951573030101123, 0.6332327548614011, 0.6700399238236688, 0.7052701491015991, 0.7386584318110494, 0.7699890093265043, 0.7990987525424769, 0.8258783475210749, 0.8502713516734328, 0.8722713288469889, 0.8919173598689168, 0.9092882900653692, 0.9244961105947558, 0.93767887636714, 0.94899354255668, 0.9586090588508529, 0.9667000014932043, 0.9734409543196236, 0.9790017777327031, 0.9835438346284281, 0.9872171793423878, 0.9901586630619854], "pearson_chi2": 70.31663919249442, "mean_perf_no": 81.25, "mse_no": 0.04018513849814783}