{"Hno": 0.00785371703469538, "Sigma": 0.04741820754789463, "signed_st": [-0.14, -0.1, -0.06, -0.02, 0.02, 0.06, 0.1, 0.14], "m_right_No": [0.0, 0.0, 0.1, 0.3, 0.6, 0.8, 1.0, 1.0], "se_right_No": [0.0, 0.0, 0.09486832980505139, 0.14491376746189438, 0.15491933384829668, 0.12649110640673517, 0.0, 0.0], "x_lr": [-0.2, -0.19, -0.18, -0.16999999999999998, -0.15999999999999998, -0.14999999999999997, -0.13999999999999996, -0.12999999999999995, -0.11999999999999994, -0.10999999999999993, -0.09999999999999992, -0.08999999999999991, -0.0799999999999999, -0.0699999999999999, -0.05999999999999989, -0.04999999999999988, -0.03999999999999987, -0.02999999999999986, -0.01999999999999985, -0.009999999999999842, 1.6653345369377348e-16, 0.010000000000000175, 0.020000000000000184, 0.030000000000000193, 0.0400000000000002, 0.05000000000000021, 0.06000000000000022, 0.07000000000000023, 0.08000000000000024, 0.09000000000000025, 0.10000000000000026, 0.11000000000000026, 0.12000000000000027, 0.13000000000000028, 0.1400000000000003, 0.1500000000000003, 0.1600000000000003, 0.17000000000000032, 0.18000000000000033, 0.19000000000000034], "y_pr_no": [5.841642629504804e-06, 1.5062042203582764e-05, 3.721885320334331e-05, 8.815413631945302e-05, 0.00020017125737636357, 0.00043584138585868573, 0.0009101700241071825, 0.001823460744075471, 0.0035057235176092732, 0.006470103724291249, 0.011467334788664461, 0.019526324027843253, 0.0319596548299296, 0.05031025637611817, 0.07622035989728235, 0.11121843235579981, 0.15644309476649904, 0.21234966532213906, 0.27846569248319697, 0.3532666363386733, 0.43422540183304614, 0.5180510986578956, 0.6010833807496883, 0.6797649984440689, 0.751092345840445, 0.8129502671461027, 0.8642707791569357, 0.9050034596398309, 0.9359314198799055, 0.9583969027172256, 0.9740081040851754, 0.9843860850478515, 0.990986105188527, 0.9950015471907147, 0.9973386456255129, 0.9986399414428281, 0.9993330962892261, 0.9996863115840846, 0.9998584998442556, 0.9999388010663957], "pearson_chi2": 47.75667189311564, "mean_perf_no": 87.5, "mse_no": 0.000996015681318852}