{"Hno": -0.04653445227270947, "Sigma": 0.12824255107238094, "signed_st": [-0.14, -0.1, -0.06, -0.02, 0.02, 0.06, 0.1, 0.14], "m_right_No": [0.2, 0.6, 0.2, 0.4, 0.9, 0.8, 0.9, 0.9], "se_right_No": [0.1264911064067352, 0.15491933384829668, 0.1264911064067352, 0.15491933384829668, 0.09486832980505137, 0.12649110640673517, 0.09486832980505137, 0.09486832980505137], "x_lr": [-0.2, -0.19, -0.18, -0.16999999999999998, -0.15999999999999998, -0.14999999999999997, -0.13999999999999996, -0.12999999999999995, -0.11999999999999994, -0.10999999999999993, -0.09999999999999992, -0.08999999999999991, -0.0799999999999999, -0.0699999999999999, -0.05999999999999989, -0.04999999999999988, -0.03999999999999987, -0.02999999999999986, -0.01999999999999985, -0.009999999999999842, 1.6653345369377348e-16, 0.010000000000000175, 0.020000000000000184, 0.030000000000000193, 0.0400000000000002, 0.05000000000000021, 0.06000000000000022, 0.07000000000000023, 0.08000000000000024, 0.09000000000000025, 0.10000000000000026, 0.11000000000000026, 0.12000000000000027, 0.13000000000000028, 0.1400000000000003, 0.1500000000000003, 0.1600000000000003, 0.17000000000000032, 0.18000000000000033, 0.19000000000000034], "y_pr_no": [0.11571527002081339, 0.13163306455898127, 0.14900102152749695, 0.16783643706031431, 0.1881395349543485, 0.20989207832405443, 0.2330563371842651, 0.2575744708073978, 0.28336837233511963, 0.3103400089149698, 0.33837227410235154, 0.3673303511024347, 0.3970635664382383, 0.42740769471904566, 0.4581876572796841, 0.4892205414763712, 0.5203188541906918, 0.5512939133105306, 0.581959275149752, 0.6121340942506751, 0.6416463148671947, 0.6703356004971848, 0.6980559187394871, 0.7246777129106513, 0.7500896085234812, 0.7741996210415074, 0.7969358503576596, 0.8182466662738648, 0.8381004070034757, 0.856484628602252, 0.8734049566180225, 0.8888836016653987, 0.9029576077973755, 0.9156769063674778, 0.9271022486427278, 0.9373030879892329, 0.9463554773924496, 0.9543400408764975, 0.9613400685970066, 0.967439775570537], "pearson_chi2": 80.86814853495389, "mean_perf_no": 76.25, "mse_no": 0.035257410292362394}