{"Hno": -0.037335934805026345, "Sigma": 0.10161111812235432, "signed_st": [-0.14, -0.1, -0.06, -0.02, 0.02, 0.06, 0.1, 0.14], "m_right_No": [0.2, 0.3, 0.4, 0.4, 0.8, 0.8, 0.9, 1.0], "se_right_No": [0.1264911064067352, 0.14491376746189438, 0.15491933384829668, 0.15491933384829668, 0.12649110640673517, 0.12649110640673517, 0.09486832980505137, 0.0], "x_lr": [-0.2, -0.19, -0.18, -0.16999999999999998, -0.15999999999999998, -0.14999999999999997, -0.13999999999999996, -0.12999999999999995, -0.11999999999999994, -0.10999999999999993, -0.09999999999999992, -0.08999999999999991, -0.0799999999999999, -0.0699999999999999, -0.05999999999999989, -0.04999999999999988, -0.03999999999999987, -0.02999999999999986, -0.01999999999999985, -0.009999999999999842, 1.6653345369377348e-16, 0.010000000000000175, 0.020000000000000184, 0.030000000000000193, 0.0400000000000002, 0.05000000000000021, 0.06000000000000022, 0.07000000000000023, 0.08000000000000024, 0.09000000000000025, 0.10000000000000026, 0.11000000000000026, 0.12000000000000027, 0.13000000000000028, 0.1400000000000003, 0.1500000000000003, 0.1600000000000003, 0.17000000000000032, 0.18000000000000033, 0.19000000000000034], "y_pr_no": [0.054705174741270235, 0.06649244601518971, 0.08015641313267341, 0.09584332341550028, 0.11367922603616137, 0.13376320917576967, 0.15616081925900382, 0.1808980219722514, 0.20795607683194928, 0.2372676842306251, 0.26871472433496124, 0.3021278413465852, 0.337288037271285, 0.37393033163514877, 0.4117494247291626, 0.4504071806207855, 0.4895416317184947, 0.5287771083243323, 0.5677350225041206, 0.6060447920009757, 0.6433543805391364, 0.6793399565168787, 0.7137142305710525, 0.7462331188393965, 0.7767004857193467, 0.8049708387714865, 0.8309499697405156, 0.8545936503190519, 0.8759045911994008, 0.8949279518473481, 0.9117457422052674, 0.9264704845129866, 0.9392385042933713, 0.9502031970104807, 0.9595285752878888, 0.9673833462114071, 0.9739357048916493, 0.9793489647385689, 0.9837780817915475, 0.9873670739760226], "pearson_chi2": 75.1417323338968, "mean_perf_no": 76.25, "mse_no": 0.00689212705141137}