{"Hno": 0.005069847367746232, "Sigma": 0.1335575521161918, "signed_st": [-0.14, -0.1, -0.06, -0.02, 0.02, 0.06, 0.1, 0.14], "m_right_No": [0.2, 0.2, 0.2, 0.4, 0.6, 0.7, 0.8, 0.8], "se_right_No": [0.1264911064067352, 0.1264911064067352, 0.1264911064067352, 0.15491933384829668, 0.15491933384829668, 0.14491376746189438, 0.12649110640673517, 0.12649110640673517], "x_lr": [-0.2, -0.19, -0.18, -0.16999999999999998, -0.15999999999999998, -0.14999999999999997, -0.13999999999999996, -0.12999999999999995, -0.11999999999999994, -0.10999999999999993, -0.09999999999999992, -0.08999999999999991, -0.0799999999999999, -0.0699999999999999, -0.05999999999999989, -0.04999999999999988, -0.03999999999999987, -0.02999999999999986, -0.01999999999999985, -0.009999999999999842, 1.6653345369377348e-16, 0.010000000000000175, 0.020000000000000184, 0.030000000000000193, 0.0400000000000002, 0.05000000000000021, 0.06000000000000022, 0.07000000000000023, 0.08000000000000024, 0.09000000000000025, 0.10000000000000026, 0.11000000000000026, 0.12000000000000027, 0.13000000000000028, 0.1400000000000003, 0.1500000000000003, 0.1600000000000003, 0.17000000000000032, 0.18000000000000033, 0.19000000000000034], "y_pr_no": [0.062337672175049076, 0.07206705724719199, 0.0829202391585222, 0.0949593717610937, 0.10823942264935538, 0.12280644230641818, 0.13869586429596825, 0.15593088930274313, 0.1745210079912864, 0.19446071778235902, 0.2157284865486807, 0.23828601181588926, 0.26207781734315716, 0.287031220093954, 0.31305668985531043, 0.340048611502077, 0.3678864466088411, 0.3964362773416872, 0.42555270191989575, 0.4550810380466165, 0.48485977917317974, 0.5147232388380996, 0.544504311078965, 0.5740372704112551, 0.6031605333269517, 0.631719304764695, 0.659568037467211, 0.6865726393485154, 0.7126123735867551, 0.7375814076698842, 0.7613899804975719, 0.7839651702786234, 0.8052512597361319, 0.825209708437035, 0.8438187543425364, 0.861072677451925, 0.876980767304759, 0.8915660428491612, 0.9048637776322642, 0.916919885398555], "pearson_chi2": 81.4600182972659, "mean_perf_no": 73.75, "mse_no": 0.004260944993526642}