{"Hno": 0.02124922835484327, "Sigma": 0.045705760616673204, "signed_st": [-0.14, -0.1, -0.06, -0.02, 0.02, 0.06, 0.1, 0.14], "m_right_No": [0.1, 0.1, 0.1, 0.0, 0.7, 0.7, 0.9, 0.9], "se_right_No": [0.09486832980505139, 0.09486832980505139, 0.09486832980505139, 0.0, 0.14491376746189438, 0.14491376746189438, 0.09486832980505137, 0.09486832980505137], "x_lr": [-0.2, -0.19, -0.18, -0.16999999999999998, -0.15999999999999998, -0.14999999999999997, -0.13999999999999996, -0.12999999999999995, -0.11999999999999994, -0.10999999999999993, -0.09999999999999992, -0.08999999999999991, -0.0799999999999999, -0.0699999999999999, -0.05999999999999989, -0.04999999999999988, -0.03999999999999987, -0.02999999999999986, -0.01999999999999985, -0.009999999999999842, 1.6653345369377348e-16, 0.010000000000000175, 0.020000000000000184, 0.030000000000000193, 0.0400000000000002, 0.05000000000000021, 0.06000000000000022, 0.07000000000000023, 0.08000000000000024, 0.09000000000000025, 0.10000000000000026, 0.11000000000000026, 0.12000000000000027, 0.13000000000000028, 0.1400000000000003, 0.1500000000000003, 0.1600000000000003, 0.17000000000000032, 0.18000000000000033, 0.19000000000000034], "y_lr_no": [0.007839346235056341, 0.009737951758422278, 0.012090775631792597, 0.015003461342948513, 0.01860460327907919, 0.02304986738439594, 0.028526381372760798, 0.035257124600790384, 0.043504854302573295, 0.05357483772547131, 0.06581531540067666, 0.0806142179043538, 0.09839025712837583, 0.1195762396151943, 0.1445925176688262, 0.1738092022556419, 0.20749743297521417, 0.24577282631699884, 0.2885380084839786, 0.33543502728900465, 0.3858208376553128, 0.4387780467692568, 0.4931674335163657, 0.547719029875382, 0.6011477353100136, 0.6522718524377594, 0.7001119975222554, 0.7439539907105318, 0.7833697531078709, 0.818200597920772, 0.8485141378124769, 0.8745481404691426, 0.896652941062259, 0.9152403302389013, 0.9307429150523161, 0.9435848446877142, 0.9541628409321854, 0.9628355530811088, 0.969919059448573, 0.9756865494514928], "score_no": 0.812, "mean_perf_no": 86.25, "mse_no": 0.022982564954255148}