{"Hno": -0.02674246701097751, "Sigma": 0.11566367722026931, "signed_st": [-0.14, -0.1, -0.06, -0.02, 0.02, 0.06, 0.1, 0.14], "m_right_No": [0.3, 0.3, 0.3, 0.6, 0.6, 0.9, 0.7, 0.7], "se_right_No": [0.14491376746189438, 0.14491376746189438, 0.14491376746189438, 0.15491933384829668, 0.15491933384829668, 0.09486832980505137, 0.14491376746189438, 0.14491376746189438], "x_lr": [-0.2, -0.19, -0.18, -0.16999999999999998, -0.15999999999999998, -0.14999999999999997, -0.13999999999999996, -0.12999999999999995, -0.11999999999999994, -0.10999999999999993, -0.09999999999999992, -0.08999999999999991, -0.0799999999999999, -0.0699999999999999, -0.05999999999999989, -0.04999999999999988, -0.03999999999999987, -0.02999999999999986, -0.01999999999999985, -0.009999999999999842, 1.6653345369377348e-16, 0.010000000000000175, 0.020000000000000184, 0.030000000000000193, 0.0400000000000002, 0.05000000000000021, 0.06000000000000022, 0.07000000000000023, 0.08000000000000024, 0.09000000000000025, 0.10000000000000026, 0.11000000000000026, 0.12000000000000027, 0.13000000000000028, 0.1400000000000003, 0.1500000000000003, 0.1600000000000003, 0.17000000000000032, 0.18000000000000033, 0.19000000000000034], "y_lr_no": [0.18273259939573472, 0.19599995549944724, 0.20998309335551518, 0.2246850377381766, 0.24010349359422264, 0.25623033161084874, 0.2730511330297757, 0.29054481516502767, 0.30868335912397177, 0.32743166016645253, 0.34674751883620436, 0.3665817874086052, 0.38687868136133813, 0.40757625964103456, 0.42860707073346743, 0.44989895431466626, 0.47137598101312056, 0.49295950604160643, 0.5145693066536505, 0.5361247689876592, 0.557546087228484, 0.5787554373543127, 0.5996780891002066, 0.6202434230474416, 0.6403858246769593, 0.6600454334200142, 0.6791687317334116, 0.6977089665225048, 0.7156264023507295, 0.7328884123867863, 0.7494694186164056, 0.7653506972598565, 0.7805200684766243, 0.7949714912982433, 0.8087045853914807, 0.8217241008665669, 0.8340393561017042, 0.8456636616683277, 0.8566137461241224, 0.8669091968893682], "score_no": 0.7, "mean_perf_no": 67.5, "mse_no": 0.014963369481806252}