{"Hno": 0.008040772733202537, "Sigma": 0.027101645497255304, "signed_st": [-0.14, -0.1, -0.06, -0.02, 0.02, 0.06, 0.1, 0.14], "m_right_No": [0.0, 0.0, 0.1, 0.3, 0.6, 0.8, 1.0, 1.0], "se_right_No": [0.0, 0.0, 0.09486832980505139, 0.14491376746189438, 0.15491933384829668, 0.12649110640673517, 0.0, 0.0], "x_lr": [-0.2, -0.19, -0.18, -0.16999999999999998, -0.15999999999999998, -0.14999999999999997, -0.13999999999999996, -0.12999999999999995, -0.11999999999999994, -0.10999999999999993, -0.09999999999999992, -0.08999999999999991, -0.0799999999999999, -0.0699999999999999, -0.05999999999999989, -0.04999999999999988, -0.03999999999999987, -0.02999999999999986, -0.01999999999999985, -0.009999999999999842, 1.6653345369377348e-16, 0.010000000000000175, 0.020000000000000184, 0.030000000000000193, 0.0400000000000002, 0.05000000000000021, 0.06000000000000022, 0.07000000000000023, 0.08000000000000024, 0.09000000000000025, 0.10000000000000026, 0.11000000000000026, 0.12000000000000027, 0.13000000000000028, 0.1400000000000003, 0.1500000000000003, 0.1600000000000003, 0.17000000000000032, 0.18000000000000033, 0.19000000000000034], "y_lr_no": [0.00046346543350754066, 0.000670153161729721, 0.0009689263020775101, 0.0014007142147713684, 0.002024532191737204, 0.0029253580463351743, 0.004225313872600854, 0.0060994037333541, 0.008797381127105009, 0.012673549765288426, 0.01822617303720788, 0.026147123999043783, 0.037379394776137706, 0.05317336146563945, 0.07511999890199246, 0.10511917047294296, 0.14521747805181212, 0.1972401908786268, 0.26218320420865365, 0.3394669086392137, 0.42636696946872954, 0.5180650880747248, 0.6085623444050634, 0.6921637108271079, 0.7648103485659802, 0.8246560565961705, 0.8718256760663405, 0.9077259476075217, 0.9343283632565245, 0.9536529468070237, 0.967488931716731, 0.9772928095703057, 0.9841885940200367, 0.9890137880766684, 0.9923778733260022, 0.9947173450531955, 0.9963414061809504, 0.9974674489246756, 0.9982475275965909, 0.9987876177821959], "score_no": 0.875, "mean_perf_no": 87.5, "mse_no": 0.0014577465032528467}