{"HRopt_": 0.1799408793478031, "SO_HRopt_": 0.3395600173261509, "xhat": [-0.2, -0.15000000000000002, -0.10000000000000003, -0.050000000000000044, -5.551115123125783e-17, 0.04999999999999993, 0.09999999999999992, 0.1499999999999999], "theo_pR": [0.29207873018932395, 0.33775008990247213, 0.38594612885573354, 0.43597191919733247, 0.48704496730140673, 0.5383316730993211, 0.5889879234257899, 0.6382005428178885], "partid": 3051, "sessionid": 1, "part_sessid": "3051_1"}