{"HRopt_": 0.045436174963398766, "SO_HRopt_": 0.10816918259963175, "xhat": [-0.2, -0.15000000000000002, -0.10000000000000003, -0.050000000000000044, -5.551115123125783e-17, 0.04999999999999993, 0.09999999999999992, 0.1499999999999999], "theo_pR": [0.11962744731351727, 0.1978413331078136, 0.3008829295826194, 0.42294363993093465, 0.5529529814770503, 0.6774643070941229, 0.7846849964172661, 0.8677050688536311], "partid": 3073, "sessionid": 1, "part_sessid": "3073_1"}