{"HRopt_": 0.1083297709245632, "SO_HRopt_": 0.16952478738654397, "xhat": [-0.2, -0.15000000000000002, -0.10000000000000003, -0.050000000000000044, -5.551115123125783e-17, 0.04999999999999993, 0.09999999999999992, 0.1499999999999999], "theo_pR": [0.05054907854269153, 0.09614612840675107, 0.16649648216889945, 0.2635699733541076, 0.383365744080183, 0.5155835299851426, 0.64609429690111, 0.7613097688376291], "partid": 3074, "sessionid": 1, "part_sessid": "3074_1"}