{"HRopt_": 0.331097206543021, "SO_HRopt_": 0.5673882930997504, "xhat": [-0.2, -0.15000000000000002, -0.10000000000000003, -0.050000000000000044, -5.551115123125783e-17, 0.04999999999999993, 0.09999999999999992, 0.1499999999999999], "theo_pR": [0.3110719436407081, 0.3424199330773625, 0.37489318395139326, 0.40827890602002603, 0.4423444014542157, 0.4768418976504968, 0.5115139357648398, 0.5460991203093662], "partid": 3056, "sessionid": 1, "part_sessid": "3056_1"}