{"HRopt_": 0.06017163450769194, "SO_HRopt_": 0.09338138391970383, "xhat": [-0.2, -0.15000000000000002, -0.10000000000000003, -0.050000000000000044, -5.551115123125783e-17, 0.04999999999999993, 0.09999999999999992, 0.1499999999999999], "theo_pR": [0.0026493079471439085, 0.015016261462948766, 0.060447645116901365, 0.17556694215667967, 0.37685254405981755, 0.6197700141505553, 0.8221295976437029, 0.9384809184927083], "partid": 3064, "sessionid": 1, "part_sessid": "3064_1"}