{"Dperf_oo": [100.0, 89.47368421052632, 85.71428571428571, 75.0], "Dse_perf_oo": [0.0, 7.040590042736196, 9.352195295828245, 12.5], "Sperf_oo": [100.0, 100.0, 94.11764705882354, 69.23076923076923], "Sse_perf_oo": [0.0, 0.0, 5.706720589090183, 12.800773759043748], "perf_no": [100.0, 80.0, 85.0, 70.0], "se_perf_no": [0.0, 8.944271909999157, 7.984359711335657, 10.2469507659596], "Dn_trials_oo": [19, 19, 14, 12], "Sn_trials_oo": [19, 18, 17, 13], "NOn_trials": [20, 20, 20, 20], "DRT_oo": [2.479169361737171, 2.0945267195401978, 2.00401032672271, 1.6437783689945873], "DsdRT_oo": [NaN, NaN, 0.1532168762003473, 0.22545377948903245], "SRT_oo": [2.7062168500958683, 2.643544948845761, 2.2912408389135943, 1.5938377082936093], "SsdRT_oo": [NaN, 0.0, 0.0, 0.11514504066986618], "DRT_OKoo": [0.8918617927897664, 0.8823899972237603, 0.8892266762479833, 1.2863137054036], "DsdRT_OKoo": [0.0696761759828499, 0.08782785628007529, 0.13974290633898034, 0.28474793812434374], "SRT_OKoo": [0.7813837595649863, 0.8235034394515467, 0.9181117154576866, 1.088030327711818], "SsdRT_OKoo": [0.01801788208570761, 0.012935352274129565, 0.061793700736537005, 0.2871945524706502], "RT_no": [0.8433216529490078, 0.8645094521011135, 0.9472639222358228, 1.0343661940095743], "sdRT_no": [0.07629784919164541, 0.0479389498218072, 0.1613981259948832, 0.133796264610273], "RT_noNOK": [NaN, 1.8201708747755343, 1.2262150502513869, 1.2540454803557353], "sdRT_noNOK": [NaN, 0.04393923203083649, 0.0, 1.484660023169776], "Doptout": [5.0, 5.0, 30.0, 40.0], "Dse_optout": [4.873397172404482, 4.873397172404482, 10.246950765959598, 10.954451150103322], "Soptout": [5.0, 10.0, 15.0, 35.0], "Sse_optout": [4.873397172404482, 6.708203932499369, 7.984359711335657, 10.66536450385077]}