{"Dperf_oo": [100.0, 100.0, 80.0, 45.45454545454545], "Dse_perf_oo": [0.0, 0.0, 12.649110640673516, 15.0131422517231], "Sperf_oo": [94.44444444444444, 100.0, 84.61538461538461, 66.66666666666667], "Sse_perf_oo": [5.399029532264168, 0.0, 10.006825162892168, 13.608276348795433], "perf_no": [100.0, 90.0, 80.0, 55.0], "se_perf_no": [0.0, 6.708203932499368, 8.944271909999157, 11.124297730643494], "Dn_trials_oo": [19, 13, 10, 11], "Sn_trials_oo": [18, 15, 13, 12], "NOn_trials": [20, 20, 20, 20], "DRT_oo": [1.1091025087409039, 1.0928637377642698, 1.0165518170470138, 1.1669962236290705], "DsdRT_oo": [NaN, 0.10441700078820966, 0.057202233242334574, 0.05175653069178636], "SRT_oo": [1.1021243545878894, 1.338783241338371, 1.2202536862276618, 1.1081514826127747], "SsdRT_oo": [0.0, 0.16797300670885387, 0.20929726353681224, 0.030874480236900655], "DRT_OKoo": [0.8846841206199029, 0.8412618531631114, 0.8553647779587364, 1.0126446847624788], "DsdRT_OKoo": [0.05464128934189084, 0.05859363038940285, 0.08589024198090574, 0.09724043920627205], "SRT_OKoo": [0.7969044099842513, 0.8849298023924467, 1.0413498230845475, 1.1296169346147575], "SsdRT_OKoo": [0.009616775000359736, 0.054833998933074314, 0.050374919382270456, 0.0552970644951382], "RT_no": [0.839007128734827, 0.9253801132521736, 1.0079172924333506, 1.1557661902398242], "sdRT_no": [0.027676560759873698, 0.06034557663651394, 0.04760008607729137, 0.03520703111461571], "RT_noNOK": [NaN, 1.0321010940856556, 1.0978090735890231, 1.3701195519102054], "sdRT_noNOK": [NaN, 0.0, 0.18799606908951727, 0.17787131743447313], "Doptout": [5.0, 35.0, 50.0, 45.0], "Dse_optout": [4.873397172404482, 10.66536450385077, 11.180339887498949, 11.124297730643494], "Soptout": [10.0, 25.0, 35.0, 40.0], "Sse_optout": [6.708203932499369, 9.682458365518542, 10.66536450385077, 10.954451150103322]}