{"Hno": 0.03159800035745603, "Sigma": 0.03631806843814311, "signed_st": [-0.14, -0.1, -0.06, -0.02, 0.02, 0.06, 0.1, 0.14], "m_right_No": [0.0, 0.0, 0.0, 0.1, 0.4, 0.7, 1.0, 1.0], "se_right_No": [0.0, 0.0, 0.0, 0.09486832980505139, 0.15491933384829668, 0.14491376746189438, 0.0, 0.0], "x_lr": [-0.2, -0.19, -0.18, -0.16999999999999998, -0.15999999999999998, -0.14999999999999997, -0.13999999999999996, -0.12999999999999995, -0.11999999999999994, -0.10999999999999993, -0.09999999999999992, -0.08999999999999991, -0.0799999999999999, -0.0699999999999999, -0.05999999999999989, -0.04999999999999988, -0.03999999999999987, -0.02999999999999986, -0.01999999999999985, -0.009999999999999842, 1.6653345369377348e-16, 0.010000000000000175, 0.020000000000000184, 0.030000000000000193, 0.0400000000000002, 0.05000000000000021, 0.06000000000000022, 0.07000000000000023, 0.08000000000000024, 0.09000000000000025, 0.10000000000000026, 0.11000000000000026, 0.12000000000000027, 0.13000000000000028, 0.1400000000000003, 0.1500000000000003, 0.1600000000000003, 0.17000000000000032, 0.18000000000000033, 0.19000000000000034], "y_pr_no": [9.033291949621872e-11, 5.250890316172432e-10, 2.8344021633293066e-09, 1.4210054833360896e-08, 6.617712747642675e-08, 2.863382417255084e-07, 1.151336713442272e-06, 4.3031050768898375e-06, 1.4953341683949235e-05, 4.832916134803573e-05, 0.00014532966008612934, 0.0004067785929412378, 0.0010603184879367643, 0.0025753825926800415, 0.005832735702876802, 0.012327669808283157, 0.024338189017922757, 0.04493627556917924, 0.0776983104946236, 0.12602582629935938, 0.19214056583835565, 0.2760252779175435, 0.374732385373751, 0.48245214326523195, 0.5914765633994028, 0.6938138021933125, 0.782902989503622, 0.8548309049984071, 0.9086889755223598, 0.946090085677257, 0.9701779343419027, 0.9845656110404125, 0.9925356724495085, 0.9966302594281377, 0.9985811591989158, 0.9994432144863652, 0.99979648660889, 0.9999307496195958, 0.999978072889614, 0.9999935419151117], "pearson_chi2": 36.040183517924966, "mean_perf_no": 87.5, "mse_no": 0.0014890223349137285}