{"Hno": 0.04235068281760995, "Sigma": 0.09535096726565474, "signed_st": [-0.14, -0.1, -0.06, -0.02, 0.02, 0.06, 0.1, 0.14], "m_right_No": [0.0, 0.1, 0.2, 0.3, 0.1111111111111111, 0.8, 0.6, 0.9], "se_right_No": [0.0, 0.09486832980505139, 0.1264911064067352, 0.14491376746189438, 0.10475656017578482, 0.12649110640673517, 0.15491933384829668, 0.09486832980505137], "x_lr": [-0.2, -0.19, -0.18, -0.16999999999999998, -0.15999999999999998, -0.14999999999999997, -0.13999999999999996, -0.12999999999999995, -0.11999999999999994, -0.10999999999999993, -0.09999999999999992, -0.08999999999999991, -0.0799999999999999, -0.0699999999999999, -0.05999999999999989, -0.04999999999999988, -0.03999999999999987, -0.02999999999999986, -0.01999999999999985, -0.009999999999999842, 1.6653345369377348e-16, 0.010000000000000175, 0.020000000000000184, 0.030000000000000193, 0.0400000000000002, 0.05000000000000021, 0.06000000000000022, 0.07000000000000023, 0.08000000000000024, 0.09000000000000025, 0.10000000000000026, 0.11000000000000026, 0.12000000000000027, 0.13000000000000028, 0.1400000000000003, 0.1500000000000003, 0.1600000000000003, 0.17000000000000032, 0.18000000000000033, 0.19000000000000034], "y_pr_no": [0.005516215729904918, 0.007409055284763655, 0.009852490005139011, 0.012972207541406969, 0.016911855396513676, 0.021832558159034433, 0.027911450595067406, 0.03533906560744797, 0.04431545973060219, 0.0550450229222611, 0.06773000253684397, 0.08256286974729538, 0.09971776410965844, 0.1193413600172018, 0.1415435974064731, 0.16638879743642315, 0.19388773152074523, 0.22399122025611407, 0.25658580155363675, 0.29149192269492646, 0.3284649817821828, 0.36719937764104393, 0.40733553560213354, 0.4484696751215109, 0.4901658912698756, 0.5319699532617528, 0.5734240951866592, 0.6140819991690738, 0.6535231565729649, 0.691365840000874, 0.72727802314116, 0.7609857369578257, 0.7922785349821376, 0.821011940606641, 0.84710694761466, 0.8705468251734932, 0.891371626462683, 0.9096709063246979, 0.9255752128509622, 0.9392469304816515], "pearson_chi2": 74.93740145737172, "mean_perf_no": 73.41772151898735, "mse_no": 0.027534210985648514}