{"Hno": -0.012916323070184336, "Sigma": 0.07872401143680509, "signed_st": [-0.14, -0.1, -0.06, -0.02, 0.02, 0.06, 0.1, 0.14], "m_right_No": [0.0, 0.2, 0.4, 0.4, 0.5, 0.9, 0.9, 1.0], "se_right_No": [0.0, 0.1264911064067352, 0.15491933384829668, 0.15491933384829668, 0.15811388300841897, 0.09486832980505137, 0.09486832980505137, 0.0], "x_lr": [-0.2, -0.19, -0.18, -0.16999999999999998, -0.15999999999999998, -0.14999999999999997, -0.13999999999999996, -0.12999999999999995, -0.11999999999999994, -0.10999999999999993, -0.09999999999999992, -0.08999999999999991, -0.0799999999999999, -0.0699999999999999, -0.05999999999999989, -0.04999999999999988, -0.03999999999999987, -0.02999999999999986, -0.01999999999999985, -0.009999999999999842, 1.6653345369377348e-16, 0.010000000000000175, 0.020000000000000184, 0.030000000000000193, 0.0400000000000002, 0.05000000000000021, 0.06000000000000022, 0.07000000000000023, 0.08000000000000024, 0.09000000000000025, 0.10000000000000026, 0.11000000000000026, 0.12000000000000027, 0.13000000000000028, 0.1400000000000003, 0.1500000000000003, 0.1600000000000003, 0.17000000000000032, 0.18000000000000033, 0.19000000000000034], "y_pr_no": [0.008740065150060206, 0.01224276806828881, 0.01690216899960501, 0.023001168984076864, 0.030856942580101736, 0.040813771954894086, 0.053231866295562216, 0.06847206508271639, 0.08687673779324262, 0.10874767324020762, 0.13432224758771744, 0.1637496052431094, 0.1970689092539225, 0.23419185036861306, 0.27489149670876445, 0.31879919783664606, 0.36541064313213983, 0.414101368732255, 0.46415109785507114, 0.5147753970563514, 0.5651623534195143, 0.6145114304934997, 0.6620714202319091, 0.707174508220019, 0.7492638959472295, 0.787913116944235, 0.82283604793006, 0.8538875368353749, 0.8810554308069942, 0.9044454897847816, 0.9242611458940979, 0.9407802842467159, 0.9543311834759917, 0.9652695035925084, 0.9739578059782137, 0.9807486070360525, 0.9859714728191842, 0.989924215082005, 0.9928678903472532, 0.9950250538570794], "pearson_chi2": 69.47252411466812, "mean_perf_no": 78.75, "mse_no": 0.010067153254604123}