{"Hno": 0.012282696734575103, "Sigma": 0.06726271756449179, "signed_st": [-0.14, -0.1, -0.06, -0.02, 0.02, 0.06, 0.1, 0.14], "m_right_No": [0.0, 0.0, 0.2, 0.5, 0.4, 0.7, 0.9, 1.0], "se_right_No": [0.0, 0.0, 0.1264911064067352, 0.15811388300841897, 0.15491933384829668, 0.14491376746189438, 0.09486832980505137, 0.0], "x_lr": [-0.2, -0.19, -0.18, -0.16999999999999998, -0.15999999999999998, -0.14999999999999997, -0.13999999999999996, -0.12999999999999995, -0.11999999999999994, -0.10999999999999993, -0.09999999999999992, -0.08999999999999991, -0.0799999999999999, -0.0699999999999999, -0.05999999999999989, -0.04999999999999988, -0.03999999999999987, -0.02999999999999986, -0.01999999999999985, -0.009999999999999842, 1.6653345369377348e-16, 0.010000000000000175, 0.020000000000000184, 0.030000000000000193, 0.0400000000000002, 0.05000000000000021, 0.06000000000000022, 0.07000000000000023, 0.08000000000000024, 0.09000000000000025, 0.10000000000000026, 0.11000000000000026, 0.12000000000000027, 0.13000000000000028, 0.1400000000000003, 0.1500000000000003, 0.1600000000000003, 0.17000000000000032, 0.18000000000000033, 0.19000000000000034], "y_pr_no": [0.0007996807089897268, 0.0013176702288427678, 0.002127027315734129, 0.0033640500066242558, 0.0052134611323961045, 0.007918089439401319, 0.011787101203023313, 0.017201009098452416, 0.024611381620088767, 0.03453311597886495, 0.047527435394385406, 0.06417450822615459, 0.08503577272690166, 0.11060760202326742, 0.1412696662390589, 0.1772329560839604, 0.21849358808895675, 0.26479889663886896, 0.315631708896415, 0.3702170393380871, 0.42755288269855485, 0.48646368302385246, 0.5456719157577115, 0.6038805931782045, 0.6598578770919393, 0.7125146655947149, 0.7609670738286143, 0.8045779505109278, 0.8429745454645732, 0.8760426307224854, 0.9039002385390755, 0.9268562810230068, 0.9453604097268095, 0.9599505233354565, 0.9712034920130803, 0.9796932232063689, 0.9859584839710724, 0.9904812355463551, 0.9936748660929332, 0.9958807617108304], "pearson_chi2": 60.184250797952096, "mean_perf_no": 78.75, "mse_no": 0.010936742267118887}