{"Hno": 0.048083084533424685, "Sigma": 0.04951291719087573, "signed_st": [-0.14, -0.1, -0.06, -0.02, 0.02, 0.06, 0.1, 0.14], "m_right_No": [0.0, 0.1, 0.2, 0.1, 0.4, 0.3, 0.9, 0.9], "se_right_No": [0.0, 0.09486832980505139, 0.1264911064067352, 0.09486832980505139, 0.15491933384829668, 0.14491376746189438, 0.09486832980505137, 0.09486832980505137], "x_lr": [-0.2, -0.19, -0.18, -0.16999999999999998, -0.15999999999999998, -0.14999999999999997, -0.13999999999999996, -0.12999999999999995, -0.11999999999999994, -0.10999999999999993, -0.09999999999999992, -0.08999999999999991, -0.0799999999999999, -0.0699999999999999, -0.05999999999999989, -0.04999999999999988, -0.03999999999999987, -0.02999999999999986, -0.01999999999999985, -0.009999999999999842, 1.6653345369377348e-16, 0.010000000000000175, 0.020000000000000184, 0.030000000000000193, 0.0400000000000002, 0.05000000000000021, 0.06000000000000022, 0.07000000000000023, 0.08000000000000024, 0.09000000000000025, 0.10000000000000026, 0.11000000000000026, 0.12000000000000027, 0.13000000000000028, 0.1400000000000003, 0.1500000000000003, 0.1600000000000003, 0.17000000000000032, 0.18000000000000033, 0.19000000000000034], "y_lr_no": [0.006623590990656147, 0.008094006504144373, 0.009887600342602708, 0.012073808237366295, 0.014736205467581122, 0.017975006464605505, 0.02190981866505578, 0.02668257580650344, 0.03246050887972253, 0.03943891701963895, 0.04784336961021049, 0.057930801578348075, 0.0699887602211153, 0.0843318417650204, 0.10129415988597118, 0.1212165899642496, 0.14442764391902507, 0.17121729522986393, 0.2018040368188478, 0.2362969921043092, 0.27465691481434173, 0.31666202685062356, 0.36188615563016735, 0.409696653799004, 0.45927739317119964, 0.5096776567336474, 0.5598819471472827, 0.6088904002759873, 0.6557966084970939, 0.6998503732937238, 0.7404969293856862, 0.7773899404896245, 0.8103810362413691, 0.8394923077610748, 0.8648794679109298, 0.8867926846159079, 0.9055402525790284, 0.921458126833686, 0.9348864820127859, 0.9461531444438142], "score_no": 0.788, "mean_perf_no": 76.25, "mse_no": 0.019828871988017856}