{"HRopt_": 0.04087897981826654, "SO_HRopt_": 0.06442288115166359, "xhat": [-0.2, -0.15000000000000002, -0.10000000000000003, -0.050000000000000044, -5.551115123125783e-17, 0.04999999999999993, 0.09999999999999992, 0.1499999999999999], "theo_pR": [8.059911152613619e-05, 0.0018626048870376, 0.021283840753558048, 0.12398074381487789, 0.3887023839984223, 0.7223743638364134, 0.9282008663721534, 0.9902317912090665], "partid": 3075, "sessionid": 14, "part_sessid": "3075_14"}