{"HRopt_": 0.047094187136813806, "SO_HRopt_": 0.07512204461357343, "xhat": [-0.2, -0.15000000000000002, -0.10000000000000003, -0.050000000000000044, -5.551115123125783e-17, 0.04999999999999993, 0.09999999999999992, 0.1499999999999999], "theo_pR": [0.0007071360315781261, 0.006971812123560461, 0.042200467001732966, 0.16042986955784166, 0.3975542310093635, 0.682010081273751, 0.8861562078139748, 0.9737704423382905], "partid": 3053, "sessionid": 14, "part_sessid": "3053_14"}