{"HRopt_": 0.05761645100311426, "SO_HRopt_": 0.1002583069038436, "xhat": [-0.2, -0.15000000000000002, -0.10000000000000003, -0.050000000000000044, -5.551115123125783e-17, 0.04999999999999993, 0.09999999999999992, 0.1499999999999999], "theo_pR": [0.02010200198649237, 0.0582249748072553, 0.1382856845914212, 0.2721719612949406, 0.4504752244962794, 0.6395797507067172, 0.7993024375017288, 0.9067374306548793], "partid": 3078, "sessionid": 14, "part_sessid": "3078_14"}