{"HRopt_": 0.018835339152423147, "SO_HRopt_": 0.04248515662958812, "xhat": [-0.2, -0.15000000000000002, -0.10000000000000003, -0.050000000000000044, -5.551115123125783e-17, 0.04999999999999993, 0.09999999999999992, 0.1499999999999999], "theo_pR": [0.00037402221375471, 0.006163678862149746, 0.051136989023901736, 0.2220691686640406, 0.5412091952369994, 0.8345206794396623, 0.9671810865975102, 0.9966317116143681], "partid": 3058, "sessionid": 14, "part_sessid": "3058_14"}