{"Dperf_oo": [100.0, 100.0, 94.44444444444444, 57.142857142857146], "Dse_perf_oo": [0.0, 0.0, 5.399029532264168, 13.226001425322165], "Sperf_oo": [100.0, 100.0, 100.0, 60.0], "Sse_perf_oo": [0.0, 0.0, 0.0, 12.649110640673516], "perf_no": [100.0, 95.0, 80.0, 65.0], "se_perf_no": [0.0, 4.873397172404484, 8.944271909999157, 10.66536450385077], "Dn_trials_oo": [19, 17, 18, 14], "Sn_trials_oo": [20, 20, 16, 15], "NOn_trials": [20, 20, 20, 20], "DRT_oo": [1.412976841610601, 1.6138327301185258, 1.421685356478705, 1.3719822667970218], "DsdRT_oo": [NaN, 0.0, 0.0, 0.013393902833789346], "SRT_oo": [NaN, NaN, 1.253957735825942, 1.4211937123311311], "SsdRT_oo": [NaN, NaN, 0.0, 0.15562248564848213], "DRT_OKoo": [0.9089261207453521, 1.0240820148231202, 1.05238361939438, 1.120230517134692], "DsdRT_OKoo": [0.04807489909734644, 0.04961470579529086, 0.03418496464573416, 0.016605746742136118], "SRT_OKoo": [0.9116750532501616, 0.9190026892658513, 0.9540590571158608, 0.88974772239703], "SsdRT_OKoo": [0.01476681667445256, 0.03550175381031344, 0.042973835528564125, 0.05362747404803761], "RT_no": [0.9451709852668475, 0.9022910618551045, 1.0530462701240797, 1.5051408881498016], "sdRT_no": [0.029806539196496167, 0.03524601649681052, 0.08349296452529696, 0.17027491298494937], "RT_noNOK": [NaN, 1.3088679787503046, 1.3184101509302337, 1.146668148507513], "sdRT_noNOK": [NaN, NaN, 0.19755118436235958, 0.07423175034592984], "Doptout": [5.0, 15.0, 10.0, 30.0], "Dse_optout": [4.873397172404482, 7.984359711335657, 6.708203932499369, 10.246950765959598], "Soptout": [0.0, 0.0, 20.0, 25.0], "Sse_optout": [0.0, 0.0, 8.944271909999161, 9.682458365518542]}