{"Dperf_oo": [100.0, 95.0, 85.0, 65.0], "Dse_perf_oo": [0.0, 4.873397172404484, 7.984359711335657, 10.66536450385077], "Sperf_oo": [93.33333333333333, 100.0, 90.9090909090909, 66.66666666666667], "Sse_perf_oo": [6.440611887195311, 0.0, 8.667841720414476, 19.245008972987527], "perf_no": [95.0, 90.0, 85.0, 60.0], "se_perf_no": [4.873397172404484, 6.708203932499368, 7.984359711335657, 10.954451150103322], "Dn_trials_oo": [20, 20, 20, 20], "Sn_trials_oo": [15, 7, 11, 6], "NOn_trials": [20, 20, 20, 20], "DRT_oo": [NaN, NaN, NaN, NaN], "DsdRT_oo": [NaN, NaN, NaN, NaN], "SRT_oo": [1.115529704835074, 1.0680597958021065, 1.1983366669549635, 1.081907744654015], "SsdRT_oo": [0.1227826613385811, 0.014865882917474621, 0.0848818676811902, 0.0243273205350073], "DRT_OKoo": [0.8229769800528706, 0.938923395374828, 0.9234831735790595, 0.9403095063307997], "DsdRT_OKoo": [0.0310143781698155, 0.03091200936821384, 0.037508015975574495, 0.038747937685562416], "SRT_OKoo": [0.8785924833906892, 1.0240288450924295, 0.9441651752431031, 1.0222260238027687], "SsdRT_OKoo": [0.031197226213038807, 0.13164346857601844, 0.09025850143523222, 0.06809927361056108], "RT_no": [0.9707863985602551, 0.980405832204876, 1.1134593114233295, 1.0495578481827497], "sdRT_no": [0.046874070046319036, 0.032344721493055395, 0.07131188612590761, 0.061934813395735464], "RT_noNOK": [0.8516422781236465, 1.2567901883904447, 1.099256062065539, 1.0369249394686106], "sdRT_noNOK": [NaN, 0.0, 0.0, 0.19177916593490932], "Doptout": [0.0, 0.0, 0.0, 0.0], "Dse_optout": [0.0, 0.0, 0.0, 0.0], "Soptout": [25.0, 65.0, 45.0, 70.0], "Sse_optout": [9.682458365518542, 10.66536450385077, 11.124297730643494, 10.2469507659596]}