{"in_or_out": "OK", "DHR_oo": 0.0550372081565104, "DHL_oo": 0.015332909379896759, "Dsigma_oo": 0.14779116687997615, "Dsigned_st": [-0.14, -0.1, -0.06, -0.02, 0.02, 0.06, 0.1, 0.14], "Dm_right_oob": [0.3, 0.0, 0.2, 0.4, 0.3, 0.7, 0.7, 0.5], "Dm_left_oob": [0.7, 1.0, 0.8, 0.6, 0.6, 0.2, 0.2, 0.1], "Dm_opt_oob": [0.0, 0.0, 0.0, 0.0, 0.1, 0.1, 0.1, 0.4], "Dse_right_oob": [0.14491376746189438, 0.0, 0.1264911064067352, 0.15491933384829668, 0.14491376746189438, 0.14491376746189438, 0.14491376746189438, 0.15811388300841897], "Dse_left_oob": [0.14491376746189438, 0.0, 0.12649110640673517, 0.15491933384829668, 0.15491933384829668, 0.1264911064067352, 0.1264911064067352, 0.09486832980505139], "Dse_opt_oob": [0.0, 0.0, 0.0, 0.0, 0.09486832980505139, 0.09486832980505139, 0.09486832980505139, 0.15491933384829668], "x_fit": [-0.2, -0.19183673469387758, -0.1836734693877551, -0.17551020408163265, -0.1673469387755102, -0.15918367346938778, -0.1510204081632653, -0.14285714285714285, -0.1346938775510204, -0.12653061224489798, -0.11836734693877551, -0.11020408163265306, -0.10204081632653061, -0.09387755102040816, -0.08571428571428572, -0.07755102040816327, -0.06938775510204082, -0.06122448979591838, -0.053061224489795916, -0.04489795918367345, -0.03673469387755102, -0.02857142857142858, -0.020408163265306117, -0.012244897959183654, -0.004081632653061218, 0.004081632653061218, 0.012244897959183682, 0.020408163265306145, 0.02857142857142858, 0.03673469387755102, 0.04489795918367348, 0.053061224489795944, 0.06122448979591838, 0.06938775510204082, 0.07755102040816325, 0.08571428571428574, 0.09387755102040818, 0.10204081632653061, 0.1102040816326531, 0.11836734693877554, 0.12653061224489798, 0.1346938775510204, 0.14285714285714285, 0.15102040816326534, 0.15918367346938778, 0.1673469387755102, 0.1755102040816327, 0.18367346938775514, 0.19183673469387758, 0.2], "DyR_fit": [0.04220435810416537, 0.04741773171224545, 0.053134878278611755, 0.05938538378173147, 0.06619819408486935, 0.07360128000923676, 0.08162128470315266, 0.09028315734201742, 0.0996097778028972, 0.10962157751526891, 0.1203361621776119, 0.13176794243017426, 0.14392777887057157, 0.1568226479758027, 0.1704553355389669, 0.1848241641314899, 0.19992276085542615, 0.21573987125257116, 0.2322592246889988, 0.24945945584078572, 0.2673140860790368, 0.285791567604048, 0.3048553921277569, 0.3244642647723476, 0.34457234266596876, 0.36512953650136526, 0.3860818721089252, 0.40737190791214845, 0.42893920301074445, 0.45072082960340865, 0.4726519225458651, 0.4946662580643224, 0.5166968530308655, 0.5386765757720811, 0.5605387591372266, 0.5822178065041861, 0.6036497815516122, 0.6247729729699577, 0.6455284258131364, 0.6658604318920138, 0.6857169724619571, 0.7050501074365599, 0.7238163064425863, 0.7419767181889784, 0.759497375825922, 0.7763493371884106, 0.7925087600228751, 0.8079569134569469, 0.8226801280650577, 0.8366696878829384], "DyL_fit": [0.9274429111479983, 0.9195084546818184, 0.9109354156156555, 0.9017006099071189, 0.891783250290815, 0.8811653241663251, 0.8698319643795797, 0.8577718065446241, 0.8449773263587768, 0.8314451503008051, 0.8171763331793915, 0.8021765962248817, 0.7864565197944715, 0.7700316852888676, 0.7529227615520779, 0.7351555318360219, 0.7167608583444698, 0.6977745824087753, 0.6782373594695651, 0.6581944292194539, 0.6376953224748362, 0.6167935075609803, 0.5955459801841103, 0.5740128018969604, 0.5522565933112982, 0.5303419891447769, 0.5083350629854309, 0.4863027302938764, 0.4643121386236154, 0.4424300543112446, 0.42072225496347637, 0.39925293694458874, 0.3780841467496393, 0.3572752446441636, 0.33688240827381943, 0.3169581831158045, 0.29755108568007715, 0.27870526429790843, 0.26046022118597656, 0.2428505982754745, 0.2259060280775802, 0.20965104964885506, 0.19410508855123487, 0.1792824985978132, 0.16519266216142592, 0.15184014491863196, 0.13922490012377797, 0.12734251686898612, 0.11618450629443389, 0.10573861937308271], "DyO_fit": [0.0303527307478364, 0.03307381360593609, 0.03592970610573276, 0.03891400631114961, 0.04201855562431567, 0.045233395824438194, 0.04854675091726768, 0.051945036113358434, 0.05541289583832598, 0.05893327218392597, 0.06248750464299657, 0.066055461344944, 0.06961570133495698, 0.07314566673532974, 0.07662190290895521, 0.08002030403248828, 0.08331638080010406, 0.08648554633865357, 0.08950341584143617, 0.09234611493976042, 0.09499059144612698, 0.09741492483497172, 0.09959862768813277, 0.10152293333069207, 0.10317106402273302, 0.10452847435385781, 0.10558306490564395, 0.10632536179397511, 0.10674865836564018, 0.10684911608534675, 0.10662582249065855, 0.10608080499108885, 0.10521900021949515, 0.10404817958375534, 0.10257883258895395, 0.10082401038000943, 0.09879913276831065, 0.09652176273213386, 0.09401135300088703, 0.09128896983251167, 0.08837699946046274, 0.085298842914585, 0.0820786050061788, 0.07874078321320843, 0.07530996201265205, 0.07181051789295745, 0.06826633985334696, 0.06470056967406701, 0.061135365640508366, 0.057591692743978906], "DyR_fit_stim": [0.09347075814142003, 0.1470824041700145, 0.21817347057523967, 0.3058232539563843, 0.4063003078365425, 0.5133938686373074, 0.6195243995522635, 0.717315157771288], "DyL_fit_stim": [0.8533775308854095, 0.7824156622270202, 0.6948780668263401, 0.5944755944383043, 0.48740391321598364, 0.38123793936961414, 0.28336185809340797, 0.19946451998885362], "DyO_fit_stim": [0.05315171097317051, 0.0705019336029653, 0.08694846259842026, 0.09970115160531134, 0.10629577894747388, 0.10536819199307845, 0.09711374235432857, 0.08322032223985842], "n": 80, "Dmse": 0.07389154016112322, "Dexito": false, "Dmean_perf_oo": 72.6027397260274, "Dmean_oo": 8.75, "DFit": 1}