{"Hno": -0.0014418983402824735, "Sigma": 0.06890723149126061, "signed_st": [-0.14, -0.1, -0.06, -0.02, 0.02, 0.06, 0.1, 0.14], "m_right_No": [0.0, 0.0, 0.2, 0.5, 0.8, 0.7, 1.0, 0.9], "se_right_No": [0.0, 0.0, 0.1264911064067352, 0.15811388300841897, 0.12649110640673517, 0.14491376746189438, 0.0, 0.09486832980505137], "x_lr": [-0.2, -0.19, -0.18, -0.16999999999999998, -0.15999999999999998, -0.14999999999999997, -0.13999999999999996, -0.12999999999999995, -0.11999999999999994, -0.10999999999999993, -0.09999999999999992, -0.08999999999999991, -0.0799999999999999, -0.0699999999999999, -0.05999999999999989, -0.04999999999999988, -0.03999999999999987, -0.02999999999999986, -0.01999999999999985, -0.009999999999999842, 1.6653345369377348e-16, 0.010000000000000175, 0.020000000000000184, 0.030000000000000193, 0.0400000000000002, 0.05000000000000021, 0.06000000000000022, 0.07000000000000023, 0.08000000000000024, 0.09000000000000025, 0.10000000000000026, 0.11000000000000026, 0.12000000000000027, 0.13000000000000028, 0.1400000000000003, 0.1500000000000003, 0.1600000000000003, 0.17000000000000032, 0.18000000000000033, 0.19000000000000034], "y_pr_no": [0.0019787617462029396, 0.0031057251310082387, 0.0047809484219659415, 0.007219348850560555, 0.010694764794301925, 0.015545169803809229, 0.022173722008664794, 0.031043828450079074, 0.04266656689520314, 0.057579311833272986, 0.07631528326458233, 0.09936493400614793, 0.1271314888586162, 0.1598843442522061, 0.1977151738046528, 0.24050219902871844, 0.28788795980075016, 0.339274947640665, 0.3938416874891237, 0.4505794750765756, 0.5083473421176112, 0.5659403570241841, 0.6221644995932151, 0.675910408716606, 0.726218463995439, 0.7723288955415364, 0.8137126970651205, 0.8500816763935889, 0.8813785801201763, 0.9077504643260621, 0.9295100421983371, 0.9470904637597766, 0.9609988777631375, 0.9717733357580371, 0.9799463591998685, 0.9860170698979996, 0.9904324266496152, 0.9935769984930409, 0.9957699382013374, 0.9972674191218709], "pearson_chi2": 94.75131503978386, "mean_perf_no": 83.75, "mse_no": 0.012251133555386878}