{"Hno": 0.032631074759947185, "Sigma": 0.08344713037030163, "signed_st": [-0.14, -0.1, -0.06, -0.02, 0.02, 0.06, 0.1, 0.14], "m_right_No": [0.0, 0.2, 0.1, 0.1, 0.4, 0.6, 0.9, 0.9], "se_right_No": [0.0, 0.1264911064067352, 0.09486832980505139, 0.09486832980505139, 0.15491933384829668, 0.15491933384829668, 0.09486832980505137, 0.09486832980505137], "x_lr": [-0.2, -0.19, -0.18, -0.16999999999999998, -0.15999999999999998, -0.14999999999999997, -0.13999999999999996, -0.12999999999999995, -0.11999999999999994, -0.10999999999999993, -0.09999999999999992, -0.08999999999999991, -0.0799999999999999, -0.0699999999999999, -0.05999999999999989, -0.04999999999999988, -0.03999999999999987, -0.02999999999999986, -0.01999999999999985, -0.009999999999999842, 1.6653345369377348e-16, 0.010000000000000175, 0.020000000000000184, 0.030000000000000193, 0.0400000000000002, 0.05000000000000021, 0.06000000000000022, 0.07000000000000023, 0.08000000000000024, 0.09000000000000025, 0.10000000000000026, 0.11000000000000026, 0.12000000000000027, 0.13000000000000028, 0.1400000000000003, 0.1500000000000003, 0.1600000000000003, 0.17000000000000032, 0.18000000000000033, 0.19000000000000034], "y_pr_no": [0.0026536429966253854, 0.003816011645529498, 0.005415674755969411, 0.007585795009355054, 0.010487877162025887, 0.014313536010408464, 0.019284875412141973, 0.025652995279151953, 0.03369417350679466, 0.04370336025708384, 0.055984779154534516, 0.07083965228917538, 0.08855134227152245, 0.10936851332472802, 0.13348722331839308, 0.16103313163947997, 0.19204520329472213, 0.22646237035755223, 0.2641145500210498, 0.304719201477646, 0.34788423818284775, 0.3931176249354208, 0.43984342660697184, 0.4874234971112388, 0.5351834693755143, 0.582441292808772, 0.6285363151063297, 0.6728568514976878, 0.7148643335199952, 0.7541124623079567, 0.7902602667703968, 0.8230785270089119, 0.8524496022209826, 0.8783612359329624, 0.9008953456468725, 0.9202131013608281, 0.9365377405140343, 0.9501365585908993, 0.9613033753287715, 0.9703425392671107], "pearson_chi2": 84.645798363002, "mean_perf_no": 80.0, "mse_no": 0.010602116754297031}