{"Hno": -0.015217362211782865, "Sigma": 0.05303552401649844, "signed_st": [-0.14, -0.1, -0.06, -0.02, 0.02, 0.06, 0.1, 0.14], "m_right_No": [0.0, 0.1, 0.1, 0.4, 0.9, 1.0, 0.9, 1.0], "se_right_No": [0.0, 0.09486832980505139, 0.09486832980505139, 0.15491933384829668, 0.09486832980505137, 0.0, 0.09486832980505137, 0.0], "x_lr": [-0.2, -0.19, -0.18, -0.16999999999999998, -0.15999999999999998, -0.14999999999999997, -0.13999999999999996, -0.12999999999999995, -0.11999999999999994, -0.10999999999999993, -0.09999999999999992, -0.08999999999999991, -0.0799999999999999, -0.0699999999999999, -0.05999999999999989, -0.04999999999999988, -0.03999999999999987, -0.02999999999999986, -0.01999999999999985, -0.009999999999999842, 1.6653345369377348e-16, 0.010000000000000175, 0.020000000000000184, 0.030000000000000193, 0.0400000000000002, 0.05000000000000021, 0.06000000000000022, 0.07000000000000023, 0.08000000000000024, 0.09000000000000025, 0.10000000000000026, 0.11000000000000026, 0.12000000000000027, 0.13000000000000028, 0.1400000000000003, 0.1500000000000003, 0.1600000000000003, 0.17000000000000032, 0.18000000000000033, 0.19000000000000034], "y_pr_no": [0.0002468701947382212, 0.0004910994193864124, 0.0009449057707975411, 0.001758763070430139, 0.0031675029292349373, 0.005521025001931718, 0.00931601612129646, 0.015222218763940856, 0.02409400533562032, 0.036956317773864045, 0.05495465196064134, 0.07926274608243922, 0.1109492917632045, 0.1508154436845442, 0.1992259034988545, 0.255964632017216, 0.32014844561893074, 0.39022568480290437, 0.4640728809982879, 0.5391826813887991, 0.6129161691396943, 0.6827777673518315, 0.7466655502161884, 0.8030556240556823, 0.8510945220072401, 0.8905937773694471, 0.921940363458756, 0.945950632212407, 0.9637010745884865, 0.9763667011754216, 0.9850893715979556, 0.9908873617281807, 0.9946070850642454, 0.9969103765125329, 0.9982869270574747, 0.999080963363019, 0.9995230357615001, 0.9997605836582545, 0.9998837844875371, 0.999945455435128], "pearson_chi2": 106.95492131361141, "mean_perf_no": 90.0, "mse_no": 0.008819146944373473}