{"Hno": -0.012238584476514911, "Sigma": 0.03486411151313731, "signed_st": [-0.14, -0.1, -0.06, -0.02, 0.02, 0.06, 0.1, 0.14], "m_right_No": [0.0, 0.0, 0.3, 0.5, 0.7, 0.9, 0.9, 1.0], "se_right_No": [0.0, 0.0, 0.14491376746189438, 0.15811388300841897, 0.14491376746189438, 0.09486832980505137, 0.09486832980505137, 0.0], "x_lr": [-0.2, -0.19, -0.18, -0.16999999999999998, -0.15999999999999998, -0.14999999999999997, -0.13999999999999996, -0.12999999999999995, -0.11999999999999994, -0.10999999999999993, -0.09999999999999992, -0.08999999999999991, -0.0799999999999999, -0.0699999999999999, -0.05999999999999989, -0.04999999999999988, -0.03999999999999987, -0.02999999999999986, -0.01999999999999985, -0.009999999999999842, 1.6653345369377348e-16, 0.010000000000000175, 0.020000000000000184, 0.030000000000000193, 0.0400000000000002, 0.05000000000000021, 0.06000000000000022, 0.07000000000000023, 0.08000000000000024, 0.09000000000000025, 0.10000000000000026, 0.11000000000000026, 0.12000000000000027, 0.13000000000000028, 0.1400000000000003, 0.1500000000000003, 0.1600000000000003, 0.17000000000000032, 0.18000000000000033, 0.19000000000000034], "y_lr_no": [0.004561547751778969, 0.006067676285422053, 0.008067067172903182, 0.010718182962453386, 0.014228049630371702, 0.01886536864211166, 0.024975825411940197, 0.032998881394108864, 0.04348426522770415, 0.05710462680547692, 0.07465823729109965, 0.09705232184557899, 0.12525437363057276, 0.16019760042323952, 0.20263104852577773, 0.2529192966952115, 0.31082292576998216, 0.37532318063590364, 0.44457395372574543, 0.5160466995841472, 0.5868689660459057, 0.6542706036664764, 0.7159972812313277, 0.7705678666512744, 0.8173280114470542, 0.8563348540513352, 0.8881522064499575, 0.9136336922977365, 0.9337429911688638, 0.949429260170674, 0.9615547288992888, 0.9708620711277833, 0.9779677970781511, 0.9833703653015013, 0.9874651370801847, 0.9905613168850086, 0.9928982235114757, 0.9946596589298956, 0.9959859762437983, 0.9969838906679327], "score_no": 0.838, "mean_perf_no": 83.75, "mse_no": 0.0038487990373815644}