{"Hno": 0.06366047281616163, "Sigma": 0.05478569034648744, "signed_st": [-0.14, -0.1, -0.06, -0.02, 0.02, 0.06, 0.1, 0.14], "m_right_No": [0.0, 0.0, 0.1, 0.3, 0.3, 0.5, 0.6, 0.8], "se_right_No": [0.0, 0.0, 0.09486832980505139, 0.14491376746189438, 0.14491376746189438, 0.15811388300841897, 0.15491933384829668, 0.12649110640673517], "x_lr": [-0.2, -0.19, -0.18, -0.16999999999999998, -0.15999999999999998, -0.14999999999999997, -0.13999999999999996, -0.12999999999999995, -0.11999999999999994, -0.10999999999999993, -0.09999999999999992, -0.08999999999999991, -0.0799999999999999, -0.0699999999999999, -0.05999999999999989, -0.04999999999999988, -0.03999999999999987, -0.02999999999999986, -0.01999999999999985, -0.009999999999999842, 1.6653345369377348e-16, 0.010000000000000175, 0.020000000000000184, 0.030000000000000193, 0.0400000000000002, 0.05000000000000021, 0.06000000000000022, 0.07000000000000023, 0.08000000000000024, 0.09000000000000025, 0.10000000000000026, 0.11000000000000026, 0.12000000000000027, 0.13000000000000028, 0.1400000000000003, 0.1500000000000003, 0.1600000000000003, 0.17000000000000032, 0.18000000000000033, 0.19000000000000034], "y_lr_no": [0.008061358337271679, 0.009660046909631785, 0.011572080789542472, 0.013857272170756042, 0.01658615826215051, 0.01984162605919447, 0.023720652205107568, 0.028336102058775958, 0.03381849515357369, 0.04031759419565489, 0.04800360967833283, 0.057067731586426654, 0.06772160600476021, 0.0801952753873321, 0.09473301246924203, 0.11158642600879974, 0.13100424143205439, 0.15321831255961813, 0.17842575788501294, 0.2067676796855555, 0.23830571919503904, 0.27299865279784585, 0.31068216416188293, 0.35105555140449485, 0.3936791113761348, 0.43798501618976293, 0.48330261216532705, 0.528896518257159, 0.5740132980165151, 0.6179305911364952, 0.6600020298737074, 0.6996922215710728, 0.7365982301736452, 0.770456653048687, 0.8011378124024415, 0.8286302221473225, 0.8530191576423053, 0.8744629691724877, 0.8931700415546777, 0.909378342537711], "score_no": 0.775, "mean_perf_no": 72.5, "mse_no": 0.0036115838307298957}