{"Hno": -0.008383605120777507, "Sigma": 0.042938754574102074, "signed_st": [-0.14, -0.1, -0.06, -0.02, 0.02, 0.06, 0.1, 0.14], "m_right_No": [0.0, 0.1, 0.2, 0.5, 0.8, 0.8, 0.8, 1.0], "se_right_No": [0.0, 0.09486832980505139, 0.1264911064067352, 0.15811388300841897, 0.12649110640673517, 0.12649110640673517, 0.12649110640673517, 0.0], "x_lr": [-0.2, -0.19, -0.18, -0.16999999999999998, -0.15999999999999998, -0.14999999999999997, -0.13999999999999996, -0.12999999999999995, -0.11999999999999994, -0.10999999999999993, -0.09999999999999992, -0.08999999999999991, -0.0799999999999999, -0.0699999999999999, -0.05999999999999989, -0.04999999999999988, -0.03999999999999987, -0.02999999999999986, -0.01999999999999985, -0.009999999999999842, 1.6653345369377348e-16, 0.010000000000000175, 0.020000000000000184, 0.030000000000000193, 0.0400000000000002, 0.05000000000000021, 0.06000000000000022, 0.07000000000000023, 0.08000000000000024, 0.09000000000000025, 0.10000000000000026, 0.11000000000000026, 0.12000000000000027, 0.13000000000000028, 0.1400000000000003, 0.1500000000000003, 0.1600000000000003, 0.17000000000000032, 0.18000000000000033, 0.19000000000000034], "y_lr_no": [0.01140141052425051, 0.014348443259612017, 0.01804332104175217, 0.022667787715667888, 0.028443164369729556, 0.03563635722568654, 0.044565243756303996, 0.05560232300512671, 0.06917495151544242, 0.08575982375439306, 0.10586871544090205, 0.13002214504322865, 0.15870795222052775, 0.19232341876216258, 0.2311030158369201, 0.2750392730213375, 0.3238107531600794, 0.3767363798436581, 0.4327759929405812, 0.4905900622788739, 0.5486569406595011, 0.6054283550590476, 0.6594906806942661, 0.7096974698708762, 0.7552487989394043, 0.795710104657575, 0.8309794466194232, 0.861221737850261, 0.8867900733647006, 0.9081501273490087, 0.9258171750051866, 0.9403093751388957, 0.9521168372153342, 0.9616838274398821, 0.9694007772004833, 0.9756029475208795, 0.9805731898546416, 0.9845469175348089, 0.987718005444346, 0.9902448100760282], "score_no": 0.825, "mean_perf_no": 82.5, "mse_no": 0.007495972729681392}