{"HRopt_": 0.015978090536826136, "SO_HRopt_": 0.06234898739756488, "xhat": [-0.2, -0.15000000000000002, -0.10000000000000003, -0.050000000000000044, -5.551115123125783e-17, 0.04999999999999993, 0.09999999999999992, 0.1499999999999999], "theo_pR": [0.0690290808144699, 0.14916771248596006, 0.2752676758477547, 0.43884169894854635, 0.6137647718779107, 0.7679756733895, 0.8800522455308617, 0.947200969571864], "partid": 3073, "sessionid": 20, "part_sessid": "3073_20"}