{"HRopt_": 0.10038508636437281, "SO_HRopt_": 0.19763137990639046, "xhat": [-0.2, -0.15000000000000002, -0.10000000000000003, -0.050000000000000044, -5.551115123125783e-17, 0.04999999999999993, 0.09999999999999992, 0.1499999999999999], "theo_pR": [0.20087855476370464, 0.26525664265525684, 0.33872033325322604, 0.41890579064045574, 0.5026214510018631, 0.5862214063988493, 0.6660748455992348, 0.7390322595909443], "partid": 3069, "sessionid": 20, "part_sessid": "3069_20"}