{"HRopt_": 0.026771031971384158, "SO_HRopt_": 0.04820554009871756, "xhat": [-0.2, -0.15000000000000002, -0.10000000000000003, -0.050000000000000044, -5.551115123125783e-17, 0.04999999999999993, 0.09999999999999992, 0.1499999999999999], "theo_pR": [4.493787592008136e-05, 0.0015485757402866618, 0.022780365287172533, 0.14894859405916036, 0.46713791564159063, 0.809490572211014, 0.9667106545080772, 0.9973888709983597], "partid": 3053, "sessionid": 20, "part_sessid": "3053_20"}