{"Dperf_oo": [100.0, 100.0, 50.0], "Dse_perf_oo": [0.0, 0.0, 15.811388300841896], "Sperf_oo": [100.0, 81.81818181818181, 33.333333333333336], "Sse_perf_oo": [0.0, 11.629129983033296, 19.245008972987527], "perf_no": [100.0, 75.0, 35.0], "se_perf_no": [0.0, 9.682458365518542, 10.66536450385077], "Dn_trials_oo": [19, 15, 10], "Sn_trials_oo": [17, 11, 6], "NOn_trials": [20, 20, 20], "DRT_oo": [2.019404229031138, 1.0542073559888234, 1.1252835204197025], "DsdRT_oo": [NaN, 0.009644091688969632, 0.09431199424610509], "SRT_oo": [1.0443610636695086, 0.9888983053452908, 1.020867106590885], "SsdRT_oo": [0.0, 0.03362760203950773, 0.026512333514759394], "DRT_OKoo": [1.0119667614771841, 0.9725253278988307, 1.0017195846206866], "DsdRT_OKoo": [0.018940341070024964, 0.019012742038116256, 0.01287754382211703], "SRT_OKoo": [0.9573690706304466, 0.9727785179087601, 0.9532230784456178], "SsdRT_OKoo": [0.007463738974687506, 0.01772547046048522, 0.0], "RT_no": [1.05024773966981, 1.0084150636336227, 0.995199932285551], "sdRT_no": [0.09463031763438581, 0.03479080619467565, 0.03471384577879549], "RT_noNOK": [NaN, 1.3501728374382564, 1.060129197095433], "sdRT_noNOK": [NaN, 0.015217796409112697, 0.12144203339225282], "Doptout": [5.0, 25.0, 50.0], "Dse_optout": [4.873397172404482, 9.682458365518542, 11.180339887498949], "Soptout": [15.0, 45.0, 70.0], "Sse_optout": [7.984359711335657, 11.124297730643494, 10.2469507659596]}