{"Hno": -0.12916332595140095, "Sigma": 0.20935016778772123, "signed_st": [-0.22999999999999998, -0.15000000000000002, -0.06999999999999995, 0.06999999999999995, 0.15000000000000002, 0.22999999999999998], "m_right_No": [0.1, 0.7, 0.7, 0.8, 0.8, 1.0], "se_right_No": [0.09486832980505139, 0.14491376746189438, 0.14491376746189438, 0.12649110640673517, 0.12649110640673517, 0.0], "x_lr": [-1.0, -0.9, -0.8, -0.7000000000000001, -0.6000000000000001, -0.5000000000000001, -0.40000000000000013, -0.30000000000000016, -0.20000000000000018, -0.1000000000000002, -2.220446049250313e-16, 0.09999999999999964, 0.19999999999999973, 0.2999999999999998, 0.3999999999999997, 0.49999999999999956, 0.5999999999999996, 0.6999999999999997, 0.7999999999999996, 0.8999999999999995, 0.9999999999999996], "y_pr_no": [1.5932367152880726e-05, 0.00011568541870914127, 0.0006767776737042723, 0.0031984858073973855, 0.012255010185000397, 0.038249570251394305, 0.09788423393749485, 0.2072405919195507, 0.36754424491392146, 0.5553950546281459, 0.7313736142518705, 0.8631630782409425, 0.9420606423634279, 0.9798167315840505, 0.9942585130981629, 0.9986734729672626, 0.999752071182514, 0.9999626274253572, 0.9999954668411362, 0.9999995583254081, 0.9999999654813271], "pearson_chi2": 58.79555251580235, "mean_perf_no": 68.33333333333333, "mse_no": 0.021015647371976014}