{"Hno": 0.04225907133962829, "Sigma": 0.309375477094609, "signed_st": [-0.22999999999999998, -0.15000000000000002, -0.06999999999999995, 0.06999999999999995, 0.15000000000000002, 0.22999999999999998], "m_right_No": [0.2, 0.4, 0.3, 0.3, 0.6, 0.9], "se_right_No": [0.1264911064067352, 0.15491933384829668, 0.14491376746189438, 0.14491376746189438, 0.15491933384829668, 0.09486832980505137], "x_lr": [-1.0, -0.9, -0.8, -0.7000000000000001, -0.6000000000000001, -0.5000000000000001, -0.40000000000000013, -0.30000000000000016, -0.20000000000000018, -0.1000000000000002, -2.220446049250313e-16, 0.09999999999999964, 0.19999999999999973, 0.2999999999999998, 0.3999999999999997, 0.49999999999999956, 0.5999999999999996, 0.6999999999999997, 0.7999999999999996, 0.8999999999999995, 0.9999999999999996], "y_pr_no": [0.0003773262029730332, 0.0011607692607978667, 0.003239998137575001, 0.008215075192362151, 0.018947636052450097, 0.03982213041974959, 0.0764271186093244, 0.13430045704957666, 0.21679640427160346, 0.322820347111575, 0.4456755563630116, 0.5740273951648697, 0.6949283380370624, 0.7976060325216564, 0.8762274166517534, 0.9305052276914876, 0.9642898849252409, 0.9832495361533606, 0.9928424929446922, 0.9972185527182347, 0.9990183331973355], "pearson_chi2": 60.010699375142025, "mean_perf_no": 65.0, "mse_no": 0.017936108159039316}