{"Hno": -0.08652720525810643, "Sigma": 0.23534470041442707, "signed_st": [-0.22999999999999998, -0.15000000000000002, -0.06999999999999995, 0.06999999999999995, 0.15000000000000002, 0.22999999999999998], "m_right_No": [0.2, 0.4, 0.7, 0.6, 0.9, 0.9], "se_right_No": [0.1264911064067352, 0.15491933384829668, 0.14491376746189438, 0.15491933384829668, 0.09486832980505137, 0.09486832980505137], "x_lr": [-1.0, -0.9, -0.8, -0.7000000000000001, -0.6000000000000001, -0.5000000000000001, -0.40000000000000013, -0.30000000000000016, -0.20000000000000018, -0.1000000000000002, -2.220446049250313e-16, 0.09999999999999964, 0.19999999999999973, 0.2999999999999998, 0.3999999999999997, 0.49999999999999956, 0.5999999999999996, 0.6999999999999997, 0.7999999999999996, 0.8999999999999995, 0.9999999999999996], "y_pr_no": [5.1923097701085636e-05, 0.00027360304892756017, 0.0012162758101291631, 0.004570984256035488, 0.014562504795870923, 0.03946898868456548, 0.09143452483260323, 0.18218637657293058, 0.3148476630099634, 0.47717419124387245, 0.6434372055297426, 0.7859858728246978, 0.8882889687746673, 0.9497451429988645, 0.9806468740255798, 0.9936523603970527, 0.9982335641098653, 0.9995841479054717, 0.9999173666137326, 0.9999861649119967, 0.9999980510005569], "pearson_chi2": 59.97747955909594, "mean_perf_no": 68.33333333333333, "mse_no": 0.009949885847486134}