{"Hno": -8.616692263154069e-13, "Sigma": 0.28172406146704254, "signed_st": [-0.24, -0.16000000000000003, -0.07999999999999996, 0.07999999999999996, 0.16000000000000003, 0.24], "m_right_No": [0.3, 0.3, 0.5, 0.5, 0.8, 0.6], "se_right_No": [0.14491376746189438, 0.14491376746189438, 0.15811388300841897, 0.15811388300841897, 0.12649110640673517, 0.15491933384829668], "x_lr": [-1.0, -0.9, -0.8, -0.7000000000000001, -0.6000000000000001, -0.5000000000000001, -0.40000000000000013, -0.30000000000000016, -0.20000000000000018, -0.1000000000000002, -2.220446049250313e-16, 0.09999999999999964, 0.19999999999999973, 0.2999999999999998, 0.3999999999999997, 0.49999999999999956, 0.5999999999999996, 0.6999999999999997, 0.7999999999999996, 0.8999999999999995, 0.9999999999999996], "y_lr_no": [0.027934177902766394, 0.039368861789592216, 0.05521837418330229, 0.0769376949777993, 0.10623934073626626, 0.14494811711861946, 0.1946883882056391, 0.25637955440246235, 0.3296177298879867, 0.4121808176631628, 0.5000000000007645, 0.5878191823383189, 0.6703822701133647, 0.7436204455987038, 0.8053116117953197, 0.8550518828821384, 0.8937606592643145, 0.923062305022635, 0.9447816258170167, 0.9606311382106392, 0.9720658220973997], "score_no": 0.633, "mean_perf_no": 63.33333333333333, "mse_no": 0.008350107519335735}