{"HRopt_": 0.24279251752144548, "SO_HRopt_": 0.5147185575257617, "xhat": [-0.5, -0.45, -0.4, -0.35000000000000003, -0.30000000000000004, -0.25000000000000006, -0.20000000000000007, -0.15000000000000008, -0.10000000000000009, -0.0500000000000001, -1.1102230246251565e-16, 0.04999999999999982, 0.09999999999999987, 0.1499999999999999, 0.19999999999999984, 0.24999999999999978, 0.2999999999999998, 0.34999999999999987, 0.3999999999999998, 0.44999999999999973], "theo_pR": [0.24457242602215515, 0.26890862916765845, 0.2944038786635115, 0.32096141945791334, 0.3484681260423156, 0.37679583677906564, 0.40580308357310774, 0.43533717993520105, 0.4652366170105273, 0.49533370533794696, 0.525457390542268, 0.5554361643223011, 0.5851009883262692, 0.6142881479948805, 0.6428419562270619, 0.6706172326429182, 0.6974814929835097, 0.7233167943582001, 0.7480211950753061, 0.7715098020385347], "partid": 992, "sessionid": 15, "part_sessid": "992_15"}