{"HRopt_": 0.17387493005974103, "SO_HRopt_": 0.32684189272810454, "xhat": [-0.5, -0.45, -0.4, -0.35000000000000003, -0.30000000000000004, -0.25000000000000006, -0.20000000000000007, -0.15000000000000008, -0.10000000000000009, -0.0500000000000001, -1.1102230246251565e-16, 0.04999999999999982, 0.09999999999999987, 0.1499999999999999, 0.19999999999999984, 0.24999999999999978, 0.2999999999999998, 0.34999999999999987, 0.3999999999999998, 0.44999999999999973], "theo_pR": [0.08388427295227341, 0.10654724168471574, 0.13332866014244205, 0.16441202432829738, 0.19984438818975706, 0.23951326546797214, 0.28313243221972084, 0.33023911223447533, 0.3802040449375924, 0.43225465156963905, 0.48551008993205236, 0.5390256176723884, 0.5918425704795223, 0.6430395749056965, 0.6917804631560496, 0.7373547631236415, 0.7792075373373588, 0.8169565997786645, 0.8503965607468835, 0.8794905332743229], "partid": 1006, "sessionid": 15, "part_sessid": "1006_15"}