{"HRopt_": 0.5834031206480854, "SO_HRopt_": 1.0581037614516113, "xhat": [-0.5, -0.45, -0.4, -0.35000000000000003, -0.30000000000000004, -0.25000000000000006, -0.20000000000000007, -0.15000000000000008, -0.10000000000000009, -0.0500000000000001, -1.1102230246251565e-16, 0.04999999999999982, 0.09999999999999987, 0.1499999999999999, 0.19999999999999984, 0.24999999999999978, 0.2999999999999998, 0.34999999999999987, 0.3999999999999998, 0.44999999999999973], "theo_pR": [0.3060596570007412, 0.32140579201653696, 0.3370630128124871, 0.3530077361933448, 0.36921486018098865, 0.385657879687589, 0.40230901467352176, 0.41913934977618267, 0.43611898425155365, 0.4532171909393444, 0.4704025828469432, 0.4876432858491361, 0.5049071159212595, 0.5221617592644082, 0.539374953643571, 0.556514669243698, 0.5735492873550105, 0.5904477752272348, 0.6071798554823856, 0.6237161685464309], "partid": 994, "sessionid": 15, "part_sessid": "994_15"}