{"H_st": 0.03844387187765291, "st_sigma": 0.15319911856571472, "signed_stair": [-0.7, -0.6599999999999999, -0.62, -0.5800000000000001, -0.54, -0.38, -0.33999999999999997, -0.30000000000000004, -0.21999999999999997, -0.18000000000000005, -0.17000000000000004, -0.16000000000000003, -0.15000000000000002, -0.14, -0.13, -0.12, 0.09999999999999998, 0.13, 0.14, 0.15000000000000002, 0.16000000000000003, 0.18000000000000005, 0.19999999999999996, 0.26, 0.30000000000000004, 0.33999999999999997, 0.42000000000000004, 0.45999999999999996, 0.5], "m_right": [NaN, NaN, NaN, NaN, 0.0, 0.0, 0.0, 0.0, 0.0, 0.0, 0.0, 0.25, 0.25, 0.5, 1.0, 0.5, 0.0, 0.0, 0.3333333333333333, 1.0, 0.8333333333333334, 0.6666666666666666, 1.0, 0.6666666666666666, 1.0, 1.0, 1.0, 1.0, 1.0], "se_right": [NaN, NaN, NaN, NaN, 0.0, 0.0, 0.0, 0.0, 0.0, 0.0, 0.0, 0.21650635094610965, 0.21650635094610965, 0.25, 0.0, 0.3535533905932738, 0.0, 0.0, 0.19245008972987526, 0.0, 0.15214515486254612, 0.2721655269759087, 0.0, 0.2721655269759087, 0.0, 0.0, 0.0, 0.0, 0.0], "x_lr": [-1.0, -0.9, -0.8, -0.7000000000000001, -0.6000000000000001, -0.5000000000000001, -0.40000000000000013, -0.30000000000000016, -0.20000000000000018, -0.1000000000000002, -2.220446049250313e-16, 0.09999999999999964, 0.19999999999999973, 0.2999999999999998, 0.3999999999999997, 0.49999999999999956, 0.5999999999999996, 0.6999999999999997, 0.7999999999999996, 0.8999999999999995, 0.9999999999999996], "y_lr": [0.0011368082665909362, 0.0021813056211121523, 0.004181467785599926, 0.008000985083572458, 0.015255949909976765, 0.028897781550172003, 0.05406833429752303, 0.09892946975164739, 0.17415935825787188, 0.28829364849227623, 0.437592009963585, 0.5991211848741486, 0.7416476634724112, 0.8464851371264351, 0.9137290000303132, 0.9531484153479433, 0.9750479596867969, 0.9868523361963222, 0.9931117190118858, 0.9964019792745927, 0.9981235814117666], "score": 0.732}