{"H_st": -0.139846866506407, "st_sigma": 0.13455967762750262, "signed_stair": [-0.7, -0.62, -0.54, -0.5, -0.45999999999999996, -0.42000000000000004, -0.38, -0.26, -0.22999999999999998, -0.21999999999999997, -0.20999999999999996, -0.19999999999999996, -0.18000000000000005, -0.16000000000000003, -0.15000000000000002, -0.14, 0.09999999999999998, 0.12, 0.13, 0.14, 0.16000000000000003, 0.17000000000000004, 0.18000000000000005, 0.18999999999999995, 0.19999999999999996, 0.21999999999999997, 0.24, 0.26, 0.30000000000000004, 0.33999999999999997, 0.5800000000000001, 0.6599999999999999], "m_right": [NaN, NaN, 0.0, 0.0, 0.0, 0.0, 0.0, 0.0, 0.0, 1.0, 0.5, 0.4, 0.8, 0.0, 0.0, 0.75, 0.0, 0.0, 1.0, 0.5, 1.0, 1.0, 1.0, 1.0, 1.0, 1.0, 1.0, 1.0, 1.0, 1.0, NaN, NaN], "se_right": [NaN, NaN, 0.0, 0.0, 0.0, 0.0, 0.0, 0.0, 0.0, 0.0, 0.3535533905932738, 0.21908902300206645, 0.17888543819998315, 0.0, 0.0, 0.21650635094610965, 0.0, 0.0, 0.0, 0.3535533905932738, 0.0, 0.0, 0.0, 0.0, 0.0, 0.0, 0.0, 0.0, 0.0, 0.0, NaN, NaN], "x_lr": [-1.0, -0.9, -0.8, -0.7000000000000001, -0.6000000000000001, -0.5000000000000001, -0.40000000000000013, -0.30000000000000016, -0.20000000000000018, -0.1000000000000002, -2.220446049250313e-16, 0.09999999999999964, 0.19999999999999973, 0.2999999999999998, 0.3999999999999997, 0.49999999999999956, 0.5999999999999996, 0.6999999999999997, 0.7999999999999996, 0.8999999999999995, 0.9999999999999996], "y_lr": [0.0016715111078227385, 0.003508018952641101, 0.0073474679105805345, 0.015324485492577023, 0.03168556744233077, 0.06437250093798585, 0.12637845987847637, 0.23322289515243858, 0.39006551368593184, 0.5734956630367143, 0.7387134743535406, 0.8560000154802759, 0.9259186032054836, 0.9633423447446754, 0.9822236698637696, 0.9914659108019673, 0.9959228866706982, 0.9980567441492564, 0.9990748323283992, 0.9995597707668517, 0.9997905758180258], "score": 0.75}