{"H_st": 0.022667963257317406, "st_sigma": 0.1375107416054175, "signed_stair": [-0.7, -0.6599999999999999, -0.45999999999999996, -0.42000000000000004, -0.30000000000000004, -0.18000000000000005, -0.16000000000000003, -0.15000000000000002, -0.14, -0.13, -0.12, -0.10999999999999999, -0.09999999999999998, 0.12, 0.13, 0.14, 0.15000000000000002, 0.16000000000000003, 0.17000000000000004, 0.18000000000000005, 0.21999999999999997, 0.26, 0.33999999999999997, 0.38, 0.5, 0.54, 0.5800000000000001, 0.62], "m_right": [NaN, NaN, 0.0, 0.0, 0.0, 0.0, 0.0, 0.0, 0.625, 0.0, 0.0, 1.0, 1.0, 0.0, 0.0, 0.4, 0.6666666666666666, 1.0, 1.0, 1.0, 1.0, 1.0, 1.0, 1.0, 1.0, 1.0, NaN, NaN], "se_right": [NaN, NaN, 0.0, 0.0, 0.0, 0.0, 0.0, 0.0, 0.1711632992203644, 0.0, 0.0, 0.0, 0.0, 0.0, 0.0, 0.21908902300206645, 0.2721655269759087, 0.0, 0.0, 0.0, 0.0, 0.0, 0.0, 0.0, 0.0, 0.0, NaN, NaN], "x_lr": [-1.0, -0.9, -0.8, -0.7000000000000001, -0.6000000000000001, -0.5000000000000001, -0.40000000000000013, -0.30000000000000016, -0.20000000000000018, -0.1000000000000002, -2.220446049250313e-16, 0.09999999999999964, 0.19999999999999973, 0.2999999999999998, 0.3999999999999997, 0.49999999999999956, 0.5999999999999996, 0.6999999999999997, 0.7999999999999996, 0.8999999999999995, 0.9999999999999996], "y_lr": [0.0005887004505155194, 0.00121743819747257, 0.002515983436376199, 0.005192383886734614, 0.01068533149845727, 0.021861490524036874, 0.04420486677643601, 0.08734494846265513, 0.16530462280171165, 0.2906847021755482, 0.4588818104128383, 0.6370009384556836, 0.7840772419760529, 0.8825499978982781, 0.9395746542964031, 0.9698581293645103, 0.9852033966500644, 0.9927944092117998, 0.9965048659609556, 0.9983079115341043, 0.9991815783470722], "score": 0.732}