{"H_st": 0.07434345783448361, "st_sigma": 0.13818849465143945, "signed_stair": [-0.5800000000000001, -0.54, -0.38, -0.33999999999999997, -0.30000000000000004, -0.26, -0.21999999999999997, -0.19999999999999996, -0.18000000000000005, -0.17000000000000004, -0.16000000000000003, -0.15000000000000002, -0.14, -0.13, -0.12, -0.09999999999999998, 0.09999999999999998, 0.10999999999999999, 0.12, 0.13, 0.14, 0.15000000000000002, 0.16000000000000003, 0.18000000000000005, 0.19999999999999996, 0.21999999999999997, 0.42000000000000004, 0.45999999999999996, 0.5, 0.62, 0.6599999999999999, 0.7], "m_right": [NaN, 0.0, 0.0, 0.0, 0.0, 0.0, 0.0, 0.0, 0.3333333333333333, 0.0, 0.0, 0.0, 0.6666666666666666, 0.0, 0.0, 0.0, 0.0, 0.0, 0.0, 0.0, 1.0, 0.6666666666666666, 0.75, 0.75, 1.0, 1.0, 1.0, 1.0, 1.0, NaN, NaN, NaN], "se_right": [NaN, 0.0, 0.0, 0.0, 0.0, 0.0, 0.0, 0.0, 0.2721655269759087, 0.0, 0.0, 0.0, 0.19245008972987526, 0.0, 0.0, 0.0, 0.0, 0.0, 0.0, 0.0, 0.0, 0.2721655269759087, 0.21650635094610965, 0.21650635094610965, 0.0, 0.0, 0.0, 0.0, 0.0, NaN, NaN, NaN], "x_lr": [-1.0, -0.9, -0.8, -0.7000000000000001, -0.6000000000000001, -0.5000000000000001, -0.40000000000000013, -0.30000000000000016, -0.20000000000000018, -0.1000000000000002, -2.220446049250313e-16, 0.09999999999999964, 0.19999999999999973, 0.2999999999999998, 0.3999999999999997, 0.49999999999999956, 0.5999999999999996, 0.6999999999999997, 0.7999999999999996, 0.8999999999999995, 0.9999999999999996], "y_lr": [0.00042015008153920296, 0.0008659395949714255, 0.001783878568455177, 0.00367130294145186, 0.00754062245477151, 0.015424823868537697, 0.031292542410978494, 0.06244825769429259, 0.12075664784735167, 0.22069254408933844, 0.3686562439692522, 0.5462829685669506, 0.7128594830109667, 0.8365749809106656, 0.9134582814536367, 0.9560711207609227, 0.9782022480948398, 0.9893085176717804, 0.9947861440611214, 0.9974645800220742, 0.9987687662738445], "score": 0.732}