{"Dperf_oo": [100.0, 89.47368421052632, 76.47058823529412, 78.57142857142857], "Dse_perf_oo": [0.0, 7.040590042736196, 10.287936849355368, 10.966421051124836], "Sperf_oo": [100.0, 100.0, 64.70588235294117, 91.66666666666667], "Sse_perf_oo": [0.0, 0.0, 11.59040430757386, 7.978559231302815], "perf_no": [100.0, 90.0, 75.0, 65.0], "se_perf_no": [0.0, 6.708203932499368, 9.682458365518542, 10.66536450385077], "Dn_trials_oo": [20, 19, 17, 14], "Sn_trials_oo": [20, 19, 17, 12], "NOn_trials": [20, 20, 20, 20], "DRT_oo": [NaN, 1.6889299886355866, 1.6955982913129404, 1.5883675872931797], "DsdRT_oo": [NaN, NaN, 0.0, 0.07686965088041905], "SRT_oo": [NaN, 1.3956819594216576, 1.3573580943606873, 1.6979667968143304], "SsdRT_oo": [NaN, NaN, 0.0, 0.3221232100535794], "DRT_OKoo": [0.9419480247104361, 0.9472826667351429, 1.0247293360648466, 1.0000691995973372], "DsdRT_OKoo": [0.025194062290420517, 0.04158052379189681, 0.09576498835373778, 0.06990072830827884], "SRT_OKoo": [0.9244877673550175, 0.9506042362755874, 0.9717729503912187, 0.9443888754051917], "SsdRT_OKoo": [0.012257154986198194, 0.026292685931817678, 0.021815250048507682, 0.019074828868626274], "RT_no": [0.9539100784217713, 0.9385792738660312, 1.002050817878959, 1.1145375275380045], "sdRT_no": [0.016436868000459133, 0.023299087292965787, 0.02236832855467429, 0.10573245706244716], "RT_noNOK": [NaN, 2.287451010058882, 1.0511194566069748, 1.3714873453875764], "sdRT_noNOK": [NaN, 0.0, 0.2884229465023445, 0.13532332512517686], "Doptout": [0.0, 5.0, 15.0, 30.0], "Dse_optout": [0.0, 4.873397172404482, 7.984359711335657, 10.246950765959598], "Soptout": [0.0, 5.0, 15.0, 40.0], "Sse_optout": [0.0, 4.873397172404482, 7.984359711335657, 10.954451150103322]}