{"Dperf_oo": [100.0, 100.0, 85.71428571428571, 100.0], "Dse_perf_oo": [0.0, 0.0, 13.226001425322165, 0.0], "Sperf_oo": [100.0, 100.0, 100.0, 50.0], "Sse_perf_oo": [0.0, 0.0, 0.0, 25.0], "perf_no": [90.0, 85.0, 60.0, 60.0], "se_perf_no": [6.708203932499368, 7.984359711335657, 10.954451150103322, 10.954451150103322], "Dn_trials_oo": [14, 10, 7, 4], "Sn_trials_oo": [13, 15, 7, 4], "NOn_trials": [20, 20, 20, 20], "DRT_oo": [0.9594346779069703, 1.1261713101792925, 0.9882678725343345, 1.0511804548085493], "DsdRT_oo": [0.10635513134761936, 0.03148341446246625, 0.029288942073125022, 0.10358063491944311], "SRT_oo": [1.175044127441611, 0.9186214075085966, 1.026977264865687, 1.0254061073787373], "SsdRT_oo": [0.08877957238853712, 0.0, 0.03150454999522221, 0.04592955624036795], "DRT_OKoo": [0.8284688824856002, 0.9056888175307274, 0.853933908282512, 1.6181522697202515], "DsdRT_OKoo": [0.023864470089917066, 0.1090756020100123, 0.1416841715296896, 0.21572728633883848], "SRT_OKoo": [0.8436722860045928, 0.9926572937345193, 0.8562710050271131, 0.8330252391670319], "SsdRT_OKoo": [0.034514362503306195, 0.057293098056333425, 0.09439809526104254, 0.0], "RT_no": [0.9006512938735167, 0.8785961708023757, 1.0502794941916924, 1.0848523234755463], "sdRT_no": [0.0541901343123066, 0.08918943443411749, 0.039168575827761655, 0.06074377199728711], "RT_noNOK": [1.1902696253522362, 1.0622792094092293, 1.4483469704913896, 1.4074305928915756], "sdRT_noNOK": [0.0, 0.0, 0.11430231490599373, 0.16566054714444148], "Doptout": [30.0, 50.0, 65.0, 80.0], "Dse_optout": [10.246950765959598, 11.180339887498949, 10.66536450385077, 8.944271909999157], "Soptout": [35.0, 25.0, 65.0, 80.0], "Sse_optout": [10.66536450385077, 9.682458365518542, 10.66536450385077, 8.944271909999157]}