{"Dperf_oo": [100.0, 85.71428571428571, 61.53846153846154, 50.0], "Dse_perf_oo": [0.0, 9.352195295828245, 13.493200297031219, 17.67766952966369], "Sperf_oo": [100.0, 100.0, 80.0, 66.66666666666667], "Sse_perf_oo": [0.0, 0.0, 10.327955589886443, 12.171612389003691], "perf_no": [100.0, 65.0, 85.0, 60.0], "se_perf_no": [0.0, 10.66536450385077, 7.984359711335657, 10.954451150103322], "Dn_trials_oo": [15, 14, 13, 8], "Sn_trials_oo": [19, 17, 15, 15], "NOn_trials": [20, 20, 20, 20], "DRT_oo": [1.4285692861358108, 1.4519196160855805, 1.3992276544695206, 1.294822285546835], "DsdRT_oo": [0.04722930413687154, 0.0, 0.01152810146418071, 0.09247268465092463], "SRT_oo": [1.2110752849496753, 1.3024520095934276, 1.2620125975016818, 1.5582933413322893], "SsdRT_oo": [NaN, 0.0, 0.28699947510398294, 0.22370463407521793], "DRT_OKoo": [0.8947660467919142, 1.037788692260393, 0.9414929514022852, 1.0692598980235422], "DsdRT_OKoo": [0.016802040289282946, 0.08423057338405003, 0.012395578205790564, 0.09557588482021827], "SRT_OKoo": [0.8271145770761783, 0.886052789439796, 0.7858540791909591, 0.9041354229187067], "SsdRT_OKoo": [0.07395213681592812, 0.05710483315157989, 0.04908631211916175, 0.061354121468822714], "RT_no": [0.9064112177609011, 0.9586832633598599, 1.053501799638908, 1.0861390221842473], "sdRT_no": [0.036969536483581006, 0.03196765505237737, 0.05722694663822313, 0.09101659191141423], "RT_noNOK": [NaN, 1.621078284331715, 1.311585182951735, 1.4387260047987598], "sdRT_noNOK": [NaN, 0.23899110279561536, 0.0, 0.1676568408056866], "Doptout": [25.0, 30.0, 35.0, 60.0], "Dse_optout": [9.682458365518542, 10.246950765959598, 10.66536450385077, 10.954451150103322], "Soptout": [5.0, 15.0, 25.0, 25.0], "Sse_optout": [4.873397172404482, 7.984359711335657, 9.682458365518542, 9.682458365518542]}