{"Hno": -0.0498509903988475, "Sigma": 0.18068114436823102, "signed_st": [-0.14, -0.1, -0.06, -0.02, 0.02, 0.06, 0.1, 0.14], "m_right_No": [0.0, 0.5, 0.8, 0.4, 0.7, 0.9, 0.9, 0.6], "se_right_No": [0.0, 0.15811388300841897, 0.12649110640673517, 0.15491933384829668, 0.14491376746189438, 0.09486832980505137, 0.09486832980505137, 0.15491933384829668], "x_lr": [-0.2, -0.19, -0.18, -0.16999999999999998, -0.15999999999999998, -0.14999999999999997, -0.13999999999999996, -0.12999999999999995, -0.11999999999999994, -0.10999999999999993, -0.09999999999999992, -0.08999999999999991, -0.0799999999999999, -0.0699999999999999, -0.05999999999999989, -0.04999999999999988, -0.03999999999999987, -0.02999999999999986, -0.01999999999999985, -0.009999999999999842, 1.6653345369377348e-16, 0.010000000000000175, 0.020000000000000184, 0.030000000000000193, 0.0400000000000002, 0.05000000000000021, 0.06000000000000022, 0.07000000000000023, 0.08000000000000024, 0.09000000000000025, 0.10000000000000026, 0.11000000000000026, 0.12000000000000027, 0.13000000000000028, 0.1400000000000003, 0.1500000000000003, 0.1600000000000003, 0.17000000000000032, 0.18000000000000033, 0.19000000000000034], "y_pr_no": [0.2029821582007036, 0.21897182033839158, 0.23566268901022963, 0.2530322405090196, 0.2710528004346542, 0.2896916013352028, 0.3089109059092727, 0.3286681962050342, 0.34891642803698275, 0.3696043486044464, 0.3906768740659363, 0.41207552263134045, 0.4337388976100159, 0.4556032138262543, 0.47760285991145307, 0.4996709882287131, 0.5217401236008414, 0.5437427816127524, 0.5656120870549587, 0.5872823830718329, 0.6086898217766732, 0.6297729274898923, 0.6504731243360956, 0.6707352206846597, 0.6905078438164769, 0.7097438192227787, 0.7284004900634051, 0.7464399735023981, 0.7638293518680126, 0.7805407978215402, 0.7965516339347434, 0.8118443282407941, 0.8264064284122736, 0.8402304382089831, 0.8533136407085644, 0.8656578735688132, 0.8772692621609732, 0.8881579168515548, 0.8983376009940527, 0.9078253763233372], "pearson_chi2": 82.83398192844761, "mean_perf_no": 67.5, "mse_no": 0.05758557353396043}