{"Hno": -0.004504165803904043, "Sigma": 0.05788289931351534, "signed_st": [-0.14, -0.1, -0.06, -0.02, 0.02, 0.06, 0.1, 0.14], "m_right_No": [0.0, 0.0, 0.4, 0.2, 0.7, 0.8, 1.0, 1.0], "se_right_No": [0.0, 0.0, 0.15491933384829668, 0.1264911064067352, 0.14491376746189438, 0.12649110640673517, 0.0, 0.0], "x_lr": [-0.2, -0.19, -0.18, -0.16999999999999998, -0.15999999999999998, -0.14999999999999997, -0.13999999999999996, -0.12999999999999995, -0.11999999999999994, -0.10999999999999993, -0.09999999999999992, -0.08999999999999991, -0.0799999999999999, -0.0699999999999999, -0.05999999999999989, -0.04999999999999988, -0.03999999999999987, -0.02999999999999986, -0.01999999999999985, -0.009999999999999842, 1.6653345369377348e-16, 0.010000000000000175, 0.020000000000000184, 0.030000000000000193, 0.0400000000000002, 0.05000000000000021, 0.06000000000000022, 0.07000000000000023, 0.08000000000000024, 0.09000000000000025, 0.10000000000000026, 0.11000000000000026, 0.12000000000000027, 0.13000000000000028, 0.1400000000000003, 0.1500000000000003, 0.1600000000000003, 0.17000000000000032, 0.18000000000000033, 0.19000000000000034], "y_pr_no": [0.0003658238215836083, 0.0006760771937698571, 0.0012150517761805796, 0.002123896008372701, 0.003611475121426341, 0.005974891171688218, 0.009619658633376606, 0.015075591867883747, 0.023003121687957418, 0.034184011628107525, 0.04949081644363935, 0.06983135417136513, 0.09606810532789173, 0.12891750580481748, 0.16883972052251245, 0.21593437445318464, 0.2698604002264179, 0.32979740749969466, 0.39446125448788083, 0.4621782800576997, 0.5310124477510125, 0.5989297012343383, 0.6639765139626427, 0.7244467661097045, 0.7790134275649934, 0.8268084667889406, 0.8674441984895898, 0.9009795724183203, 0.9278434073933908, 0.9487316852623182, 0.964497158247216, 0.9760471344588177, 0.9842605701600018, 0.9899299856739717, 0.9937285661612119, 0.9961990041626007, 0.9977585427527439, 0.9987141683822182, 0.9992825616200463, 0.9996107169161424], "pearson_chi2": 54.021498816974194, "mean_perf_no": 86.25, "mse_no": 0.01682305452678257}