{"Hno": -0.024550825525031086, "Sigma": 0.10971073262781918, "signed_st": [-0.14, -0.1, -0.06, -0.02, 0.02, 0.06, 0.1, 0.14], "m_right_No": [0.2, 0.2, 0.5, 0.4, 0.6, 0.7, 0.9, 1.0], "se_right_No": [0.1264911064067352, 0.1264911064067352, 0.15811388300841897, 0.15491933384829668, 0.15491933384829668, 0.14491376746189438, 0.09486832980505137, 0.0], "x_lr": [-0.2, -0.19, -0.18, -0.16999999999999998, -0.15999999999999998, -0.14999999999999997, -0.13999999999999996, -0.12999999999999995, -0.11999999999999994, -0.10999999999999993, -0.09999999999999992, -0.08999999999999991, -0.0799999999999999, -0.0699999999999999, -0.05999999999999989, -0.04999999999999988, -0.03999999999999987, -0.02999999999999986, -0.01999999999999985, -0.009999999999999842, 1.6653345369377348e-16, 0.010000000000000175, 0.020000000000000184, 0.030000000000000193, 0.0400000000000002, 0.05000000000000021, 0.06000000000000022, 0.07000000000000023, 0.08000000000000024, 0.09000000000000025, 0.10000000000000026, 0.11000000000000026, 0.12000000000000027, 0.13000000000000028, 0.1400000000000003, 0.1500000000000003, 0.1600000000000003, 0.17000000000000032, 0.18000000000000033, 0.19000000000000034], "y_pr_no": [0.05488831714145144, 0.0657709771302023, 0.078256033401661, 0.0924610020780759, 0.10848918867216478, 0.12642507456194862, 0.1463297732738828, 0.16823676367689594, 0.192148117265879, 0.21803143474603565, 0.24581769194106806, 0.27540016636225617, 0.3066345743317628, 0.3393404961364924, 0.3733041060615935, 0.4082821588939372, 0.44400711874020493, 0.48019325416493647, 0.5165434700069502, 0.5527566045949377, 0.5885348944719753, 0.6235912991051508, 0.6576563861108348, 0.6904845026742764, 0.7218589992390687, 0.751596324256487, 0.7795488700588005, 0.8056065154960355, 0.8296968764537145, 0.8517843365691222, 0.8718679837447216, 0.8899786205751081, 0.9061750466817248, 0.9205398273537571, 0.9331747660126175, 0.9441962889549217, 0.9537309314287302, 0.9619110867235208, 0.9688711472482328, 0.9747441312186484], "pearson_chi2": 75.54805703510765, "mean_perf_no": 73.75, "mse_no": 0.008253881316133579}