{"Hno": 0.013850026739648563, "Sigma": 0.07226291293528044, "signed_st": [-0.14, -0.1, -0.06, -0.02, 0.02, 0.06, 0.1, 0.14], "m_right_No": [0.0, 0.0, 0.2, 0.4, 0.5, 0.8, 0.9, 0.9], "se_right_No": [0.0, 0.0, 0.1264911064067352, 0.15491933384829668, 0.15811388300841897, 0.12649110640673517, 0.09486832980505137, 0.09486832980505137], "x_lr": [-0.2, -0.19, -0.18, -0.16999999999999998, -0.15999999999999998, -0.14999999999999997, -0.13999999999999996, -0.12999999999999995, -0.11999999999999994, -0.10999999999999993, -0.09999999999999992, -0.08999999999999991, -0.0799999999999999, -0.0699999999999999, -0.05999999999999989, -0.04999999999999988, -0.03999999999999987, -0.02999999999999986, -0.01999999999999985, -0.009999999999999842, 1.6653345369377348e-16, 0.010000000000000175, 0.020000000000000184, 0.030000000000000193, 0.0400000000000002, 0.05000000000000021, 0.06000000000000022, 0.07000000000000023, 0.08000000000000024, 0.09000000000000025, 0.10000000000000026, 0.11000000000000026, 0.12000000000000027, 0.13000000000000028, 0.1400000000000003, 0.1500000000000003, 0.1600000000000003, 0.17000000000000032, 0.18000000000000033, 0.19000000000000034], "y_pr_no": [0.001541528500880485, 0.002394087133293443, 0.003652987696618072, 0.005476694519207341, 0.008068575472713646, 0.0116824370951605, 0.016625822119615632, 0.02325979686241517, 0.031993926925944, 0.04327530016903409, 0.05757084657512837, 0.07534283557380778, 0.09701826956278242, 0.12295385542380549, 0.15339919506396715, 0.18846163118938197, 0.22807664929473492, 0.27198773147572475, 0.31973900237795605, 0.37068290884476096, 0.42400363687355663, 0.47875518638339476, 0.5339112516779174, 0.5884225666042067, 0.6412764080826252, 0.6915526694145402, 0.7384713627282524, 0.7814275133567055, 0.8200109863525817, 0.8540105847380106, 0.8834035068264163, 0.9083327011307986, 0.929075636791482, 0.9460084334008788, 0.9595691816058605, 0.9702237312053037, 0.9784363755521626, 0.9846468875726013, 0.9892544185196905, 0.9926079745818815], "pearson_chi2": 76.04795818065662, "mean_perf_no": 81.25, "mse_no": 0.003493993379039386}