{"Hno": -0.06936140416697455, "Sigma": 0.08652772987807622, "signed_st": [-0.14, -0.1, -0.06, -0.02, 0.02, 0.06, 0.1, 0.14], "m_right_No": [0.2, 0.2, 0.7, 0.7, 1.0, 0.9, 0.9, 1.0], "se_right_No": [0.1264911064067352, 0.1264911064067352, 0.14491376746189438, 0.14491376746189438, 0.0, 0.09486832980505137, 0.09486832980505137, 0.0], "x_lr": [-0.2, -0.19, -0.18, -0.16999999999999998, -0.15999999999999998, -0.14999999999999997, -0.13999999999999996, -0.12999999999999995, -0.11999999999999994, -0.10999999999999993, -0.09999999999999992, -0.08999999999999991, -0.0799999999999999, -0.0699999999999999, -0.05999999999999989, -0.04999999999999988, -0.03999999999999987, -0.02999999999999986, -0.01999999999999985, -0.009999999999999842, 1.6653345369377348e-16, 0.010000000000000175, 0.020000000000000184, 0.030000000000000193, 0.0400000000000002, 0.05000000000000021, 0.06000000000000022, 0.07000000000000023, 0.08000000000000024, 0.09000000000000025, 0.10000000000000026, 0.11000000000000026, 0.12000000000000027, 0.13000000000000028, 0.1400000000000003, 0.1500000000000003, 0.1600000000000003, 0.17000000000000032, 0.18000000000000033, 0.19000000000000034], "y_pr_no": [0.06554866430369012, 0.08162575708213654, 0.10051034216722404, 0.12239870161611399, 0.1474323883576471, 0.17568393656846443, 0.2071444300470492, 0.24171405344021551, 0.2791966446641996, 0.3192990485174896, 0.3616357528552685, 0.40573889495003346, 0.4510732934693345, 0.4970557350167183, 0.5430773696148554, 0.5885277890463272, 0.6328192079925961, 0.6754091584591846, 0.71582024415764, 0.7536557673644114, 0.7886104055229952, 0.8204755372596724, 0.8491392515080303, 0.8745814743393487, 0.8968649779890904, 0.9161232686601728, 0.932546470636829, 0.9463663344958074, 0.9578414093778514, 0.9672432551520042, 0.9748443569135468, 0.9809081698930806, 0.9856814934681464, 0.9893891694709533, 0.9922309366766442, 0.9943801574980548, 0.9959840652898524, 0.997165156858592, 0.998023366823591, 0.9986386986034262], "pearson_chi2": 92.91422665520892, "mean_perf_no": 75.0, "mse_no": 0.013422070971197131}