{"Hno": 0.01008046784885705, "Sigma": 0.07569830681057184, "signed_st": [-0.14, -0.1, -0.06, -0.02, 0.02, 0.06, 0.1, 0.14], "m_right_No": [0.0, 0.1, 0.4, 0.3, 0.2, 0.7, 1.0, 1.0], "se_right_No": [0.0, 0.09486832980505139, 0.15491933384829668, 0.14491376746189438, 0.1264911064067352, 0.14491376746189438, 0.0, 0.0], "x_lr": [-0.2, -0.19, -0.18, -0.16999999999999998, -0.15999999999999998, -0.14999999999999997, -0.13999999999999996, -0.12999999999999995, -0.11999999999999994, -0.10999999999999993, -0.09999999999999992, -0.08999999999999991, -0.0799999999999999, -0.0699999999999999, -0.05999999999999989, -0.04999999999999988, -0.03999999999999987, -0.02999999999999986, -0.01999999999999985, -0.009999999999999842, 1.6653345369377348e-16, 0.010000000000000175, 0.020000000000000184, 0.030000000000000193, 0.0400000000000002, 0.05000000000000021, 0.06000000000000022, 0.07000000000000023, 0.08000000000000024, 0.09000000000000025, 0.10000000000000026, 0.11000000000000026, 0.12000000000000027, 0.13000000000000028, 0.1400000000000003, 0.1500000000000003, 0.1600000000000003, 0.17000000000000032, 0.18000000000000033, 0.19000000000000034], "y_pr_no": [0.002758105400894123, 0.004107174140344012, 0.0060190299629609405, 0.008681643574859257, 0.012325767309318164, 0.017227053304509906, 0.023705321798017702, 0.03212004464342189, 0.0428612413015933, 0.05633527110351683, 0.07294545065936725, 0.09306800657559183, 0.11702453887700331, 0.1450528393640214, 0.17727848131690116, 0.21368996660676898, 0.2541202904057611, 0.2982375017960427, 0.34554618912020985, 0.3954008486352777, 0.4470309080089516, 0.499575921543972, 0.5521283036002989, 0.6037800866652275, 0.6536697122177134, 0.7010248586130199, 0.7451977812763445, 0.7856905149583869, 0.8221684351297786, 0.8544619299518801, 0.8825571236491654, 0.9065775668440454, 0.9267594645666059, 0.9434233005170664, 0.9569446473891342, 0.9677265874957179, 0.976175598186338, 0.9826820884371744, 0.9876061069976264, 0.9912681593444024], "pearson_chi2": 67.3264966722866, "mean_perf_no": 76.25, "mse_no": 0.0324428325620306}