{"Hno": 0.03301548221147302, "Sigma": 0.06560000147817824, "signed_st": [-0.14, -0.1, -0.06, -0.02, 0.02, 0.06, 0.1, 0.14], "m_right_No": [0.0, 0.0, 0.1, 0.2, 0.5, 0.7, 0.7, 1.0], "se_right_No": [0.0, 0.0, 0.09486832980505139, 0.1264911064067352, 0.15811388300841897, 0.14491376746189438, 0.14491376746189438, 0.0], "x_lr": [-0.2, -0.19, -0.18, -0.16999999999999998, -0.15999999999999998, -0.14999999999999997, -0.13999999999999996, -0.12999999999999995, -0.11999999999999994, -0.10999999999999993, -0.09999999999999992, -0.08999999999999991, -0.0799999999999999, -0.0699999999999999, -0.05999999999999989, -0.04999999999999988, -0.03999999999999987, -0.02999999999999986, -0.01999999999999985, -0.009999999999999842, 1.6653345369377348e-16, 0.010000000000000175, 0.020000000000000184, 0.030000000000000193, 0.0400000000000002, 0.05000000000000021, 0.06000000000000022, 0.07000000000000023, 0.08000000000000024, 0.09000000000000025, 0.10000000000000026, 0.11000000000000026, 0.12000000000000027, 0.13000000000000028, 0.1400000000000003, 0.1500000000000003, 0.1600000000000003, 0.17000000000000032, 0.18000000000000033, 0.19000000000000034], "y_pr_no": [0.00019111007054589273, 0.00033739019085737886, 0.0005827585986047135, 0.0009849004518597431, 0.0016288728037310058, 0.00263645968939563, 0.004176830031273492, 0.006477716375705033, 0.00983580829390246, 0.014624505796584118, 0.021296715013687482, 0.030380134059856758, 0.042462625620110835, 0.05816593257653097, 0.07810722125524752, 0.10284967761130032, 0.1328454401386462, 0.16837620125297625, 0.20949842887447473, 0.25600092648888134, 0.3073820333544812, 0.3628520334869722, 0.4213634236021654, 0.4816679909567887, 0.5423957895062831, 0.6021477847242231, 0.6595918050335435, 0.7135509155733446, 0.7630745232063914, 0.8074851905270535, 0.8463977548776712, 0.8797112290781326, 0.9075774141241367, 0.9303526358413092, 0.9485402280478716, 0.9627313028831535, 0.973550196461725, 0.9816091355175519, 0.9874745721209028, 0.991645668790373], "pearson_chi2": 60.768389753835464, "mean_perf_no": 82.5, "mse_no": 0.005489575670390323}