{"Hno": 0.010429452515226286, "Sigma": 0.11335241383767634, "signed_st": [-0.14, -0.1, -0.06, -0.02, 0.02, 0.06, 0.1, 0.14], "m_right_No": [0.1, 0.1, 0.3, 0.3, 0.6, 0.9, 0.7, 0.8], "se_right_No": [0.09486832980505139, 0.09486832980505139, 0.14491376746189438, 0.14491376746189438, 0.15491933384829668, 0.09486832980505137, 0.14491376746189438, 0.12649110640673517], "x_lr": [-0.2, -0.19, -0.18, -0.16999999999999998, -0.15999999999999998, -0.14999999999999997, -0.13999999999999996, -0.12999999999999995, -0.11999999999999994, -0.10999999999999993, -0.09999999999999992, -0.08999999999999991, -0.0799999999999999, -0.0699999999999999, -0.05999999999999989, -0.04999999999999988, -0.03999999999999987, -0.02999999999999986, -0.01999999999999985, -0.009999999999999842, 1.6653345369377348e-16, 0.010000000000000175, 0.020000000000000184, 0.030000000000000193, 0.0400000000000002, 0.05000000000000021, 0.06000000000000022, 0.07000000000000023, 0.08000000000000024, 0.09000000000000025, 0.10000000000000026, 0.11000000000000026, 0.12000000000000027, 0.13000000000000028, 0.1400000000000003, 0.1500000000000003, 0.1600000000000003, 0.17000000000000032, 0.18000000000000033, 0.19000000000000034], "y_pr_no": [0.031697006094823746, 0.03851394766265658, 0.046480891645580585, 0.05571970296173098, 0.06635042037430713, 0.07848797485785279, 0.09223858450855188, 0.10769592799013816, 0.12493722385971168, 0.1440193646094436, 0.16497526997228312, 0.18781063223343064, 0.21250122556885265, 0.23899094089756667, 0.2671906871068293, 0.2969782692137015, 0.3281993152203097, 0.36066927796044135, 0.39417648858127086, 0.428486187361733, 0.46334540848623523, 0.4984885513234162, 0.5336434346188146, 0.5685376042370979, 0.6029046514478382, 0.6364902981799649, 0.6690580182133103, 0.7003939880652871, 0.7303111966684888, 0.7586525864322367, 0.7852931470553666, 0.8101409343654546, 0.8331370363432005, 0.8542545544147103, 0.8734967075543487, 0.8908941978232463, 0.9065019974536027, 0.9203957289890065, 0.9326678115271434, 0.9434235386345446], "pearson_chi2": 81.69001072998876, "mean_perf_no": 77.5, "mse_no": 0.014106961161518565}