{"Hno": 0.020078737709400822, "Sigma": 0.08140664725032318, "signed_st": [-0.14, -0.1, -0.06, -0.02, 0.02, 0.06, 0.1, 0.14], "m_right_No": [0.0, 0.0, 0.1, 0.4, 0.7, 0.8, 0.8, 0.8], "se_right_No": [0.0, 0.0, 0.09486832980505139, 0.15491933384829668, 0.14491376746189438, 0.12649110640673517, 0.12649110640673517, 0.12649110640673517], "x_lr": [-0.2, -0.19, -0.18, -0.16999999999999998, -0.15999999999999998, -0.14999999999999997, -0.13999999999999996, -0.12999999999999995, -0.11999999999999994, -0.10999999999999993, -0.09999999999999992, -0.08999999999999991, -0.0799999999999999, -0.0699999999999999, -0.05999999999999989, -0.04999999999999988, -0.03999999999999987, -0.02999999999999986, -0.01999999999999985, -0.009999999999999842, 1.6653345369377348e-16, 0.010000000000000175, 0.020000000000000184, 0.030000000000000193, 0.0400000000000002, 0.05000000000000021, 0.06000000000000022, 0.07000000000000023, 0.08000000000000024, 0.09000000000000025, 0.10000000000000026, 0.11000000000000026, 0.12000000000000027, 0.13000000000000028, 0.1400000000000003, 0.1500000000000003, 0.1600000000000003, 0.17000000000000032, 0.18000000000000033, 0.19000000000000034], "y_pr_no": [0.003431196541968326, 0.004931308830241375, 0.006990152439772896, 0.009773566250639834, 0.013480262764961186, 0.018342667635201884, 0.02462571083035078, 0.03262301871344798, 0.04265005143622005, 0.055033907542775894, 0.07009977745560587, 0.08815435715952569, 0.10946690682574384, 0.13424901748432022, 0.16263448392819224, 0.1946609220067722, 0.23025486558291303, 0.2692219973145098, 0.31124389269066377, 0.3558821982747558, 0.40259055967676866, 0.45073392337569496, 0.49961413720494297, 0.5485001516716357, 0.5966606569900715, 0.6433967394850408, 0.6880721390127362, 0.7301389365219572, 0.7691569651752643, 0.804805859222969, 0.8368893535799893, 0.8653321392189077, 0.8901701868052242, 0.9115359121470838, 0.9296398348038232, 0.9447504653009792, 0.9571740618595072, 0.9672356594733365, 0.9752624401905449, 0.9815701353771757], "pearson_chi2": 76.36217735669948, "mean_perf_no": 82.5, "mse_no": 0.014695130140616504}