{"Hno": -0.09611745030023922, "Sigma": 0.05069791218940438, "signed_st": [-0.14, -0.1, -0.06, -0.02, 0.02, 0.06, 0.1, 0.14], "m_right_No": [0.4, 0.4, 0.6, 0.9, 0.8, 1.0, 1.0, 1.0], "se_right_No": [0.15491933384829668, 0.15491933384829668, 0.15491933384829668, 0.09486832980505137, 0.12649110640673517, 0.0, 0.0, 0.0], "x_lr": [-0.2, -0.19, -0.18, -0.16999999999999998, -0.15999999999999998, -0.14999999999999997, -0.13999999999999996, -0.12999999999999995, -0.11999999999999994, -0.10999999999999993, -0.09999999999999992, -0.08999999999999991, -0.0799999999999999, -0.0699999999999999, -0.05999999999999989, -0.04999999999999988, -0.03999999999999987, -0.02999999999999986, -0.01999999999999985, -0.009999999999999842, 1.6653345369377348e-16, 0.010000000000000175, 0.020000000000000184, 0.030000000000000193, 0.0400000000000002, 0.05000000000000021, 0.06000000000000022, 0.07000000000000023, 0.08000000000000024, 0.09000000000000025, 0.10000000000000026, 0.11000000000000026, 0.12000000000000027, 0.13000000000000028, 0.1400000000000003, 0.1500000000000003, 0.1600000000000003, 0.17000000000000032, 0.18000000000000033, 0.19000000000000034], "y_lr_no": [0.11414842319897324, 0.1356613342859668, 0.16049410388468682, 0.1888791732069657, 0.22096309358164373, 0.2567716908850606, 0.29617710151486926, 0.3388725880886349, 0.38436169374630497, 0.43196736675218594, 0.480863840787992, 0.5301296361720645, 0.5788151892998902, 0.6260149199393161, 0.6709323770906117, 0.7129289179803951, 0.7515504709775906, 0.7865318247943843, 0.8177820272123422, 0.8453568954375068, 0.8694251669894303, 0.8902339051416539, 0.9080771190514035, 0.9232697991141479, 0.9361281050558578, 0.9469554376761147, 0.9560335623896306, 0.9636177348152795, 0.9699347861462327, 0.9751832555334179, 0.9795348341032907, 0.9831365649368355, 0.9861134018426176, 0.9885708581652826, 0.9905975747352336, 0.9922677070660747, 0.9936430811828251, 0.9947751001582986, 0.9957064040238324, 0.9964722978002305], "score_no": 0.812, "mean_perf_no": 68.75, "mse_no": 0.007205048680085553}