{"Hno": 0.023363724904646128, "Sigma": 0.06245315285917308, "signed_st": [-0.14, -0.1, -0.06, -0.02, 0.02, 0.06, 0.1, 0.14], "m_right_No": [0.0, 0.1, 0.2, 0.3, 0.6, 0.9, 0.7, 0.7], "se_right_No": [0.0, 0.09486832980505139, 0.1264911064067352, 0.14491376746189438, 0.15491933384829668, 0.09486832980505137, 0.14491376746189438, 0.14491376746189438], "x_lr": [-0.2, -0.19, -0.18, -0.16999999999999998, -0.15999999999999998, -0.14999999999999997, -0.13999999999999996, -0.12999999999999995, -0.11999999999999994, -0.10999999999999993, -0.09999999999999992, -0.08999999999999991, -0.0799999999999999, -0.0699999999999999, -0.05999999999999989, -0.04999999999999988, -0.03999999999999987, -0.02999999999999986, -0.01999999999999985, -0.009999999999999842, 1.6653345369377348e-16, 0.010000000000000175, 0.020000000000000184, 0.030000000000000193, 0.0400000000000002, 0.05000000000000021, 0.06000000000000022, 0.07000000000000023, 0.08000000000000024, 0.09000000000000025, 0.10000000000000026, 0.11000000000000026, 0.12000000000000027, 0.13000000000000028, 0.1400000000000003, 0.1500000000000003, 0.1600000000000003, 0.17000000000000032, 0.18000000000000033, 0.19000000000000034], "y_lr_no": [0.027212204985014338, 0.031787441410547804, 0.037102581200347574, 0.043266743861333695, 0.05040140533835961, 0.05864045785474625, 0.06812970843010382, 0.07902561021326446, 0.0914929913365682, 0.10570152990910091, 0.12182073232938159, 0.14001321949659587, 0.16042622727878678, 0.18318139737700256, 0.20836317878908453, 0.23600647012796572, 0.26608447863083023, 0.2984980953344033, 0.3330683052890118, 0.36953317309757294, 0.4075506881404449, 0.44670818925131234, 0.4865382617406973, 0.5265400445892613, 0.5662040019785288, 0.6050376124540888, 0.6425892656424842, 0.6784679739572597, 0.712357221305228, 0.7440222018883734, 0.7733106349316997, 0.8001480928093674, 0.8245292444874932, 0.8465065748728051, 0.8661780443687327, 0.8836748892543683, 0.8991504246792349, 0.9127703731440225, 0.9247049507484079, 0.9351227236897061], "score_no": 0.762, "mean_perf_no": 78.75, "mse_no": 0.019734116823318475}