{"HRopt_": 0.059742903112208125, "SO_HRopt_": 0.09353277866012336, "xhat": [-0.2, -0.15000000000000002, -0.10000000000000003, -0.050000000000000044, -5.551115123125783e-17, 0.04999999999999993, 0.09999999999999992, 0.1499999999999999], "theo_pR": [0.003187758454867517, 0.017011349516894425, 0.06529375199630394, 0.18305715151211466, 0.383705769951889, 0.6225751077684605, 0.8212826900042429, 0.9367782059357865], "partid": 3065, "sessionid": 6, "part_sessid": "3065_6"}