{"HRopt_": -0.01275414627998314, "SO_HRopt_": 0.020808646871805312, "xhat": [-0.2, -0.15000000000000002, -0.10000000000000003, -0.050000000000000044, -5.551115123125783e-17, 0.04999999999999993, 0.09999999999999992, 0.1499999999999999], "theo_pR": [0.03132705999691898, 0.10573912555317568, 0.26193743708108386, 0.48992512083871, 0.7213546521284306, 0.8847355656305295, 0.9649392299652026, 0.9923088721381038], "partid": 3055, "sessionid": 6, "part_sessid": "3055_6"}