{"HRopt_": 0.013041488433287637, "SO_HRopt_": 0.03642805278439688, "xhat": [-0.2, -0.15000000000000002, -0.10000000000000003, -0.050000000000000044, -5.551115123125783e-17, 0.04999999999999993, 0.09999999999999992, 0.1499999999999999], "theo_pR": [0.0004625971978934329, 0.007469471143418226, 0.05992863305592888, 0.24923784808987337, 0.579882466486206, 0.8599457646948763, 0.974917748763114, 0.9977233152656465], "partid": 3062, "sessionid": 6, "part_sessid": "3062_6"}