{"HRopt_": 0.04567318963085536, "SO_HRopt_": 0.07496563920990025, "xhat": [-0.2, -0.15000000000000002, -0.10000000000000003, -0.050000000000000044, -5.551115123125783e-17, 0.04999999999999993, 0.09999999999999992, 0.1499999999999999], "theo_pR": [0.0012831863936159094, 0.010332793074461777, 0.05340767427286542, 0.18106626890772534, 0.41685562561648015, 0.6884355579165368, 0.8835233411644972, 0.9708974892103711], "partid": 3070, "sessionid": 6, "part_sessid": "3070_6"}