{"HRopt_": 0.026819808116692934, "SO_HRopt_": 0.07155885307134473, "xhat": [-0.2, -0.15000000000000002, -0.10000000000000003, -0.050000000000000044, -5.551115123125783e-17, 0.04999999999999993, 0.09999999999999992, 0.1499999999999999], "theo_pR": [0.04922251661767141, 0.11639014435845185, 0.23146958137446438, 0.3917334409911437, 0.5731532478627565, 0.7400889460522351, 0.864949812007736, 0.9408610958006217], "partid": 3077, "sessionid": 6, "part_sessid": "3077_6"}