{"Dperf_oo": [93.75, 100.0, 75.0], "Dse_perf_oo": [6.051536478449089, 0.0, 21.650635094610966], "Sperf_oo": [100.0, 92.3076923076923, 75.0], "Sse_perf_oo": [0.0, 7.390530175619409, 21.650635094610966], "perf_no": [80.0, 85.0, 75.0], "se_perf_no": [8.944271909999157, 7.984359711335657, 9.682458365518542], "Dn_trials_oo": [16, 12, 4], "Sn_trials_oo": [15, 13, 4], "NOn_trials": [20, 20, 20], "DRT_oo": [0.9781903911619415, 0.9147848619907107, 1.0092497824916928], "DsdRT_oo": [0.013870236785573063, 0.05960546313078463, 0.05710369247181943], "SRT_oo": [1.296874537699847, 1.2730800858831033, 1.0041146297859636], "SsdRT_oo": [0.03682016907024648, 0.038132141492817954, 0.04371336601330243], "DRT_OKoo": [0.8931320290827294, 0.8970839666812573, 0.8708520923166952], "DsdRT_OKoo": [0.03719893417225333, 0.024071493052161982, 0.0], "SRT_OKoo": [0.9720583797394147, 0.9851565688383418, 1.030077323187478], "SsdRT_OKoo": [0.1012008774001486, 0.0457339769977408, 0.0], "RT_no": [0.9355976122497159, 1.0444238038828966, 1.160568179830124], "sdRT_no": [0.04237864869844441, 0.08820182001389162, 0.06749250286736673], "RT_noNOK": [1.0531855102255154, 0.971336618931745, 1.3303062753636152], "sdRT_noNOK": [0.024266258843495148, 0.0, 0.04918624394556268], "Doptout": [20.0, 40.0, 80.0], "Dse_optout": [8.944271909999161, 10.954451150103322, 8.944271909999157], "Soptout": [25.0, 35.0, 80.0], "Sse_optout": [9.682458365518542, 10.66536450385077, 8.944271909999157]}