{"Dperf_oo": [100.0, 75.0, 52.94117647058823], "Dse_perf_oo": [0.0, 9.682458365518542, 12.105782480647683], "Sperf_oo": [100.0, 84.21052631578948, 58.333333333333336], "Sse_perf_oo": [0.0, 8.36546751830554, 14.231876063832777], "perf_no": [100.0, 75.0, 40.0], "se_perf_no": [0.0, 9.682458365518542, 10.954451150103322], "Dn_trials_oo": [19, 20, 17], "Sn_trials_oo": [18, 19, 12], "NOn_trials": [20, 20, 20], "DRT_oo": [1.3514280538787409, NaN, 1.1976866667987534], "DsdRT_oo": [NaN, NaN, 0.0], "SRT_oo": [1.2720380546084717, 1.2111050728388297, 1.4999731631886228], "SsdRT_oo": [0.0, NaN, 0.06337282158740937], "DRT_OKoo": [1.0090976792814252, 0.9689363900547138, 1.029017303046044], "DsdRT_OKoo": [0.044225986325986524, 0.02861173925226024, 0.06377006475695271], "SRT_OKoo": [0.9818079960251473, 0.9785607417704002, 0.9718750209737415], "SsdRT_OKoo": [0.021257306707266554, 0.04773099499165084, 0.018916399558358797], "RT_no": [0.9888660775930892, 0.9209521701016391, 0.9917443257036037], "sdRT_no": [0.014315329914520575, 0.010649796514372617, 0.12962421470008048], "RT_noNOK": [NaN, 1.0410938684782076, 0.9859039644702084], "sdRT_noNOK": [NaN, 0.009599192212952887, 0.04382696139591524], "Doptout": [5.0, 0.0, 15.0], "Dse_optout": [4.873397172404482, 0.0, 7.984359711335657], "Soptout": [10.0, 5.0, 40.0], "Sse_optout": [6.708203932499369, 4.873397172404482, 10.954451150103322]}