{"Dperf_oo": [100.0, 77.77777777777777, 42.10526315789474], "Dse_perf_oo": [0.0, 9.799078929868855, 11.326896565241482], "Sperf_oo": [100.0, 100.0, 55.55555555555556], "Sse_perf_oo": [0.0, 0.0, 11.712139482105108], "perf_no": [95.0, 90.0, 35.0], "se_perf_no": [4.873397172404484, 6.708203932499368, 10.66536450385077], "Dn_trials_oo": [20, 18, 19], "Sn_trials_oo": [19, 19, 18], "NOn_trials": [20, 20, 20], "DRT_oo": [NaN, 2.36313486580145, 9.42470236848014], "DsdRT_oo": [NaN, 0.0, NaN], "SRT_oo": [2.7221803514318736, 1.6434214015530593, 1.2184084913907731], "SsdRT_oo": [NaN, NaN, 0.0], "DRT_OKoo": [0.9569707881457036, 0.9864652681828566, 0.8996775949427915], "DsdRT_OKoo": [0.016834733613673915, 0.05559925935575589, 0.034309378458369934], "SRT_OKoo": [0.9922748398464571, 1.0403564599655977, 1.0290059875221538], "SsdRT_OKoo": [0.05060633092560959, 0.08197915849256052, 0.011283815800683149], "RT_no": [0.9993789166636354, 1.0135451995122977, 0.991632821112168], "sdRT_no": [0.03555909127328654, 0.09047073128849158, 0.013883326437746165], "RT_noNOK": [1.7450557579258208, 0.9776968275899018, 1.0730924367393493], "sdRT_noNOK": [NaN, 0.0, 0.0717803773914864], "Doptout": [0.0, 10.0, 5.0], "Dse_optout": [0.0, 6.708203932499369, 4.873397172404482], "Soptout": [5.0, 5.0, 10.0], "Sse_optout": [4.873397172404482, 4.873397172404482, 6.708203932499369]}