{"Hno": 0.01889985099876057, "Sigma": 0.10140458251814925, "signed_st": [-0.22999999999999998, -0.15000000000000002, -0.06999999999999995, 0.06999999999999995, 0.15000000000000002, 0.22999999999999998], "m_right_No": [0.0, 0.0, 0.4, 0.4, 1.0, 1.0], "se_right_No": [0.0, 0.0, 0.15491933384829668, 0.15491933384829668, 0.0, 0.0], "x_lr": [-1.0, -0.9, -0.8, -0.7000000000000001, -0.6000000000000001, -0.5000000000000001, -0.40000000000000013, -0.30000000000000016, -0.20000000000000018, -0.1000000000000002, -2.220446049250313e-16, 0.09999999999999964, 0.19999999999999973, 0.2999999999999998, 0.3999999999999997, 0.49999999999999956, 0.5999999999999996, 0.6999999999999997, 0.7999999999999996, 0.8999999999999995, 0.9999999999999996], "y_pr_no": [4.6938237311757934e-24, 6.420521339366666e-20, 3.358095617934019e-16, 6.733677022838422e-13, 5.195905842459917e-10, 1.5511461177642252e-07, 1.80613502658659e-05, 0.0008309258628682443, 0.015437574679927867, 0.12049229430301239, 0.426073136693977, 0.7880774120265265, 0.9629436359907437, 0.9972149090063941, 0.9999144348450695, 0.9999989541825867, 0.9999999949935947, 0.9999999999907032, 0.9999999999999933, 1.0, 1.0], "pearson_chi2": 35.58527767790373, "mean_perf_no": 83.33333333333334, "mse_no": 0.02367031324235611}