{"Hno": -0.04600364198209682, "Sigma": 0.11490275380295692, "signed_st": [-0.22999999999999998, -0.15000000000000002, -0.06999999999999995, 0.06999999999999995, 0.15000000000000002, 0.22999999999999998], "m_right_No": [0.1, 0.2, 0.8, 0.4, 1.0, 0.9], "se_right_No": [0.09486832980505139, 0.1264911064067352, 0.12649110640673517, 0.15491933384829668, 0.0, 0.09486832980505137], "x_lr": [-1.0, -0.9, -0.8, -0.7000000000000001, -0.6000000000000001, -0.5000000000000001, -0.40000000000000013, -0.30000000000000016, -0.20000000000000018, -0.1000000000000002, -2.220446049250313e-16, 0.09999999999999964, 0.19999999999999973, 0.2999999999999998, 0.3999999999999997, 0.49999999999999956, 0.5999999999999996, 0.6999999999999997, 0.7999999999999996, 0.8999999999999995, 0.9999999999999996], "y_lr_no": [0.0002477998467465891, 0.0005914509268489754, 0.0014110078262239115, 0.003362380945968437, 0.00799083779228659, 0.018869926610412594, 0.043904775803452666, 0.09880857936521929, 0.2074718938320426, 0.38463259155052837, 0.5987766086274616, 0.7808576572829586, 0.8948221777493346, 0.9530808447426113, 0.9797981990122663, 0.9914384535114048, 0.996396275653545, 0.9984875009541611, 0.999365969658227, 0.9997343541048878, 0.9998887235730535], "score_no": 0.7, "mean_perf_no": 70.0, "mse_no": 0.045170431535117316}