{"Hno": -0.04546992818979278, "Sigma": 0.1110465639440877, "signed_st": [-0.22999999999999998, -0.15000000000000002, -0.06999999999999995, 0.06999999999999995, 0.15000000000000002, 0.22999999999999998], "m_right_No": [0.2, 0.2, 0.6, 0.5, 0.9, 1.0], "se_right_No": [0.1264911064067352, 0.1264911064067352, 0.15491933384829668, 0.15811388300841897, 0.09486832980505137, 0.0], "x_lr": [-1.0, -0.9, -0.8, -0.7000000000000001, -0.6000000000000001, -0.5000000000000001, -0.40000000000000013, -0.30000000000000016, -0.20000000000000018, -0.1000000000000002, -2.220446049250313e-16, 0.09999999999999964, 0.19999999999999973, 0.2999999999999998, 0.3999999999999997, 0.49999999999999956, 0.5999999999999996, 0.6999999999999997, 0.7999999999999996, 0.8999999999999995, 0.9999999999999996], "y_lr_no": [0.00018485311772007182, 0.00045478040395106775, 0.0011184215569606081, 0.0027478229549081964, 0.006735054147334586, 0.016412740626203765, 0.03944419013980105, 0.09177917030854997, 0.19915579037365924, 0.3796448531733451, 0.6009601221009354, 0.7875115426194269, 0.9011896613721118, 0.9573457065892169, 0.9822168331967829, 0.9926965841773827, 0.9970192824168952, 0.9987866174143654, 0.9995065780435838, 0.9997994357735701, 0.9999184896128802], "score_no": 0.733, "mean_perf_no": 73.33333333333333, "mse_no": 0.016224857143263983}