{"Hno": -0.10536364719086702, "Sigma": 0.10779438714127297, "signed_st": [-0.20999999999999996, -0.13, -0.050000000000000044, 0.050000000000000044, 0.13, 0.20999999999999996], "m_right_No": [0.0, 0.8, 0.7, 0.7, 0.8, 1.0], "se_right_No": [0.0, 0.12649110640673517, 0.14491376746189438, 0.14491376746189438, 0.12649110640673517, 0.0], "x_lr": [-1.0, -0.9, -0.8, -0.7000000000000001, -0.6000000000000001, -0.5000000000000001, -0.40000000000000013, -0.30000000000000016, -0.20000000000000018, -0.1000000000000002, -2.220446049250313e-16, 0.09999999999999964, 0.19999999999999973, 0.2999999999999998, 0.3999999999999997, 0.49999999999999956, 0.5999999999999996, 0.6999999999999997, 0.7999999999999996, 0.8999999999999995, 0.9999999999999996], "y_lr_no": [0.00024858660250816697, 0.0006283538349679789, 0.0015873725500179503, 0.004004219293125488, 0.010063733889240754, 0.025062266479911954, 0.061035722309987016, 0.14116758926740336, 0.2936060967153531, 0.5124369667225027, 0.7266019909540815, 0.870472426847506, 0.9444245578242404, 0.9772577605013986, 0.9908808578591404, 0.9963737040131797, 0.9985627748451812, 0.9994311329788531, 0.9997749554073113, 0.9999109905502056, 0.999964797951918], "score_no": 0.733, "mean_perf_no": 66.66666666666666, "mse_no": 0.03875495714793104}