{"Hno": -0.057339634320323705, "Sigma": 0.07623832617714105, "signed_st": [-0.24, -0.16000000000000003, -0.07999999999999996, 0.07999999999999996, 0.16000000000000003, 0.24], "m_right_No": [0.0, 0.3, 0.5, 0.7, 1.0, 1.0], "se_right_No": [0.0, 0.14491376746189438, 0.15811388300841897, 0.14491376746189438, 0.0, 0.0], "x_lr": [-1.0, -0.9, -0.8, -0.7000000000000001, -0.6000000000000001, -0.5000000000000001, -0.40000000000000013, -0.30000000000000016, -0.20000000000000018, -0.1000000000000002, -2.220446049250313e-16, 0.09999999999999964, 0.19999999999999973, 0.2999999999999998, 0.3999999999999997, 0.49999999999999956, 0.5999999999999996, 0.6999999999999997, 0.7999999999999996, 0.8999999999999995, 0.9999999999999996], "y_lr_no": [4.266758379766607e-06, 1.5839693410516406e-05, 5.880061387186798e-05, 0.00021825607815960342, 0.0008097725855780811, 0.002999604317400469, 0.011045834971886968, 0.03981362071563085, 0.13339806646597815, 0.36364791386481804, 0.6796383602813726, 0.8873332808354475, 0.9669288241417435, 0.9908710980251365, 0.9975244529432341, 0.9993319581586978, 0.9998199629265156, 0.9999514973654839, 0.9999869344717839, 0.9999964805291641, 0.999999051964194], "score_no": 0.817, "mean_perf_no": 81.66666666666667, "mse_no": 0.00826870200519163}