{"HRopt_": 0.12445771554633787, "SO_HRopt_": 0.21159310325969508, "xhat": [-0.5, -0.45, -0.4, -0.35000000000000003, -0.30000000000000004, -0.25000000000000006, -0.20000000000000007, -0.15000000000000008, -0.10000000000000009, -0.0500000000000001, -1.1102230246251565e-16, 0.04999999999999982, 0.09999999999999987, 0.1499999999999999, 0.19999999999999984, 0.24999999999999978, 0.2999999999999998, 0.34999999999999987, 0.3999999999999998, 0.44999999999999973], "theo_pR": [0.005969311727418436, 0.011358097530379863, 0.020556169189079543, 0.03541106721930265, 0.058110231742403595, 0.0909286496703603, 0.13582315673681, 0.19393126865482627, 0.2650933220612083, 0.34755049748016265, 0.4379522403657738, 0.5317286448108927, 0.6237691084231322, 0.7092427984023952, 0.784345316431826, 0.8467827224992104, 0.8958965070507368, 0.9324500936150992, 0.9581910366878599, 0.9753419227172995], "partid": 1003, "sessionid": 14, "part_sessid": "1003_14"}