{"HRopt_": 0.0884147119485181, "SO_HRopt_": 0.18507346267240585, "xhat": [-0.5, -0.45, -0.4, -0.35000000000000003, -0.30000000000000004, -0.25000000000000006, -0.20000000000000007, -0.15000000000000008, -0.10000000000000009, -0.0500000000000001, -1.1102230246251565e-16, 0.04999999999999982, 0.09999999999999987, 0.1499999999999999, 0.19999999999999984, 0.24999999999999978, 0.2999999999999998, 0.34999999999999987, 0.3999999999999998, 0.44999999999999973], "theo_pR": [0.019197678040962285, 0.031580233758319864, 0.04993219293149421, 0.07593425040534474, 0.11115399842018114, 0.1567595934417665, 0.21321472782961418, 0.2800248510600456, 0.3556096851603563, 0.4373583485932795, 0.5218823967481985, 0.6054299160340737, 0.6843777953069186, 0.7556960977219921, 0.8172867937240131, 0.8681358343650085, 0.9082690435418063, 0.9385506149609721, 0.9603933103746276, 0.9754554699517924], "partid": 1013, "sessionid": 14, "part_sessid": "1013_14"}