{"HRopt_": 0.032487276089187195, "SO_HRopt_": 0.08150822009464, "xhat": [-0.5, -0.45, -0.4, -0.35000000000000003, -0.30000000000000004, -0.25000000000000006, -0.20000000000000007, -0.15000000000000008, -0.10000000000000009, -0.0500000000000001, -1.1102230246251565e-16, 0.04999999999999982, 0.09999999999999987, 0.1499999999999999, 0.19999999999999984, 0.24999999999999978, 0.2999999999999998, 0.34999999999999987, 0.3999999999999998, 0.44999999999999973], "theo_pR": [2.758330284668986e-05, 0.00015105453391417445, 0.0007006469292522022, 0.002757675883483635, 0.009231893752135956, 0.02636758400939687, 0.06450935996007456, 0.13590966704094476, 0.2483212274009905, 0.3971689932196958, 0.5629365596074627, 0.7182055758755611, 0.8405253757849873, 0.9215712302172576, 0.9667338367985997, 0.9878994196578023, 0.9962414231504895, 0.9990063422919497, 0.9997769739777919, 0.9999575839473199], "partid": 992, "sessionid": 14, "part_sessid": "992_14"}