{"HRopt_": 0.3130307868255261, "SO_HRopt_": 0.5457589436848764, "xhat": [-0.5, -0.45, -0.4, -0.35000000000000003, -0.30000000000000004, -0.25000000000000006, -0.20000000000000007, -0.15000000000000008, -0.10000000000000009, -0.0500000000000001, -1.1102230246251565e-16, 0.04999999999999982, 0.09999999999999987, 0.1499999999999999, 0.19999999999999984, 0.24999999999999978, 0.2999999999999998, 0.34999999999999987, 0.3999999999999998, 0.44999999999999973], "theo_pR": [0.15751541858301354, 0.17971700111929834, 0.20378811659782103, 0.2296837336591122, 0.2573260272807049, 0.28660390896122223, 0.31737358975701324, 0.3494602188862965, 0.3826605918415158, 0.41674687083966977, 0.4514712101030343, 0.4865711320993001, 0.5217754615239489, 0.5568105941215546, 0.5914068594427807, 0.625304731561045, 0.6582606499784248, 0.6900522338664897, 0.7204827049751082, 0.7493843758110991], "partid": 996, "sessionid": 14, "part_sessid": "996_14"}