{"HRopt_": 0.104269265801746, "SO_HRopt_": 0.2617962311734062, "xhat": [-0.5, -0.45, -0.4, -0.35000000000000003, -0.30000000000000004, -0.25000000000000006, -0.20000000000000007, -0.15000000000000008, -0.10000000000000009, -0.0500000000000001, -1.1102230246251565e-16, 0.04999999999999982, 0.09999999999999987, 0.1499999999999999, 0.19999999999999984, 0.24999999999999978, 0.2999999999999998, 0.34999999999999987, 0.3999999999999998, 0.44999999999999973], "theo_pR": [0.12601120215190076, 0.15504558319255035, 0.1881833526502762, 0.22536745736115707, 0.2663892604533482, 0.31088265316052127, 0.3583286594719869, 0.4080711086887301, 0.4593428458816359, 0.5113008266200345, 0.5630674528501171, 0.6137747922652128, 0.6626079885126749, 0.7088442638858035, 0.7518844257018836, 0.7912746370493542, 0.8267172789432059, 0.8580708650289924, 0.8853400219307578, 0.9086573914115624], "partid": 997, "sessionid": 14, "part_sessid": "997_14"}