{"H_st": -0.08275224340310665, "st_sigma": 0.12269241959371957, "signed_stair": [-0.7, -0.6599999999999999, -0.62, -0.5800000000000001, -0.54, -0.5, -0.42000000000000004, -0.38, -0.30000000000000004, -0.26, -0.21999999999999997, -0.18000000000000005, -0.16000000000000003, -0.15000000000000002, -0.14, -0.13, -0.12, -0.09999999999999998, 0.09999999999999998, 0.12, 0.13, 0.14, 0.15000000000000002, 0.16000000000000003, 0.17000000000000004, 0.18000000000000005, 0.21999999999999997, 0.33999999999999997, 0.45999999999999996], "m_right": [NaN, NaN, NaN, NaN, 0.0, 0.0, 0.0, 0.0, 0.0, 0.0, 0.0, 0.0, 0.0, 0.5, 0.75, 1.0, 1.0, 1.0, 1.0, 0.5, 0.5, 0.6666666666666666, 1.0, 1.0, 1.0, 1.0, 1.0, 1.0, 1.0], "se_right": [NaN, NaN, NaN, NaN, 0.0, 0.0, 0.0, 0.0, 0.0, 0.0, 0.0, 0.0, 0.0, 0.3535533905932738, 0.21650635094610965, 0.0, 0.0, 0.0, 0.0, 0.3535533905932738, 0.3535533905932738, 0.15713484026367724, 0.0, 0.0, 0.0, 0.0, 0.0, 0.0, 0.0], "x_lr": [-1.0, -0.9, -0.8, -0.7000000000000001, -0.6000000000000001, -0.5000000000000001, -0.40000000000000013, -0.30000000000000016, -0.20000000000000018, -0.1000000000000002, -2.220446049250313e-16, 0.09999999999999964, 0.19999999999999973, 0.2999999999999998, 0.3999999999999997, 0.49999999999999956, 0.5999999999999996, 0.6999999999999997, 0.7999999999999996, 0.8999999999999995, 0.9999999999999996], "y_lr": [0.0005662017652189028, 0.0012782970178848605, 0.002883389684869556, 0.00649081717081285, 0.014545682005473508, 0.03227164904067084, 0.07006338901047661, 0.14545905808263584, 0.27775530281475536, 0.46491346293597885, 0.6625031376284405, 0.8160055194584097, 0.9092541278438072, 0.9576943453794448, 0.980822507638639, 0.9914199670617831, 0.9961840666230275, 0.9983073959339964, 0.9992501140848745, 0.99966794757507, 0.9998530001331232], "score": 0.75}