{"H_st": -0.09693828926938532, "st_sigma": 0.1281431284163065, "signed_stair": [-0.7, -0.5800000000000001, -0.42000000000000004, -0.38, -0.30000000000000004, -0.26, -0.19999999999999996, -0.18000000000000005, -0.17000000000000004, -0.16000000000000003, -0.15000000000000002, -0.14, -0.13, -0.12, -0.09999999999999998, 0.09999999999999998, 0.14, 0.15000000000000002, 0.16000000000000003, 0.17000000000000004, 0.18000000000000005, 0.18999999999999995, 0.21999999999999997, 0.33999999999999997, 0.45999999999999996, 0.5, 0.54, 0.62, 0.6599999999999999], "m_right": [NaN, NaN, 0.0, 0.0, 0.0, 0.0, 0.0, 0.16666666666666666, 1.0, 0.0, 0.0, 0.7142857142857143, 1.0, 1.0, 0.5, 0.6666666666666666, 0.6, 0.75, 1.0, 1.0, 1.0, 1.0, 1.0, 1.0, 1.0, 1.0, 1.0, NaN, NaN], "se_right": [NaN, NaN, 0.0, 0.0, 0.0, 0.0, 0.0, 0.15214515486254615, 0.0, 0.0, 0.0, 0.17074694419062766, 0.0, 0.0, 0.3535533905932738, 0.2721655269759087, 0.21908902300206645, 0.21650635094610965, 0.0, 0.0, 0.0, 0.0, 0.0, 0.0, 0.0, 0.0, 0.0, NaN, NaN], "x_lr": [-1.0, -0.9, -0.8, -0.7000000000000001, -0.6000000000000001, -0.5000000000000001, -0.40000000000000013, -0.30000000000000016, -0.20000000000000018, -0.1000000000000002, -2.220446049250313e-16, 0.09999999999999964, 0.19999999999999973, 0.2999999999999998, 0.3999999999999997, 0.49999999999999956, 0.5999999999999996, 0.6999999999999997, 0.7999999999999996, 0.8999999999999995, 0.9999999999999996], "y_lr": [0.000869007513523301, 0.0018944849080304404, 0.004125086700364839, 0.00895846781200009, 0.019345130580727194, 0.041272816972602294, 0.08587888641285944, 0.17013826441550078, 0.3091128047947051, 0.4940270595790368, 0.6805899925889924, 0.8230080717874264, 0.9102947595548203, 0.9567943274401696, 0.9797271993717291, 0.9906071701037834, 0.9956738805100965, 0.9980129719927374, 0.99908849686414, 0.9995821127791802, 0.9998084669031163], "score": 0.732}