{"H_st": -0.008853122905227861, "st_sigma": 0.15822876920209056, "signed_stair": [-0.78, -0.74, -0.7, -0.6599999999999999, -0.5800000000000001, -0.45999999999999996, -0.38, -0.33999999999999997, -0.30000000000000004, -0.26, -0.24, -0.21999999999999997, -0.18000000000000005, -0.16000000000000003, -0.15000000000000002, -0.14, -0.13, -0.12, -0.09999999999999998, 0.12, 0.13, 0.14, 0.15000000000000002, 0.16000000000000003, 0.17000000000000004, 0.18000000000000005, 0.19999999999999996, 0.21999999999999997, 0.26, 0.42000000000000004, 0.5, 0.54, 0.62], "m_right": [NaN, NaN, NaN, 0.0, 0.0, 0.0, 0.0, 0.0, 0.0, 0.0, 0.0, 0.0, 0.25, 0.25, 0.0, 0.5, 1.0, 1.0, 1.0, 0.3333333333333333, 1.0, 0.5, 0.5, 1.0, 1.0, 1.0, 1.0, 0.5, 1.0, 1.0, 1.0, 1.0, 1.0], "se_right": [NaN, NaN, NaN, 0.0, 0.0, 0.0, 0.0, 0.0, 0.0, 0.0, 0.0, 0.0, 0.21650635094610965, 0.21650635094610965, 0.0, 0.25, 0.0, 0.0, 0.0, 0.2721655269759087, 0.0, 0.2041241452319315, 0.25, 0.0, 0.0, 0.0, 0.0, 0.3535533905932738, 0.0, 0.0, 0.0, 0.0, 0.0], "x_lr": [-1.0, -0.9, -0.8, -0.7000000000000001, -0.6000000000000001, -0.5000000000000001, -0.40000000000000013, -0.30000000000000016, -0.20000000000000018, -0.1000000000000002, -2.220446049250313e-16, 0.09999999999999964, 0.19999999999999973, 0.2999999999999998, 0.3999999999999997, 0.49999999999999956, 0.5999999999999996, 0.6999999999999997, 0.7999999999999996, 0.8999999999999995, 0.9999999999999996], "y_lr": [0.0018999768401583655, 0.003568569622585507, 0.006692723573045208, 0.012517602279453378, 0.02329316627613131, 0.04294131918096216, 0.07784211280964176, 0.13704685145994958, 0.23004781607983668, 0.3598431667037861, 0.5139842047525065, 0.6655102341170321, 0.7891723982313671, 0.8756580657327734, 0.9298205902838687, 0.9614294818975639, 0.9791213674678858, 0.9887927698723042, 0.9940115843235042, 0.9968080248347834, 0.9983008297507676], "score": 0.732}