{"H_st": 0.1340730138946119, "st_sigma": 0.11132926506348154, "signed_stair": [-0.62, -0.5800000000000001, -0.45999999999999996, -0.42000000000000004, -0.38, -0.30000000000000004, -0.26, -0.18000000000000005, -0.17000000000000004, -0.16000000000000003, -0.15000000000000002, -0.14, 0.09999999999999998, 0.12, 0.13, 0.14, 0.15000000000000002, 0.16000000000000003, 0.21999999999999997, 0.26, 0.33999999999999997, 0.5, 0.54, 0.6599999999999999, 0.7], "m_right": [NaN, NaN, 0.0, 0.0, 0.0, 0.0, 0.0, 0.14285714285714285, 0.0, 0.0, 0.0, 0.25, 0.5, 0.3333333333333333, 0.0, 0.42857142857142855, 0.6666666666666666, 0.6666666666666666, 0.6666666666666666, 1.0, 1.0, 1.0, 1.0, NaN, NaN], "se_right": [NaN, NaN, 0.0, 0.0, 0.0, 0.0, 0.0, 0.13226001425322165, 0.0, 0.0, 0.0, 0.21650635094610965, 0.3535533905932738, 0.2721655269759087, 0.0, 0.1870439059165649, 0.2721655269759087, 0.2721655269759087, 0.2721655269759087, 0.0, 0.0, 0.0, 0.0, NaN, NaN], "x_lr": [-1.0, -0.9, -0.8, -0.7000000000000001, -0.6000000000000001, -0.5000000000000001, -0.40000000000000013, -0.30000000000000016, -0.20000000000000018, -0.1000000000000002, -2.220446049250313e-16, 0.09999999999999964, 0.19999999999999973, 0.2999999999999998, 0.3999999999999997, 0.49999999999999956, 0.5999999999999996, 0.6999999999999997, 0.7999999999999996, 0.8999999999999995, 0.9999999999999996], "y_lr": [3.7668194793878984e-05, 9.248048956880677e-05, 0.00022703394399463208, 0.0005572453423530768, 0.0013670787133887468, 0.0033498817998462395, 0.008184960145045527, 0.019859725127850378, 0.047391303983620486, 0.1088512538439683, 0.23071246111180596, 0.4240776618786333, 0.6438652275935858, 0.8161407955984131, 0.9159579376353896, 0.9639762926928622, 0.9850078939967177, 0.9938391601468929, 0.997481571782272, 0.9989727427486261, 0.9995813562561066], "score": 0.804}