{"Dperf_oo": [100.0, 100.0, 75.0, 66.66666666666667], "Dse_perf_oo": [0.0, 0.0, 10.825317547305483, 12.171612389003691], "Sperf_oo": [88.23529411764706, 78.94736842105263, 90.9090909090909, 45.45454545454545], "Sse_perf_oo": [7.814248990059665, 9.352877017248828, 8.667841720414476, 15.0131422517231], "perf_no": [95.0, 100.0, 65.0, 70.0], "se_perf_no": [4.873397172404484, 0.0, 10.66536450385077, 10.2469507659596], "Dn_trials_oo": [20, 18, 16, 15], "Sn_trials_oo": [17, 19, 11, 11], "NOn_trials": [20, 20, 20, 20], "DRT_oo": [NaN, 1.4208833481281604, 1.2209410352094228, 1.4299858150576987], "DsdRT_oo": [NaN, 0.0, 0.03296708868989866, 0.019061848957227075], "SRT_oo": [1.3879816610780835, 1.2043090804121255, 1.1921277418449452, 1.313639277062214], "SsdRT_oo": [0.0, NaN, 0.12018840085986522, 0.016562726159855115], "DRT_OKoo": [0.9307287003718181, 0.8926620185988018, 1.001120198382288, 1.1108998160150563], "DsdRT_OKoo": [0.013355644619027331, 0.05802254743137573, 0.038481725750136836, 0.08141732998442595], "SRT_OKoo": [0.9185775466002067, 0.9175110071613893, 0.8893953262906559, 0.9947176195444846], "SsdRT_OKoo": [0.022281606809382726, 0.08725507548903387, 0.021425223791958325, 0.035910129372191235], "RT_no": [0.891176244222296, 0.9641200547986666, 0.9998691979697786, 0.9931547045800726], "sdRT_no": [0.025526897528679947, 0.06289034553066765, 0.07243390522083204, 0.3198822045564959], "RT_noNOK": [0.8738299109321761, NaN, 1.0267405853274032, 1.5688470320170984], "sdRT_noNOK": [NaN, NaN, 0.026460288482828814, 0.11325782874487764], "Doptout": [0.0, 10.0, 20.0, 25.0], "Dse_optout": [0.0, 6.708203932499369, 8.944271909999161, 9.682458365518542], "Soptout": [15.0, 5.0, 45.0, 45.0], "Sse_optout": [7.984359711335657, 4.873397172404482, 11.124297730643494, 11.124297730643494]}