{"Dperf_oo": [92.3076923076923, 100.0, 83.33333333333333, 75.0], "Dse_perf_oo": [7.390530175619409, 0.0, 15.214515486254617, 15.309310892394862], "Sperf_oo": [100.0, 100.0, 66.66666666666667, 50.0], "Sse_perf_oo": [0.0, 0.0, 27.216552697590867, 35.35533905932738], "perf_no": [100.0, 80.0, 65.0, 60.0], "se_perf_no": [0.0, 8.944271909999157, 10.66536450385077, 10.954451150103322], "Dn_trials_oo": [13, 11, 6, 8], "Sn_trials_oo": [7, 5, 3, 2], "NOn_trials": [20, 20, 20, 20], "DRT_oo": [0.9553559209149389, 0.9808114898669977, 0.9275582743491723, 1.0205467602200158], "DsdRT_oo": [0.07048117327799704, 0.022990036367406142, 0.06877188762665304, 0.041905950875991145], "SRT_oo": [1.0376617440937992, 0.9396508316052534, 0.9103167614667006, 0.9091960760449196], "SsdRT_oo": [0.040707301569468106, 0.07644772263121369, 0.02368150638160336, 0.05434763275895308], "DRT_OKoo": [0.8964812026994342, 1.0157076715388005, 1.1659983008973607, 1.005138626717446], "DsdRT_OKoo": [0.06460728732159707, 0.12217970129418938, 0.12132452622632742, 0.08607663759937663], "SRT_OKoo": [0.9225461766253837, 0.9964494413399398, 1.1241352775789246, 0.8223558666868199], "SsdRT_OKoo": [0.04547663921257625, 0.06932885403664248, 0.0, NaN], "RT_no": [1.1324397115172284, 1.1682086850591813, 0.9268533270633655, 1.132638542798344], "sdRT_no": [0.07660451115381364, 0.09090307215569789, 0.13698770792171647, 0.058996026969438564], "RT_noNOK": [NaN, 1.2068697500167882, 1.2395039030346553, 1.4295143093940899], "sdRT_noNOK": [NaN, 0.0, 0.07530289871102229, 0.19337869900623517], "Doptout": [35.0, 45.0, 70.0, 60.0], "Dse_optout": [10.66536450385077, 11.124297730643494, 10.2469507659596, 10.954451150103322], "Soptout": [65.0, 75.0, 85.0, 90.0], "Sse_optout": [10.66536450385077, 9.682458365518542, 7.984359711335657, 6.708203932499368]}