{"Hno": 0.009486242773351257, "Sigma": 0.0752273708301638, "signed_st": [-0.14, -0.1, -0.06, -0.02, 0.02, 0.06, 0.1, 0.14], "m_right_No": [0.0, 0.1, 0.1, 0.4, 0.6, 0.8, 0.9, 0.9], "se_right_No": [0.0, 0.09486832980505139, 0.09486832980505139, 0.15491933384829668, 0.15491933384829668, 0.12649110640673517, 0.09486832980505137, 0.09486832980505137], "x_lr": [-0.2, -0.19, -0.18, -0.16999999999999998, -0.15999999999999998, -0.14999999999999997, -0.13999999999999996, -0.12999999999999995, -0.11999999999999994, -0.10999999999999993, -0.09999999999999992, -0.08999999999999991, -0.0799999999999999, -0.0699999999999999, -0.05999999999999989, -0.04999999999999988, -0.03999999999999987, -0.02999999999999986, -0.01999999999999985, -0.009999999999999842, 1.6653345369377348e-16, 0.010000000000000175, 0.020000000000000184, 0.030000000000000193, 0.0400000000000002, 0.05000000000000021, 0.06000000000000022, 0.07000000000000023, 0.08000000000000024, 0.09000000000000025, 0.10000000000000026, 0.11000000000000026, 0.12000000000000027, 0.13000000000000028, 0.1400000000000003, 0.1500000000000003, 0.1600000000000003, 0.17000000000000032, 0.18000000000000033, 0.19000000000000034], "y_pr_no": [0.0026787993588019646, 0.004003465368184795, 0.0058869890787662475, 0.008518303999380824, 0.012130003501426139, 0.017000659310906416, 0.0234542338212092, 0.0318556070486922, 0.042601370982394776, 0.056105338508128266, 0.07277867637839242, 0.09300517911991135, 0.1171128985947355, 0.14534404725890465, 0.17782569559544764, 0.21454417311056384, 0.2553261587458042, 0.2998291464137929, 0.34754328294826486, 0.397805549828473, 0.4498260085540319, 0.5027245121567133, 0.5555750851306853, 0.607454266808824, 0.6574892361057475, 0.7049015620039517, 0.7490429500857692, 0.7894202999799552, 0.8257086093243251, 0.8577515787403377, 0.8855510073385285, 0.9092470637159031, 0.929092167178183, 0.9454214738279674, 0.9586228498831961, 0.9691087987739663, 0.9772921905305276, 0.983566934570031, 0.9882940450064434, 0.9917929531267735], "pearson_chi2": 81.86920213941283, "mean_perf_no": 82.5, "mse_no": 0.003052542252846632}