{"Hno": -0.07133681969542983, "Sigma": 0.15873905274313438, "signed_st": [-0.14, -0.1, -0.06, -0.02, 0.02, 0.06, 0.1, 0.14], "m_right_No": [0.2, 0.6, 0.6, 0.5, 0.9, 0.6, 0.8, 1.0], "se_right_No": [0.1264911064067352, 0.15491933384829668, 0.15491933384829668, 0.15811388300841897, 0.09486832980505137, 0.15491933384829668, 0.12649110640673517, 0.0], "x_lr": [-0.2, -0.19, -0.18, -0.16999999999999998, -0.15999999999999998, -0.14999999999999997, -0.13999999999999996, -0.12999999999999995, -0.11999999999999994, -0.10999999999999993, -0.09999999999999992, -0.08999999999999991, -0.0799999999999999, -0.0699999999999999, -0.05999999999999989, -0.04999999999999988, -0.03999999999999987, -0.02999999999999986, -0.01999999999999985, -0.009999999999999842, 1.6653345369377348e-16, 0.010000000000000175, 0.020000000000000184, 0.030000000000000193, 0.0400000000000002, 0.05000000000000021, 0.06000000000000022, 0.07000000000000023, 0.08000000000000024, 0.09000000000000025, 0.10000000000000026, 0.11000000000000026, 0.12000000000000027, 0.13000000000000028, 0.1400000000000003, 0.1500000000000003, 0.1600000000000003, 0.17000000000000032, 0.18000000000000033, 0.19000000000000034], "y_pr_no": [0.20881706248963633, 0.22736999510838607, 0.24681722108582954, 0.2671211368235371, 0.28823554885841374, 0.31010587353438857, 0.33266948001109037, 0.35585617512011997, 0.3795888251046047, 0.40378410582528435, 0.428353369697801, 0.45320361455101554, 0.47823853686894685, 0.5033596495929962, 0.5284674428959718, 0.553462565157046, 0.5782470008089211, 0.60272522181494, 0.6268052902615765, 0.6503998908949054, 0.6734272743408831, 0.6958120941616287, 0.7174861237297352, 0.7383888420531555, 0.7584678810484748, 0.7776793302297011, 0.7959878982420294, 0.8133669340182956, 0.8297983134709284, 0.8452722004665272, 0.8597866932905001, 0.8733473698387533, 0.8859667463333905, 0.897663665429223, 0.908462630155261, 0.9183931002348551, 0.9274887669799069, 0.9357868222017377, 0.9433272354776632, 0.9501520527195791], "pearson_chi2": 78.01999653805649, "mean_perf_no": 67.5, "mse_no": 0.02532272584098452}