{"Hno": -0.10235104492648743, "Sigma": 0.1858422275218704, "signed_st": [-0.14, -0.1, -0.06, -0.02, 0.02, 0.06, 0.1, 0.14], "m_right_No": [0.5, 0.6, 0.3, 0.7, 0.7, 1.0, 0.8, 0.9], "se_right_No": [0.15811388300841897, 0.15491933384829668, 0.14491376746189438, 0.14491376746189438, 0.14491376746189438, 0.0, 0.12649110640673517, 0.09486832980505137], "x_lr": [-0.2, -0.19, -0.18, -0.16999999999999998, -0.15999999999999998, -0.14999999999999997, -0.13999999999999996, -0.12999999999999995, -0.11999999999999994, -0.10999999999999993, -0.09999999999999992, -0.08999999999999991, -0.0799999999999999, -0.0699999999999999, -0.05999999999999989, -0.04999999999999988, -0.03999999999999987, -0.02999999999999986, -0.01999999999999985, -0.009999999999999842, 1.6653345369377348e-16, 0.010000000000000175, 0.020000000000000184, 0.030000000000000193, 0.0400000000000002, 0.05000000000000021, 0.06000000000000022, 0.07000000000000023, 0.08000000000000024, 0.09000000000000025, 0.10000000000000026, 0.11000000000000026, 0.12000000000000027, 0.13000000000000028, 0.1400000000000003, 0.1500000000000003, 0.1600000000000003, 0.17000000000000032, 0.18000000000000033, 0.19000000000000034], "y_pr_no": [0.2996386483688783, 0.3185950988206028, 0.33803866399619087, 0.3579242145713231, 0.378203011166792, 0.3988230546995305, 0.41972948168795643, 0.44086499957498904, 0.46217035635047343, 0.4835848380774761, 0.5050467873711717, 0.5264941354590358, 0.5478649401776127, 0.5690979221413041, 0.5901329913555415, 0.6109117567393925, 0.6313780113661271, 0.6514781867156687, 0.6711617698476944, 0.690381678132802, 0.7090945870031865, 0.7272612070831792, 0.7448465080117049, 0.7618198872502758, 0.7781552831584557, 0.7938312325911236, 0.8088308742067873, 0.8231418995537715, 0.8367564548036001, 0.8496709967132414, 0.8618861070078485, 0.8734062698741949, 0.8842396176363552, 0.8943976499467503, 0.9038949319680925, 0.9127487770485945, 0.9209789193103264, 0.9286071813874485, 0.9356571422778714, 0.9421538099208258], "pearson_chi2": 79.8497996888046, "mean_perf_no": 66.25, "mse_no": 0.023811694927143277}