{"Hno": 0.041811289699260616, "Sigma": 0.06045056746622151, "signed_st": [-0.14, -0.1, -0.06, -0.02, 0.02, 0.06, 0.1, 0.14], "m_right_No": [0.0, 0.0, 0.0, 0.4, 0.8, 0.5, 0.8, 0.6], "se_right_No": [0.0, 0.0, 0.0, 0.15491933384829668, 0.12649110640673517, 0.15811388300841897, 0.12649110640673517, 0.15491933384829668], "x_lr": [-0.2, -0.19, -0.18, -0.16999999999999998, -0.15999999999999998, -0.14999999999999997, -0.13999999999999996, -0.12999999999999995, -0.11999999999999994, -0.10999999999999993, -0.09999999999999992, -0.08999999999999991, -0.0799999999999999, -0.0699999999999999, -0.05999999999999989, -0.04999999999999988, -0.03999999999999987, -0.02999999999999986, -0.01999999999999985, -0.009999999999999842, 1.6653345369377348e-16, 0.010000000000000175, 0.020000000000000184, 0.030000000000000193, 0.0400000000000002, 0.05000000000000021, 0.06000000000000022, 0.07000000000000023, 0.08000000000000024, 0.09000000000000025, 0.10000000000000026, 0.11000000000000026, 0.12000000000000027, 0.13000000000000028, 0.1400000000000003, 0.1500000000000003, 0.1600000000000003, 0.17000000000000032, 0.18000000000000033, 0.19000000000000034], "y_lr_no": [0.017983574697713826, 0.02115028397267427, 0.024860499201104808, 0.029202149130508663, 0.034275375854138916, 0.04019347281954333, 0.047083588134991354, 0.055087043144550873, 0.06435907305718264, 0.07506775091613108, 0.08739181409385308, 0.10151708319872237, 0.11763116060519525, 0.1359161380043067, 0.15653915057104884, 0.17964080974838526, 0.20532183947648833, 0.23362862617808897, 0.2645388359018272, 0.2979486800745203, 0.3336637151245981, 0.37139511222860044, 0.41076301965941947, 0.4513079151153865, 0.49250977172714877, 0.5338136259214376, 0.5746590151787332, 0.6145100360986601, 0.6528826555352156, 0.6893664231278178, 0.7236387384371736, 0.7554710542610972, 0.784727557591245, 0.8113577349195107, 0.8353846909777132, 0.8568911605421451, 0.8760049257750564, 0.8928849543395324, 0.9077091254136396, 0.9206639984735046], "score_no": 0.712, "mean_perf_no": 78.75, "mse_no": 0.045170802751478306}