{"Hno": 0.004152901332542503, "Sigma": 0.04061499678014532, "signed_st": [-0.14, -0.1, -0.06, -0.02, 0.02, 0.06, 0.1, 0.14], "m_right_No": [0.0, 0.2, 0.0, 0.4, 0.7, 0.7, 0.9, 1.0], "se_right_No": [0.0, 0.1264911064067352, 0.0, 0.15491933384829668, 0.14491376746189438, 0.14491376746189438, 0.09486832980505137, 0.0], "x_lr": [-0.2, -0.19, -0.18, -0.16999999999999998, -0.15999999999999998, -0.14999999999999997, -0.13999999999999996, -0.12999999999999995, -0.11999999999999994, -0.10999999999999993, -0.09999999999999992, -0.08999999999999991, -0.0799999999999999, -0.0699999999999999, -0.05999999999999989, -0.04999999999999988, -0.03999999999999987, -0.02999999999999986, -0.01999999999999985, -0.009999999999999842, 1.6653345369377348e-16, 0.010000000000000175, 0.020000000000000184, 0.030000000000000193, 0.0400000000000002, 0.05000000000000021, 0.06000000000000022, 0.07000000000000023, 0.08000000000000024, 0.09000000000000025, 0.10000000000000026, 0.11000000000000026, 0.12000000000000027, 0.13000000000000028, 0.1400000000000003, 0.1500000000000003, 0.1600000000000003, 0.17000000000000032, 0.18000000000000033, 0.19000000000000034], "y_lr_no": [0.0065187024787526264, 0.008323406652875431, 0.01062240144001474, 0.013547722853629733, 0.0172645957188495, 0.02197848764047012, 0.027942855236460715, 0.03546709505606603, 0.04492376988198091, 0.05675353658393644, 0.07146533788369544, 0.08962839526583675, 0.11185156363783474, 0.13874513917781, 0.1708610251690628, 0.20861026586870832, 0.25216318965891954, 0.30134656058806275, 0.3555619077106651, 0.4137547250338307, 0.4744596382351557, 0.5359289749911283, 0.5963256696662071, 0.6539376333720507, 0.7073622568906089, 0.7556214231789077, 0.798192640002462, 0.8349675671626343, 0.8661647233835055, 0.8922256911412964, 0.9137174712933029, 0.9312536954191375, 0.9454386491549969, 0.9568323862599897, 0.9659325679836386, 0.9731681336810556, 0.9789005094262666, 0.9834290704621479, 0.98699858053973, 0.9898071590876694], "score_no": 0.838, "mean_perf_no": 83.75, "mse_no": 0.01170151945932374}