{"Hno": -0.03329899149302972, "Sigma": 0.04013946739888644, "signed_st": [-0.14, -0.1, -0.06, -0.02, 0.02, 0.06, 0.1, 0.14], "m_right_No": [0.1, 0.2, 0.3, 0.5, 0.8, 0.9, 1.0, 1.0], "se_right_No": [0.09486832980505139, 0.1264911064067352, 0.14491376746189438, 0.15811388300841897, 0.12649110640673517, 0.09486832980505137, 0.0, 0.0], "x_lr": [-0.2, -0.19, -0.18, -0.16999999999999998, -0.15999999999999998, -0.14999999999999997, -0.13999999999999996, -0.12999999999999995, -0.11999999999999994, -0.10999999999999993, -0.09999999999999992, -0.08999999999999991, -0.0799999999999999, -0.0699999999999999, -0.05999999999999989, -0.04999999999999988, -0.03999999999999987, -0.02999999999999986, -0.01999999999999985, -0.009999999999999842, 1.6653345369377348e-16, 0.010000000000000175, 0.020000000000000184, 0.030000000000000193, 0.0400000000000002, 0.05000000000000021, 0.06000000000000022, 0.07000000000000023, 0.08000000000000024, 0.09000000000000025, 0.10000000000000026, 0.11000000000000026, 0.12000000000000027, 0.13000000000000028, 0.1400000000000003, 0.1500000000000003, 0.1600000000000003, 0.17000000000000032, 0.18000000000000033, 0.19000000000000034], "y_lr_no": [0.015473303146566416, 0.019764344110303016, 0.02521489528340074, 0.03211932981428764, 0.04083516190552049, 0.051789550659614395, 0.06548193168772976, 0.08247948440105084, 0.10340100826164965, 0.12888397042640107, 0.15952973018575728, 0.1958243042928979, 0.23803760035095883, 0.28611313112025977, 0.33957116106925805, 0.3974564702533974, 0.4583608783657728, 0.5205354974127884, 0.5820804163789666, 0.6411711605065524, 0.6962666010978869, 0.7462504768660266, 0.7904839507704399, 0.8287758715413642, 0.8612973928924345, 0.8884731523604976, 0.9108753768925802, 0.9291366072210953, 0.9438866935407856, 0.9557129167728232, 0.9651387464127354, 0.97261591422965, 0.9785250360709005, 0.9831810976993791, 0.9868412376686257, 0.9897131895396442, 0.9919634311783004, 0.9937245531909883, 0.9951016512190409, 0.9961777181508737], "score_no": 0.825, "mean_perf_no": 82.5, "mse_no": 0.0021216167272376583}