{"Hno": 0.004538517237126623, "Sigma": 0.05825324550200659, "signed_st": [-0.14, -0.1, -0.06, -0.02, 0.02, 0.06, 0.1, 0.14], "m_right_No": [0.0, 0.2, 0.2, 0.6, 0.6, 0.5, 0.8, 1.0], "se_right_No": [0.0, 0.1264911064067352, 0.1264911064067352, 0.15491933384829668, 0.15491933384829668, 0.15811388300841897, 0.12649110640673517, 0.0], "x_lr": [-0.2, -0.19, -0.18, -0.16999999999999998, -0.15999999999999998, -0.14999999999999997, -0.13999999999999996, -0.12999999999999995, -0.11999999999999994, -0.10999999999999993, -0.09999999999999992, -0.08999999999999991, -0.0799999999999999, -0.0699999999999999, -0.05999999999999989, -0.04999999999999988, -0.03999999999999987, -0.02999999999999986, -0.01999999999999985, -0.009999999999999842, 1.6653345369377348e-16, 0.010000000000000175, 0.020000000000000184, 0.030000000000000193, 0.0400000000000002, 0.05000000000000021, 0.06000000000000022, 0.07000000000000023, 0.08000000000000024, 0.09000000000000025, 0.10000000000000026, 0.11000000000000026, 0.12000000000000027, 0.13000000000000028, 0.1400000000000003, 0.1500000000000003, 0.1600000000000003, 0.17000000000000032, 0.18000000000000033, 0.19000000000000034], "y_lr_no": [0.02899536586413672, 0.03423966398956525, 0.04039302372025211, 0.04759772869170705, 0.0560124917349145, 0.06581209619760568, 0.0771859938431916, 0.09033549160236068, 0.1054691233687618, 0.12279580715324352, 0.14251545937953744, 0.16480690763726832, 0.1898132381836087, 0.21762514692130394, 0.2482634127336932, 0.2816622116228688, 0.3176555132850599, 0.35596907555886226, 0.39622039525361846, 0.43792826312978705, 0.480532316858548, 0.5234213809315169, 0.5659677830486475, 0.6075636648934717, 0.6476549006475377, 0.685768721073543, 0.7215323687173811, 0.7546817274190902, 0.7850604546950164, 0.8126113545285057, 0.8373623856372796, 0.8594098108484534, 0.8789006885093102, 0.8960163699103004, 0.9109580673005916, 0.9239350157724061, 0.9351553323288346, 0.9448193928992129, 0.9531153888533128, 0.9602166605809058], "score_no": 0.738, "mean_perf_no": 73.75, "mse_no": 0.018779471699118904}