{"Hno": -0.033814302826674886, "Sigma": 0.06704432521751107, "signed_st": [-0.14, -0.1, -0.06, -0.02, 0.02, 0.06, 0.1, 0.14], "m_right_No": [0.3, 0.2, 0.3, 0.5, 0.7, 0.9, 0.9, 0.9], "se_right_No": [0.14491376746189438, 0.1264911064067352, 0.14491376746189438, 0.15811388300841897, 0.14491376746189438, 0.09486832980505137, 0.09486832980505137, 0.09486832980505137], "x_lr": [-0.2, -0.19, -0.18, -0.16999999999999998, -0.15999999999999998, -0.14999999999999997, -0.13999999999999996, -0.12999999999999995, -0.11999999999999994, -0.10999999999999993, -0.09999999999999992, -0.08999999999999991, -0.0799999999999999, -0.0699999999999999, -0.05999999999999989, -0.04999999999999988, -0.03999999999999987, -0.02999999999999986, -0.01999999999999985, -0.009999999999999842, 1.6653345369377348e-16, 0.010000000000000175, 0.020000000000000184, 0.030000000000000193, 0.0400000000000002, 0.05000000000000021, 0.06000000000000022, 0.07000000000000023, 0.08000000000000024, 0.09000000000000025, 0.10000000000000026, 0.11000000000000026, 0.12000000000000027, 0.13000000000000028, 0.1400000000000003, 0.1500000000000003, 0.1600000000000003, 0.17000000000000032, 0.18000000000000033, 0.19000000000000034], "y_lr_no": [0.07736182711259405, 0.08870191093726608, 0.1015213733548431, 0.11595779540024913, 0.13214515919503428, 0.15020828220690224, 0.17025609676738127, 0.1923739057066442, 0.21661490688037388, 0.24299146967211863, 0.27146684364861723, 0.30194814912456025, 0.3342815972439374, 0.36825086694965453, 0.403579391987983, 0.4399369723343558, 0.47695064815195715, 0.5142192285672998, 0.551330351124291, 0.5878785676294928, 0.6234827931018656, 0.657801553519281, 0.6905448019981641, 0.7214815664987365, 0.7504432407089658, 0.777322830102706, 0.8020708405415801, 0.82468871032401, 0.8452207407901644, 0.8637454067037308, 0.880366770815919, 0.8952065328961929, 0.9083970491623532, 0.9200754881040275, 0.9303791555732537, 0.9394419284376614, 0.9473916784548603, 0.9543485394998217, 0.9604238641236033, 0.9657197224576111], "score_no": 0.762, "mean_perf_no": 76.25, "mse_no": 0.007715393896883238}