{"HRopt_": 0.1272181546559262, "SO_HRopt_": 0.2060712535108264, "xhat": [-0.2, -0.15000000000000002, -0.10000000000000003, -0.050000000000000044, -5.551115123125783e-17, 0.04999999999999993, 0.09999999999999992, 0.1499999999999999], "theo_pR": [0.1012667232646951, 0.15533363742931283, 0.22564115389507733, 0.3110999182555143, 0.4081948048498054, 0.5113096397051319, 0.613669822395549, 0.7086484862794796], "partid": 3067, "sessionid": 2, "part_sessid": "3067_2"}