{"Dperf_oo": [100.0, 73.6842105263158, 80.0, 46.666666666666664], "Dse_perf_oo": [0.0, 10.102261788814664, 10.327955589886443, 12.881223774390612], "Sperf_oo": [100.0, 100.0, 81.81818181818181, 75.0], "Sse_perf_oo": [0.0, 0.0, 11.629129983033296, 15.309310892394862], "perf_no": [100.0, 80.0, 85.0, 65.0], "se_perf_no": [0.0, 8.944271909999157, 7.984359711335657, 10.66536450385077], "Dn_trials_oo": [19, 19, 15, 15], "Sn_trials_oo": [18, 17, 11, 8], "NOn_trials": [20, 20, 20, 20], "DRT_oo": [1.3542708203955904, 1.459844019275562, 1.326470917457852, 1.3659303753569125], "DsdRT_oo": [NaN, NaN, 0.08022553103205143, 0.2352230399540011], "SRT_oo": [1.2096143874815715, 1.18759342039858, 1.3135166095615771, 1.330114528067602], "SsdRT_oo": [0.0, 0.0, 0.048750538080732875, 0.046800840538124354], "DRT_OKoo": [0.9564563092224286, 0.9789314562990028, 1.1572345166296172, 1.0702589845681099], "DsdRT_OKoo": [0.01458850127763098, 0.03947169210334223, 0.021467627066610297, 0.20253763786078127], "SRT_OKoo": [0.9077776685215607, 0.8882614723174942, 0.9133159571281887, 0.966526232154402], "SsdRT_OKoo": [0.0357701961148962, 0.02751388221792196, 0.035519797233965617, 0.050640937268913444], "RT_no": [0.8845975251205109, 0.9408684336397343, 1.0331382168393877, 1.1302785752752968], "sdRT_no": [0.026346566198766224, 0.02667319282938443, 0.08744936499079402, 0.05690594490674959], "RT_noNOK": [NaN, 0.8406708312998522, 1.3596599746605018, 1.4418056043445566], "sdRT_noNOK": [NaN, 0.19246908017622258, 0.0, 0.1388919089918118], "Doptout": [5.0, 5.0, 25.0, 25.0], "Dse_optout": [4.873397172404482, 4.873397172404482, 9.682458365518542, 9.682458365518542], "Soptout": [10.0, 15.0, 45.0, 60.0], "Sse_optout": [6.708203932499369, 7.984359711335657, 11.124297730643494, 10.954451150103322]}