{"Dperf_oo": [94.44444444444444, 100.0, 75.0, 100.0], "Dse_perf_oo": [5.399029532264168, 0.0, 12.5, 0.0], "Sperf_oo": [100.0, 94.44444444444444, 92.85714285714286, 70.0], "Sse_perf_oo": [0.0, 5.399029532264168, 6.883029368995938, 14.491376746189438], "perf_no": [100.0, 95.0, 95.0, 60.0], "se_perf_no": [0.0, 4.873397172404484, 4.873397172404484, 10.954451150103322], "Dn_trials_oo": [18, 16, 12, 8], "Sn_trials_oo": [20, 18, 14, 10], "NOn_trials": [20, 20, 20, 20], "DRT_oo": [1.3900329526460489, 1.6063512842496372, 1.2955039949446987, 1.4457951518971], "DsdRT_oo": [0.0, 0.012537805263610674, 0.05429899150365931, 0.10755232657540431], "SRT_oo": [NaN, 1.2421116778775807, 1.6659549496692614, 1.3415609623975056], "SsdRT_oo": [NaN, 0.0, 0.5741640157765349, 0.015950526660601493], "DRT_OKoo": [0.8707624249522012, 0.9963616665897514, 0.9492890353436128, 0.945109014582723], "DsdRT_OKoo": [0.028774705376562376, 0.07259981455248811, 0.015487400395351562, 0.12188938456089887], "SRT_OKoo": [0.8557125445756669, 0.9981492348657265, 1.0418995169962095, 0.7728343790933231], "SsdRT_OKoo": [0.010447070851719266, 0.022236923801692593, 0.07327984771871923, 0.013833961287699438], "RT_no": [0.8894641809242135, 1.0077009885803179, 0.9769873154861217, 1.289270076287913], "sdRT_no": [0.02337803876025721, 0.031077333423803567, 0.034682093318936624, 0.20928898879542257], "RT_noNOK": [NaN, 3.1963345822249316, 1.5018011104587607, 1.5556538617784528], "sdRT_noNOK": [NaN, NaN, NaN, 0.44721861791668727], "Doptout": [10.0, 20.0, 40.0, 60.0], "Dse_optout": [6.708203932499369, 8.944271909999161, 10.954451150103322, 10.954451150103322], "Soptout": [0.0, 10.0, 30.0, 50.0], "Sse_optout": [0.0, 6.708203932499369, 10.246950765959598, 11.180339887498949]}