{"Dperf_oo": [100.0, 94.11764705882354, 80.0, 64.28571428571429], "Dse_perf_oo": [0.0, 5.706720589090183, 10.327955589886443, 12.806020814297073], "Sperf_oo": [100.0, 100.0, 75.0, 83.33333333333333], "Sse_perf_oo": [0.0, 0.0, 15.309310892394862, 15.214515486254617], "perf_no": [95.0, 95.0, 80.0, 55.0], "se_perf_no": [4.873397172404484, 4.873397172404484, 8.944271909999157, 11.124297730643494], "Dn_trials_oo": [19, 17, 15, 14], "Sn_trials_oo": [17, 14, 8, 6], "NOn_trials": [20, 20, 20, 20], "DRT_oo": [1.0421691087344216, 1.051149203242564, 1.1874815780126817, 1.1241984397694664], "DsdRT_oo": [NaN, 0.0, 0.14158222581367835, 0.0], "SRT_oo": [1.3712296376340114, 1.099452417268034, 1.1167543279316687, 1.2076524028764433], "SsdRT_oo": [0.0, 0.08803423572541572, 0.03617830073908188, 0.02172899439871307], "DRT_OKoo": [0.8287952525109649, 0.8799510057595742, 0.8520871678370084, 1.1541615631317275], "DsdRT_OKoo": [0.021715186644854407, 0.012434895258602424, 0.0521993855335436, 0.18190773498696397], "SRT_OKoo": [0.9938167694348539, 0.9489195721259225, 0.9773467128559651, 1.0556818256503089], "SsdRT_OKoo": [0.05674076116252548, 0.021991142957342242, 0.07702556897129943, 0.057302958647064], "RT_no": [0.9219170634678119, 0.8524343195680845, 0.9530755677372609, 1.2527788512738665], "sdRT_no": [0.07058588543236902, 0.027189547464089314, 0.03255312906415238, 0.03692564667930234], "RT_noNOK": [0.7408152170404148, 0.9597828009211067, 1.4503245541415921, 1.1174813815003], "sdRT_noNOK": [NaN, NaN, 0.19373685900652626, 0.13019272739795093], "Doptout": [5.0, 15.0, 25.0, 30.0], "Dse_optout": [4.873397172404482, 7.984359711335657, 9.682458365518542, 10.246950765959598], "Soptout": [15.0, 30.0, 60.0, 70.0], "Sse_optout": [7.984359711335657, 10.246950765959598, 10.954451150103322, 10.2469507659596]}