{"Dperf_oo": [85.0, 93.75, 81.25, 60.0], "Dse_perf_oo": [7.984359711335657, 6.051536478449089, 9.757809372497498, 12.649110640673516], "Sperf_oo": [100.0, 100.0, 64.70588235294117, 60.0], "Sse_perf_oo": [0.0, 0.0, 11.59040430757386, 15.491933384829668], "perf_no": [95.0, 75.0, 85.0, 55.0], "se_perf_no": [4.873397172404484, 9.682458365518542, 7.984359711335657, 11.124297730643494], "Dn_trials_oo": [20, 16, 16, 15], "Sn_trials_oo": [20, 17, 17, 10], "NOn_trials": [20, 20, 20, 20], "DRT_oo": [NaN, 1.7263581005976, 1.2433939984747275, 1.3938886333872114], "DsdRT_oo": [NaN, 0.07438745598131359, 0.012954559497091475, 0.0], "SRT_oo": [NaN, 1.4469700610949057, 1.7679232200168051, 1.464562037061079], "SsdRT_oo": [NaN, 0.0, 0.0, 0.06848545645433142], "DRT_OKoo": [0.8988624428071654, 0.8661911398861942, 1.121726176175553, 1.1318454241176976], "DsdRT_OKoo": [0.056268821975817965, 0.030018130371919156, 0.153722026009979, 0.07975400376427998], "SRT_OKoo": [0.8618798185275433, 0.9882193831042588, 0.881335685771169, 1.0306598107091032], "SsdRT_OKoo": [0.0745464861534521, 0.047731347766466856, 0.0703071356914171, 0.03518147053744528], "RT_no": [0.9036474602706039, 0.8891139136043719, 0.8605891681534555, 0.9768712713511465], "sdRT_no": [0.03908343234253448, 0.11289504865140401, 0.020187497713708025, 0.11749880042491781], "RT_noNOK": [1.9165882894802762, 1.323568785538475, 1.9486074020605038, 1.0863019435240513], "sdRT_noNOK": [NaN, 0.14686982970303572, 0.0, 0.07582775199888922], "Doptout": [0.0, 20.0, 20.0, 25.0], "Dse_optout": [0.0, 8.944271909999161, 8.944271909999161, 9.682458365518542], "Soptout": [0.0, 15.0, 15.0, 50.0], "Sse_optout": [0.0, 7.984359711335657, 7.984359711335657, 11.180339887498949]}