{"Dperf_oo": [100.0, 93.75, 93.33333333333333, 66.66666666666667], "Dse_perf_oo": [0.0, 6.051536478449089, 6.440611887195311, 12.171612389003691], "Sperf_oo": [100.0, 90.0, 100.0, 78.57142857142857], "Sse_perf_oo": [0.0, 6.708203932499368, 0.0, 10.966421051124836], "perf_no": [85.0, 85.0, 75.0, 50.0], "se_perf_no": [7.984359711335657, 7.984359711335657, 9.682458365518542, 11.180339887498949], "Dn_trials_oo": [16, 16, 15, 15], "Sn_trials_oo": [19, 20, 17, 14], "NOn_trials": [20, 20, 20, 20], "DRT_oo": [1.189602228144235, 1.5587411720401552, 1.6256817148209048, 1.559928887484704], "DsdRT_oo": [0.043874057045240514, 0.08131340278467873, 2.0898811157393373, 0.06433959642719733], "SRT_oo": [1.2063505189059947, NaN, 1.698395456607104, 1.7711618187471028], "SsdRT_oo": [NaN, NaN, 0.0, 0.10493730119445636], "DRT_OKoo": [0.8661189144385009, 0.9332661797939675, 0.9560770812445408, 1.002281466046608], "DsdRT_OKoo": [0.025358483966001023, 0.030525832070703397, 0.03989937547187722, 0.043924845697617974], "SRT_OKoo": [0.9078580905677894, 0.9512811164434639, 0.9949221408027211, 0.9674618596160931], "SsdRT_OKoo": [0.05465087826441876, 0.05645860783548756, 0.009215631975523598, 0.019455785093975848], "RT_no": [0.934123139066462, 0.9290565555155141, 1.014534479468253, 1.2182539831783363], "sdRT_no": [0.07963730976847791, 0.024021475461699797, 0.15750136529990902, 0.1675715087512171], "RT_noNOK": [1.7276297936733929, 0.953434790358543, 1.3443585396810556, 1.379937381876116], "sdRT_noNOK": [0.0, 0.0, 0.019975042925163045, 0.09361803509051303], "Doptout": [20.0, 20.0, 25.0, 25.0], "Dse_optout": [8.944271909999161, 8.944271909999161, 9.682458365518542, 9.682458365518542], "Soptout": [5.0, 0.0, 15.0, 30.0], "Sse_optout": [4.873397172404482, 0.0, 7.984359711335657, 10.246950765959598]}