{"Hno": 0.05406440010485854, "Sigma": 0.1355819151499721, "signed_st": [-0.14, -0.1, -0.06, -0.02, 0.02, 0.06, 0.1, 0.14], "m_right_No": [0.1, 0.1, 0.0, 0.4, 0.6, 0.6, 0.5, 0.7], "se_right_No": [0.09486832980505139, 0.09486832980505139, 0.0, 0.15491933384829668, 0.15491933384829668, 0.15491933384829668, 0.15811388300841897, 0.14491376746189438], "x_lr": [-0.2, -0.19, -0.18, -0.16999999999999998, -0.15999999999999998, -0.14999999999999997, -0.13999999999999996, -0.12999999999999995, -0.11999999999999994, -0.10999999999999993, -0.09999999999999992, -0.08999999999999991, -0.0799999999999999, -0.0699999999999999, -0.05999999999999989, -0.04999999999999988, -0.03999999999999987, -0.02999999999999986, -0.01999999999999985, -0.009999999999999842, 1.6653345369377348e-16, 0.010000000000000175, 0.020000000000000184, 0.030000000000000193, 0.0400000000000002, 0.05000000000000021, 0.06000000000000022, 0.07000000000000023, 0.08000000000000024, 0.09000000000000025, 0.10000000000000026, 0.11000000000000026, 0.12000000000000027, 0.13000000000000028, 0.1400000000000003, 0.1500000000000003, 0.1600000000000003, 0.17000000000000032, 0.18000000000000033, 0.19000000000000034], "y_pr_no": [0.030473401502545266, 0.035920448486836065, 0.04214053462450855, 0.049204851924727996, 0.05718447757557086, 0.06614912800052687, 0.07616578313497165, 0.08729720406336983, 0.09960037367376201, 0.11312489609653886, 0.12791139607331847, 0.14398996372298928, 0.16137869312857872, 0.18008236449178944, 0.20009131908021716, 0.22138057368832387, 0.24390921679868582, 0.2676201221149312, 0.2924400067953108, 0.31827985180101837, 0.34503569063526696, 0.372589760817047, 0.40081200019742547, 0.4295618582126729, 0.4586903809129853, 0.4880425186236852, 0.5174595968543797, 0.5467818849621038, 0.5758511933904202, 0.6045134292259596, 0.6326210413894123, 0.660035290933088, 0.6866282884510746, 0.7122847492074944, 0.7369034268459124, 0.7603981979805321, 0.7826987820658649, 0.80375109316005, 0.8235172320162578, 0.841975137876283], "pearson_chi2": 79.61381865063936, "mean_perf_no": 72.5, "mse_no": 0.019731964163793466}