{"Hno": 0.010188023474556877, "Sigma": 0.13245002342422546, "signed_st": [-0.14, -0.1, -0.06, -0.02, 0.02, 0.06, 0.1, 0.14], "m_right_No": [0.1, 0.2, 0.4, 0.4, 0.5, 0.6, 0.7, 0.9], "se_right_No": [0.09486832980505139, 0.1264911064067352, 0.15491933384829668, 0.15491933384829668, 0.15811388300841897, 0.15491933384829668, 0.14491376746189438, 0.09486832980505137], "x_lr": [-0.2, -0.19, -0.18, -0.16999999999999998, -0.15999999999999998, -0.14999999999999997, -0.13999999999999996, -0.12999999999999995, -0.11999999999999994, -0.10999999999999993, -0.09999999999999992, -0.08999999999999991, -0.0799999999999999, -0.0699999999999999, -0.05999999999999989, -0.04999999999999988, -0.03999999999999987, -0.02999999999999986, -0.01999999999999985, -0.009999999999999842, 1.6653345369377348e-16, 0.010000000000000175, 0.020000000000000184, 0.030000000000000193, 0.0400000000000002, 0.05000000000000021, 0.06000000000000022, 0.07000000000000023, 0.08000000000000024, 0.09000000000000025, 0.10000000000000026, 0.11000000000000026, 0.12000000000000027, 0.13000000000000028, 0.1400000000000003, 0.1500000000000003, 0.1600000000000003, 0.17000000000000032, 0.18000000000000033, 0.19000000000000034], "y_pr_no": [0.056265012636848424, 0.06534034525763381, 0.07551213885483501, 0.08684809358982676, 0.09940967286831087, 0.11325030611278947, 0.12841358959498939, 0.14493153873795322, 0.16282294888356114, 0.18209192309365513, 0.20272662484561282, 0.22469831032667265, 0.24796068937126303, 0.2724496559956432, 0.29808341917131503, 0.32476305228065866, 0.35237346607225395, 0.3807847954365423, 0.40985417558490594, 0.4394278689069286, 0.46934369057459646, 0.49943366949604256, 0.5295268720596825, 0.5594523097098727, 0.5890418480803975, 0.6181330353503769, 0.6465717706816998, 0.6742147398857296, 0.7009315545324283, 0.7266065421041925, 0.751140147948461, 0.774449924062095, 0.7964710944742239, 0.8171567015118718, 0.836477350902045, 0.8544205859246377, 0.8709899312211538, 0.886203655042364, 0.9000933044716004, 0.9127020714108672], "pearson_chi2": 78.82300221439928, "mean_perf_no": 70.0, "mse_no": 0.003498344743276552}