{"Hno": -0.007283492244455136, "Sigma": 0.07719522247299025, "signed_st": [-0.14, -0.1, -0.06, -0.02, 0.02, 0.06, 0.1, 0.14], "m_right_No": [0.0, 0.2, 0.1, 0.5, 0.8, 0.8, 0.8, 1.0], "se_right_No": [0.0, 0.1264911064067352, 0.09486832980505139, 0.15811388300841897, 0.12649110640673517, 0.12649110640673517, 0.12649110640673517, 0.0], "x_lr": [-0.2, -0.19, -0.18, -0.16999999999999998, -0.15999999999999998, -0.14999999999999997, -0.13999999999999996, -0.12999999999999995, -0.11999999999999994, -0.10999999999999993, -0.09999999999999992, -0.08999999999999991, -0.0799999999999999, -0.0699999999999999, -0.05999999999999989, -0.04999999999999988, -0.03999999999999987, -0.02999999999999986, -0.01999999999999985, -0.009999999999999842, 1.6653345369377348e-16, 0.010000000000000175, 0.020000000000000184, 0.030000000000000193, 0.0400000000000002, 0.05000000000000021, 0.06000000000000022, 0.07000000000000023, 0.08000000000000024, 0.09000000000000025, 0.10000000000000026, 0.11000000000000026, 0.12000000000000027, 0.13000000000000028, 0.1400000000000003, 0.1500000000000003, 0.1600000000000003, 0.17000000000000032, 0.18000000000000033, 0.19000000000000034], "y_pr_no": [0.006271596144081395, 0.008967905108362354, 0.01263013937935121, 0.017521670402055396, 0.02394656089564593, 0.0322452382542118, 0.042786055100075174, 0.05595229897844356, 0.07212459819820538, 0.09165916969189641, 0.11486292417328431, 0.14196701777409304, 0.17310093542482846, 0.2082695221083682, 0.24733546587300165, 0.29000952834955784, 0.33585030021364615, 0.3842744629718228, 0.43457754405108556, 0.48596407738756553, 0.5375850664740864, 0.5885798310547339, 0.6381188188487811, 0.6854438527118173, 0.7299025778162679, 0.770974529609769, 0.8082871665691105, 0.8416212721079346, 0.8709061845707804, 0.896206230678703, 0.9177004141181824, 0.9356577887210416, 0.9504110143333968, 0.9623303862735056, 0.9718002123583729, 0.9791988690087339, 0.9848832866514645, 0.9891780705314638, 0.9923690122770734, 0.9947004222918636], "pearson_chi2": 74.94852452587686, "mean_perf_no": 82.5, "mse_no": 0.012664935814172556}