{"Hno": 0.008453798116891917, "Sigma": 0.049112448666077356, "signed_st": [-0.14, -0.1, -0.06, -0.02, 0.02, 0.06, 0.1, 0.14], "m_right_No": [0.0, 0.0, 0.1, 0.3, 0.5, 1.0, 0.9, 1.0], "se_right_No": [0.0, 0.0, 0.09486832980505139, 0.14491376746189438, 0.15811388300841897, 0.0, 0.09486832980505137, 0.0], "x_lr": [-0.2, -0.19, -0.18, -0.16999999999999998, -0.15999999999999998, -0.14999999999999997, -0.13999999999999996, -0.12999999999999995, -0.11999999999999994, -0.10999999999999993, -0.09999999999999992, -0.08999999999999991, -0.0799999999999999, -0.0699999999999999, -0.05999999999999989, -0.04999999999999988, -0.03999999999999987, -0.02999999999999986, -0.01999999999999985, -0.009999999999999842, 1.6653345369377348e-16, 0.010000000000000175, 0.020000000000000184, 0.030000000000000193, 0.0400000000000002, 0.05000000000000021, 0.06000000000000022, 0.07000000000000023, 0.08000000000000024, 0.09000000000000025, 0.10000000000000026, 0.11000000000000026, 0.12000000000000027, 0.13000000000000028, 0.1400000000000003, 0.1500000000000003, 0.1600000000000003, 0.17000000000000032, 0.18000000000000033, 0.19000000000000034], "y_pr_no": [1.095803770328522e-05, 2.6634088271653502e-05, 6.222508598593215e-05, 0.00013976021505551027, 0.0003018336742883407, 0.0006269063807249912, 0.001252517563418796, 0.0024077890451534873, 0.0044547959594768444, 0.00793504576001204, 0.013612550551989963, 0.022499663709436336, 0.03584778463625673, 0.05508471976456309, 0.08168633742015158, 0.11698324966476836, 0.16192209995266882, 0.216821024297847, 0.28117307640149036, 0.3535529289546, 0.4316670851948694, 0.5125577819289414, 0.5929333755263019, 0.6695647466121428, 0.7396692265438294, 0.801206988561832, 0.8530385557839499, 0.8949279091240785, 0.9274119156649834, 0.9515827741195608, 0.968840002159583, 0.9806624223737738, 0.9884338004912212, 0.993335490885328, 0.9963020279835046, 0.998024727911053, 0.9989846263701816, 0.9994978381477426, 0.9997611215239041, 0.9998907217027088], "pearson_chi2": 66.45819696206594, "mean_perf_no": 87.5, "mse_no": 0.005977268814865974}