{"Hno": -0.029344548003168828, "Sigma": 0.042174403788766725, "signed_st": [-0.14, -0.1, -0.06, -0.02, 0.02, 0.06, 0.1, 0.14], "m_right_No": [0.1, 0.1, 0.2, 0.6, 0.9, 1.0, 0.9, 0.9], "se_right_No": [0.09486832980505139, 0.09486832980505139, 0.1264911064067352, 0.15491933384829668, 0.09486832980505137, 0.0, 0.09486832980505137, 0.09486832980505137], "x_lr": [-0.2, -0.19, -0.18, -0.16999999999999998, -0.15999999999999998, -0.14999999999999997, -0.13999999999999996, -0.12999999999999995, -0.11999999999999994, -0.10999999999999993, -0.09999999999999992, -0.08999999999999991, -0.0799999999999999, -0.0699999999999999, -0.05999999999999989, -0.04999999999999988, -0.03999999999999987, -0.02999999999999986, -0.01999999999999985, -0.009999999999999842, 1.6653345369377348e-16, 0.010000000000000175, 0.020000000000000184, 0.030000000000000193, 0.0400000000000002, 0.05000000000000021, 0.06000000000000022, 0.07000000000000023, 0.08000000000000024, 0.09000000000000025, 0.10000000000000026, 0.11000000000000026, 0.12000000000000027, 0.13000000000000028, 0.1400000000000003, 0.1500000000000003, 0.1600000000000003, 0.17000000000000032, 0.18000000000000033, 0.19000000000000034], "y_lr_no": [0.01718435140629141, 0.021682861114822195, 0.027326245610062826, 0.03438680344861524, 0.04319066220654835, 0.054122187306645884, 0.06762492558600804, 0.08419654433667556, 0.10437447315012144, 0.128708480690966, 0.15771670896216836, 0.19182341853064072, 0.2312805363698669, 0.2760812339080442, 0.32588121435157175, 0.37994945918784295, 0.4371708330909956, 0.4961147120927085, 0.5551667876155117, 0.6127009464236954, 0.667253804099229, 0.7176634864749897, 0.7631471396783137, 0.8033116727725327, 0.838110104738775, 0.867765388027833, 0.8926839445067529, 0.9133755453675462, 0.9303887040864446, 0.9442643537260339, 0.9555064336407443, 0.9645660372315499, 0.9718353343647074, 0.9776478894012222, 0.9822827327344462, 0.9859703053676495, 0.9888990410966753, 0.9912218386934348, 0.9930620171399175, 0.9945185695982538], "score_no": 0.862, "mean_perf_no": 83.75, "mse_no": 0.010388719070448927}