{"Hno": 0.053821730710283865, "Sigma": 0.08158139730960426, "signed_st": [-0.14, -0.1, -0.06, -0.02, 0.02, 0.06, 0.1, 0.14], "m_right_No": [0.1, 0.1, 0.0, 0.4, 0.6, 0.6, 0.5, 0.7], "se_right_No": [0.09486832980505139, 0.09486832980505139, 0.0, 0.15491933384829668, 0.15491933384829668, 0.15491933384829668, 0.15811388300841897, 0.14491376746189438], "x_lr": [-0.2, -0.19, -0.18, -0.16999999999999998, -0.15999999999999998, -0.14999999999999997, -0.13999999999999996, -0.12999999999999995, -0.11999999999999994, -0.10999999999999993, -0.09999999999999992, -0.08999999999999991, -0.0799999999999999, -0.0699999999999999, -0.05999999999999989, -0.04999999999999988, -0.03999999999999987, -0.02999999999999986, -0.01999999999999985, -0.009999999999999842, 1.6653345369377348e-16, 0.010000000000000175, 0.020000000000000184, 0.030000000000000193, 0.0400000000000002, 0.05000000000000021, 0.06000000000000022, 0.07000000000000023, 0.08000000000000024, 0.09000000000000025, 0.10000000000000026, 0.11000000000000026, 0.12000000000000027, 0.13000000000000028, 0.1400000000000003, 0.1500000000000003, 0.1600000000000003, 0.17000000000000032, 0.18000000000000033, 0.19000000000000034], "y_lr_no": [0.04264477649046765, 0.047939318964114165, 0.05385422539293156, 0.060452592081787694, 0.06780147457673118, 0.07597148251101134, 0.08503616288387146, 0.09507113250553482, 0.10615292099982239, 0.11835748968843024, 0.1317583999857924, 0.1464246187074025, 0.16241796785950507, 0.17979025353616088, 0.19858014227564863, 0.21880989233465004, 0.24048208917788758, 0.26357657487950975, 0.2880477944772761, 0.31382280200705015, 0.34080016825402, 0.3688500056239385, 0.3978152700409661, 0.42751441652430283, 0.45774538007868487, 0.4882907375733635, 0.5189237937994431, 0.5494152415932021, 0.5795399858215132, 0.6090837035873313, 0.6378487410231944, 0.6656590160213547, 0.6923636954482247, 0.7178395301072473, 0.7419918452917563, 0.7647542854647221, 0.7860874886671231, 0.8059769148823743, 0.8244300727181365, 0.8414733840882701], "score_no": 0.7, "mean_perf_no": 72.5, "mse_no": 0.020236248055280657}