{"HRopt_": 0.04250893136745541, "SO_HRopt_": 0.09360249538284439, "xhat": [-0.2, -0.15000000000000002, -0.10000000000000003, -0.050000000000000044, -5.551115123125783e-17, 0.04999999999999993, 0.09999999999999992, 0.1499999999999999], "theo_pR": [0.06431493374631803, 0.13190576673395482, 0.2372031610756289, 0.3770534926517556, 0.5354077429834553, 0.688276308022682, 0.8140901301058976, 0.9023691017823139], "partid": 3060, "sessionid": 13, "part_sessid": "3060_13"}