{"HRopt_": 0.01554602364623208, "SO_HRopt_": 0.038440744278841275, "xhat": [-0.2, -0.15000000000000002, -0.10000000000000003, -0.050000000000000044, -5.551115123125783e-17, 0.04999999999999993, 0.09999999999999992, 0.1499999999999999], "theo_pR": [0.0002933390522160684, 0.0055371676294594385, 0.05019258244275637, 0.22794426624285347, 0.5602965801470636, 0.8529285213379844, 0.9741985418048983, 0.9977709566901599], "partid": 3053, "sessionid": 13, "part_sessid": "3053_13"}