{"HRopt_": 0.03575794551255475, "SO_HRopt_": 0.1031235451843164, "xhat": [-0.2, -0.15000000000000002, -0.10000000000000003, -0.050000000000000044, -5.551115123125783e-17, 0.04999999999999993, 0.09999999999999992, 0.1499999999999999], "theo_pR": [0.1569026659940207, 0.2412472054558813, 0.34556458216747066, 0.4632099601716344, 0.5841895080467514, 0.6976299739213455, 0.7946235150613363, 0.8702433881846992], "partid": 3054, "sessionid": 13, "part_sessid": "3054_13"}