{"Dperf_oo": [78.57142857142857, 36.36363636363637, 38.46153846153846], "Dse_perf_oo": [10.966421051124836, 14.504073367590284, 13.493200297031219], "Sperf_oo": [100.0, 66.66666666666667, 14.285714285714286], "Sse_perf_oo": [0.0, 13.608276348795433, 13.226001425322165], "perf_no": [65.0, 40.0, 55.0], "se_perf_no": [10.66536450385077, 10.954451150103322, 11.124297730643494], "Dn_trials_oo": [14, 11, 13], "Sn_trials_oo": [6, 12, 7], "NOn_trials": [20, 20, 20], "DRT_oo": [1.0950708654952293, 1.086432824589135, 1.2098918148444626], "DsdRT_oo": [0.04227677034003312, 0.08077548390201421, 0.03850373536437256], "SRT_oo": [1.123202155328074, 0.9189528472152574, 1.0080195404223362], "SsdRT_oo": [0.09207436607718857, 0.02280871619183656, 0.08308529297697032], "DRT_OKoo": [0.8389435172939831, 0.8420438820824274, 0.8754350469645636], "DsdRT_OKoo": [0.02811245580037069, 0.0037516248610049486, 0.20888413074686005], "SRT_OKoo": [0.8660291219547248, 0.8769236414117723, 1.177090322042109], "SsdRT_OKoo": [0.04229186101884819, 0.0239858484545922, NaN], "RT_no": [0.9800402549485132, 0.9829571662349249, 1.339546293229118], "sdRT_no": [0.056679346382354605, 0.0946075938154721, 0.12435967089162578], "RT_noNOK": [1.5885870932880097, 1.0858117032900676, 0.9830122023038405], "sdRT_noNOK": [0.3172635644244825, 0.03345772013847156, 0.053409096968146844], "Doptout": [30.0, 45.0, 35.0], "Dse_optout": [10.246950765959598, 11.124297730643494, 10.66536450385077], "Soptout": [70.0, 40.0, 65.0], "Sse_optout": [10.2469507659596, 10.954451150103322, 10.66536450385077]}