{"Dperf_oo": [93.33333333333333, 73.6842105263158, 31.25], "Dse_perf_oo": [6.440611887195311, 10.102261788814664, 11.587810136086974], "Sperf_oo": [93.75, 46.666666666666664, 62.5], "Sse_perf_oo": [6.051536478449089, 12.881223774390612, 12.103072956898178], "perf_no": [90.0, 60.0, 65.0], "se_perf_no": [6.708203932499368, 10.954451150103322, 10.66536450385077], "Dn_trials_oo": [15, 19, 16], "Sn_trials_oo": [16, 15, 16], "NOn_trials": [20, 20, 20], "DRT_oo": [1.975645243793902, 6.3324081194053345, 1.768849923792109], "DsdRT_oo": [0.11089560898721165, NaN, 0.0], "SRT_oo": [1.4943558138577775, 0.9571419178214454, 1.4144853628115277], "SsdRT_oo": [0.34248161245401, 0.034053780529741194, 0.0], "DRT_OKoo": [0.9377524447912756, 0.9899036386944756, 1.0655491682646336], "DsdRT_OKoo": [0.03274857737654869, 0.0748163546975042, 0.11215193709450942], "SRT_OKoo": [0.9063342375771579, 0.9490808366666368, 0.9883771785148833], "SsdRT_OKoo": [0.04300506354846607, 0.08318959792040186, 0.07095278361983377], "RT_no": [0.8649311520134805, 1.001966675080669, 0.9951033218941185], "sdRT_no": [0.03466822764773505, 0.03467751555656346, 0.09890830852083601], "RT_noNOK": [1.6961000946455844, 1.2363183155002904, 1.0352200646240333], "sdRT_noNOK": [0.0, 0.36117077478879994, 0.10751401260524099], "Doptout": [25.0, 5.0, 20.0], "Dse_optout": [9.682458365518542, 4.873397172404482, 8.944271909999161], "Soptout": [20.0, 25.0, 20.0], "Sse_optout": [8.944271909999161, 9.682458365518542, 8.944271909999161]}