{"Dperf_oo": [94.44444444444444, 44.44444444444444, 50.0], "Dse_perf_oo": [5.399029532264168, 11.712139482105108, 12.5], "Sperf_oo": [66.66666666666667, 50.0, 53.333333333333336], "Sse_perf_oo": [12.171612389003691, 12.5, 12.881223774390612], "perf_no": [85.0, 20.0, 45.0], "se_perf_no": [7.984359711335657, 8.944271909999161, 11.124297730643494], "Dn_trials_oo": [18, 18, 16], "Sn_trials_oo": [15, 16, 15], "NOn_trials": [20, 20, 20], "DRT_oo": [1.5352220622640438, 1.692592682786795, 1.7637517839048096], "DsdRT_oo": [0.0, 0.0, 0.14851737198860038], "SRT_oo": [1.540708964006213, 1.362723193064625, 1.2884144044655554], "SsdRT_oo": [0.05785891677634843, 0.07142450905922884, 0.09333149171743048], "DRT_OKoo": [0.9308233330493244, 0.9789000738756096, 0.9314841444804749], "DsdRT_OKoo": [0.038961198594353146, 0.11999058837441709, 0.0605038714925332], "SRT_OKoo": [0.9003149686346044, 0.9886037107616176, 1.0995712849607469], "SsdRT_OKoo": [0.03284199409951093, 0.007381612816883503, 0.2042772884484315], "RT_no": [1.0435241831231015, 0.9974542509684677, 1.0579807876899776], "sdRT_no": [0.06289836494385928, 0.0, 0.13548580755885126], "RT_noNOK": [0.9240473076157875, 0.966767142437794, 0.9817870615535824], "sdRT_noNOK": [0.0, 0.06276263210857387, 0.07170292564328272], "Doptout": [10.0, 10.0, 20.0], "Dse_optout": [6.708203932499369, 6.708203932499369, 8.944271909999161], "Soptout": [25.0, 20.0, 25.0], "Sse_optout": [9.682458365518542, 8.944271909999161, 9.682458365518542]}