{"Hno": -0.27305329096586606, "Sigma": 0.12902099788932758, "signed_st": [-0.22999999999999998, -0.15000000000000002, -0.06999999999999995, 0.06999999999999995, 0.15000000000000002, 0.22999999999999998], "m_right_No": [0.6, 0.9, 0.9, 1.0, 1.0, 1.0], "se_right_No": [0.15491933384829668, 0.09486832980505137, 0.09486832980505137, 0.0, 0.0, 0.0], "x_lr": [-1.0, -0.9, -0.8, -0.7000000000000001, -0.6000000000000001, -0.5000000000000001, -0.40000000000000013, -0.30000000000000016, -0.20000000000000018, -0.1000000000000002, -2.220446049250313e-16, 0.09999999999999964, 0.19999999999999973, 0.2999999999999998, 0.3999999999999997, 0.49999999999999956, 0.5999999999999996, 0.6999999999999997, 0.7999999999999996, 0.8999999999999995, 0.9999999999999996], "y_pr_no": [8.787078174459261e-09, 5.89123474296848e-07, 2.211509055092249e-05, 0.00046793892956570175, 0.005637501256426524, 0.03928956144658337, 0.16257672181524607, 0.41728063081054967, 0.7143753047771018, 0.9100852283099348, 0.982842376283391, 0.9980824454027772, 0.9998770453540842, 0.9999955343531358, 0.9999999088903634, 0.9999999989616162, 0.9999999999934148, 0.9999999999999768, 1.0, 1.0, 1.0], "pearson_chi2": 33.97570490510636, "mean_perf_no": 60.0, "mse_no": 0.0012760442681579815}