{"Hno": 0.00039142620360937974, "Sigma": 0.38290604255677285, "signed_st": [-0.16000000000000003, -0.07999999999999996, 0.0, 0.07999999999999996, 0.16000000000000003], "m_right_No": [0.1, 0.8, 0.55, 0.2, 0.8], "se_right_No": [0.09486832980505139, 0.12649110640673517, 0.11124297730643495, 0.1264911064067352, 0.12649110640673517], "x_lr": [-1.0, -0.9, -0.8, -0.7000000000000001, -0.6000000000000001, -0.5000000000000001, -0.40000000000000013, -0.30000000000000016, -0.20000000000000018, -0.1000000000000002, -2.220446049250313e-16, 0.09999999999999964, 0.19999999999999973, 0.2999999999999998, 0.3999999999999997, 0.49999999999999956, 0.5999999999999996, 0.6999999999999997, 0.7999999999999996, 0.8999999999999995, 0.9999999999999996], "y_pr_no": [0.0044924390287170764, 0.00934974110012866, 0.018295086707215694, 0.03368879734351173, 0.05844216564531774, 0.09563597105872124, 0.14785787630356267, 0.2163721380825267, 0.3003675830477882, 0.3965902085067038, 0.49959218080227463, 0.6026214994164496, 0.698920784637174, 0.7830277901968963, 0.8516694845825644, 0.9040163045479009, 0.9413188774100505, 0.9661578175631943, 0.9816129476410861, 0.9905987541656552, 0.9954806178660252], "pearson_chi2": 59.76520266691438, "mean_perf_no": 50.0, "mse_no": 0.06186104143529005}