{"Hno": -0.043251645813766705, "Sigma": 0.14663514986990628, "signed_st": [-0.16000000000000003, -0.07999999999999996, -0.0, 0.07999999999999996, 0.16000000000000003], "m_right_No": [0.0, 0.6, 0.75, 0.6, 0.9], "se_right_No": [0.0, 0.15491933384829668, 0.09682458365518543, 0.15491933384829668, 0.09486832980505137], "x_lr": [-1.0, -0.9, -0.8, -0.7000000000000001, -0.6000000000000001, -0.5000000000000001, -0.40000000000000013, -0.30000000000000016, -0.20000000000000018, -0.1000000000000002, -2.220446049250313e-16, 0.09999999999999964, 0.19999999999999973, 0.2999999999999998, 0.3999999999999997, 0.49999999999999956, 0.5999999999999996, 0.6999999999999997, 0.7999999999999996, 0.8999999999999995, 0.9999999999999996], "y_pr_no": [3.4072000323765286e-11, 2.5677405098180625e-09, 1.229767293217476e-07, 3.7533295379346822e-06, 7.327988023817186e-05, 0.0009201528466055249, 0.007489261089435454, 0.03997870741932318, 0.1425419348972129, 0.34937671258795805, 0.615988151741664, 0.8356970302511106, 0.9514310625999304, 0.9903801850348096, 0.9987478437270919, 0.999894214780556, 0.9999942471371098, 0.9999997997438099, 0.9999999955557075, 0.9999999999372983, 0.9999999999994389], "pearson_chi2": 61.07073768349179, "mean_perf_no": 70.0, "mse_no": 0.023843753246988324}