{"Hno": -0.07086477714700762, "Sigma": 0.17789590191025556, "signed_st": [-0.21999999999999997, -0.14, -0.06000000000000005, 0.06000000000000005, 0.14, 0.21999999999999997], "m_right_No": [0.2, 0.5, 0.5, 1.0, 0.3, 1.0], "se_right_No": [0.1264911064067352, 0.15811388300841897, 0.15811388300841897, 0.0, 0.14491376746189438, 0.0], "x_lr": [-1.0, -0.9, -0.8, -0.7000000000000001, -0.6000000000000001, -0.5000000000000001, -0.40000000000000013, -0.30000000000000016, -0.20000000000000018, -0.1000000000000002, -2.220446049250313e-16, 0.09999999999999964, 0.19999999999999973, 0.2999999999999998, 0.3999999999999997, 0.49999999999999956, 0.5999999999999996, 0.6999999999999997, 0.7999999999999996, 0.8999999999999995, 0.9999999999999996], "y_lr_no": [0.005362674913646262, 0.009370364171008156, 0.01632396591643269, 0.028290363887742878, 0.04859545803414531, 0.08224085480229663, 0.13585454717826007, 0.2161864743992248, 0.32609436228588645, 0.4591470733380663, 0.5982910905914454, 0.7232171351115513, 0.8209214188784432, 0.8894100515747425, 0.9338169269287888, 0.9611708964788521, 0.977491765877737, 0.9870450171842543, 0.9925743496929424, 0.9957538531903813, 0.9975752874700436], "score_no": 0.683, "mean_perf_no": 68.33333333333333, "mse_no": 0.06140901205035256}