{"Hno": -0.01000668183859354, "Sigma": 0.11723169398151398, "signed_st": [-0.18999999999999995, -0.10999999999999999, -0.030000000000000027, 0.030000000000000027, 0.10999999999999999, 0.18999999999999995], "m_right_No": [0.1, 0.4, 0.6, 0.5, 0.5, 1.0], "se_right_No": [0.09486832980505139, 0.15491933384829668, 0.15491933384829668, 0.15811388300841897, 0.15811388300841897, 0.0], "x_lr": [-1.0, -0.9, -0.8, -0.7000000000000001, -0.6000000000000001, -0.5000000000000001, -0.40000000000000013, -0.30000000000000016, -0.20000000000000018, -0.1000000000000002, -2.220446049250313e-16, 0.09999999999999964, 0.19999999999999973, 0.2999999999999998, 0.3999999999999997, 0.49999999999999956, 0.5999999999999996, 0.6999999999999997, 0.7999999999999996, 0.8999999999999995, 0.9999999999999996], "y_lr_no": [0.0002149783399844337, 0.0005043444425850744, 0.0011827436248881232, 0.002771134910694082, 0.006478854007147648, 0.015072441877518857, 0.03466688218210737, 0.07772426290293334, 0.16511316153694644, 0.3169869235399392, 0.5213265930605729, 0.7187702480688987, 0.8570965627076341, 0.9336645697260019, 0.9706138358915135, 0.9872628875354656, 0.9945323734148874, 0.997662748600389, 0.9990026902157398, 0.9995747733654441, 0.9998187540958996], "score_no": 0.65, "mean_perf_no": 65.0, "mse_no": 0.02046988901242324}