{"Hno": 0.0494215428740688, "Sigma": 0.13614730943889627, "signed_st": [-0.22999999999999998, -0.15000000000000002, -0.06999999999999995, 0.06999999999999995, 0.15000000000000002, 0.22999999999999998], "m_right_No": [0.0, 0.3, 0.5, 0.1, 0.9, 0.8], "se_right_No": [0.0, 0.14491376746189438, 0.15811388300841897, 0.09486832980505139, 0.09486832980505137, 0.12649110640673517], "x_lr": [-1.0, -0.9, -0.8, -0.7000000000000001, -0.6000000000000001, -0.5000000000000001, -0.40000000000000013, -0.30000000000000016, -0.20000000000000018, -0.1000000000000002, -2.220446049250313e-16, 0.09999999999999964, 0.19999999999999973, 0.2999999999999998, 0.3999999999999997, 0.49999999999999956, 0.5999999999999996, 0.6999999999999997, 0.7999999999999996, 0.8999999999999995, 0.9999999999999996], "y_lr_no": [0.00044902363395802345, 0.0009355057050469942, 0.0019480259428179725, 0.004051976474943851, 0.008409136853643808, 0.017369912264433764, 0.03553708198149095, 0.07132604731294319, 0.13800047520538186, 0.25020879019263415, 0.41023342142765523, 0.5918209054258483, 0.751381995033711, 0.8630072525708936, 0.9292347705153384, 0.9647530169381602, 0.9827745318066018, 0.9916614238725243, 0.9959821716358397, 0.9980684254720656, 0.9990724027491727], "score_no": 0.667, "mean_perf_no": 66.66666666666666, "mse_no": 0.05160504381169845}