{"Hno": -0.2620783041324048, "Sigma": 0.066477814021864, "signed_st": [-0.22999999999999998, -0.15000000000000002, -0.06999999999999995, 0.06999999999999995, 0.15000000000000002, 0.22999999999999998], "m_right_No": [0.6, 0.9, 0.9, 1.0, 1.0, 1.0], "se_right_No": [0.15491933384829668, 0.09486832980505137, 0.09486832980505137, 0.0, 0.0, 0.0], "x_lr": [-1.0, -0.9, -0.8, -0.7000000000000001, -0.6000000000000001, -0.5000000000000001, -0.40000000000000013, -0.30000000000000016, -0.20000000000000018, -0.1000000000000002, -2.220446049250313e-16, 0.09999999999999964, 0.19999999999999973, 0.2999999999999998, 0.3999999999999997, 0.49999999999999956, 0.5999999999999996, 0.6999999999999997, 0.7999999999999996, 0.8999999999999995, 0.9999999999999996], "y_lr_no": [1.5108013238874434e-05, 6.799496428032925e-05, 0.0003059607706280586, 0.0013756032020384528, 0.006161679535509436, 0.027147067573883344, 0.11158001462390493, 0.36113498531414984, 0.7178496127673485, 0.91968546652249, 0.9809665870666635, 0.9957075829956258, 0.9990431101269078, 0.9997872385430231, 0.9999527205440711, 0.9999894949994634, 0.9999976659655342, 0.999999481420087, 0.9999998847811589, 0.9999999744005179, 0.9999999943122719], "score_no": 0.9, "mean_perf_no": 60.0, "mse_no": 0.0009660072281623215}