{"HRopt_": 1.1193917724244842, "SO_HRopt_": 2.0719752424178615, "xhat": [-0.5, -0.45, -0.4, -0.35000000000000003, -0.30000000000000004, -0.25000000000000006, -0.20000000000000007, -0.15000000000000008, -0.10000000000000009, -0.0500000000000001, -1.1102230246251565e-16, 0.04999999999999982, 0.09999999999999987, 0.1499999999999999, 0.19999999999999984, 0.24999999999999978, 0.2999999999999998, 0.34999999999999987, 0.3999999999999998, 0.44999999999999973], "theo_pR": [0.39442958578673426, 0.40275403624971884, 0.4111228088982499, 0.4195322273161779, 0.4279785593372639, 0.43645802200593364, 0.4449667866544716, 0.45350098408531453, 0.46205670984675973, 0.47063002959010786, 0.47921698449599087, 0.48781359675741753, 0.4964158751068806, 0.505019820374727, 0.5136214310658943, 0.5222167089420517, 0.5308016645961722, 0.5393723230065794, 0.5479247290575895, 0.5564549530139661], "partid": 1014, "sessionid": 8, "part_sessid": "1014_8"}