{"HRopt_": 0.16520229330550487, "SO_HRopt_": 0.23155648103841986, "xhat": [-0.5, -0.45, -0.4, -0.35000000000000003, -0.30000000000000004, -0.25000000000000006, -0.20000000000000007, -0.15000000000000008, -0.10000000000000009, -0.0500000000000001, -1.1102230246251565e-16, 0.04999999999999982, 0.09999999999999987, 0.1499999999999999, 0.19999999999999984, 0.24999999999999978, 0.2999999999999998, 0.34999999999999987, 0.3999999999999998, 0.44999999999999973], "theo_pR": [0.00011279264582064741, 0.00036391896696419407, 0.001072982310531656, 0.002893352268523053, 0.007142667083574583, 0.016161811193100117, 0.03356790043278102, 0.06411208729653417, 0.11284800611065193, 0.18355533609311236, 0.27683255278837093, 0.3887205388586884, 0.5107567315440811, 0.6317862859218485, 0.7409282546289058, 0.8304213167768179, 0.897145545077284, 0.942380423659683, 0.9702645957180122, 0.9858937336149066], "partid": 996, "sessionid": 8, "part_sessid": "996_8"}