{"HRopt_": 0.1466454181840952, "SO_HRopt_": 0.2452782979168709, "xhat": [-0.5, -0.45, -0.4, -0.35000000000000003, -0.30000000000000004, -0.25000000000000006, -0.20000000000000007, -0.15000000000000008, -0.10000000000000009, -0.0500000000000001, -1.1102230246251565e-16, 0.04999999999999982, 0.09999999999999987, 0.1499999999999999, 0.19999999999999984, 0.24999999999999978, 0.2999999999999998, 0.34999999999999987, 0.3999999999999998, 0.44999999999999973], "theo_pR": [0.011813908042724752, 0.019947562358986207, 0.03240702520262473, 0.05068541012583738, 0.0763657827678923, 0.1109191142392143, 0.15544409299128836, 0.21039094036351647, 0.2753301747134299, 0.34883179680139564, 0.42850496640925717, 0.511213953418565, 0.5934417693866333, 0.6717324833405951, 0.7431208067061599, 0.8054611965727685, 0.8575971366538215, 0.8993542255606302, 0.9313836006009594, 0.9549119728436553], "partid": 994, "sessionid": 8, "part_sessid": "994_8"}