{"H_st": 0.03493365591912797, "st_sigma": 0.10265896768631827, "signed_stair": [-0.62, -0.5800000000000001, -0.54, -0.5, -0.45999999999999996, -0.42000000000000004, -0.26, -0.18000000000000005, -0.16000000000000003, -0.15000000000000002, -0.14, -0.12, -0.07999999999999996, 0.07999999999999996, 0.09999999999999998, 0.13, 0.14, 0.15000000000000002, 0.16000000000000003, 0.17000000000000004, 0.21999999999999997, 0.26, 0.30000000000000004, 0.33999999999999997, 0.38, 0.6599999999999999, 0.7], "m_right": [NaN, NaN, 0.0, 0.0, 0.0, 0.0, 0.0, 0.5, 0.0, 0.25, 0.0, 0.3333333333333333, 0.14285714285714285, 0.8333333333333334, 0.6666666666666666, 0.0, 0.6666666666666666, 0.3333333333333333, 1.0, 1.0, 1.0, 1.0, 1.0, 1.0, 1.0, NaN, NaN], "se_right": [NaN, NaN, 0.0, 0.0, 0.0, 0.0, 0.0, 0.3535533905932738, 0.0, 0.21650635094610965, 0.0, 0.2721655269759087, 0.13226001425322165, 0.15214515486254612, 0.2721655269759087, 0.0, 0.2721655269759087, 0.2721655269759087, 0.0, 0.0, 0.0, 0.0, 0.0, 0.0, 0.0, NaN, NaN], "x_lr": [-1.0, -0.9, -0.8, -0.7000000000000001, -0.6000000000000001, -0.5000000000000001, -0.40000000000000013, -0.30000000000000016, -0.20000000000000018, -0.1000000000000002, -2.220446049250313e-16, 0.09999999999999964, 0.19999999999999973, 0.2999999999999998, 0.3999999999999997, 0.49999999999999956, 0.5999999999999996, 0.6999999999999997, 0.7999999999999996, 0.8999999999999995, 0.9999999999999996], "y_lr": [4.18541135414763e-05, 0.00011085467403335512, 0.00029357594556570936, 0.0007772417705353934, 0.002056107277010478, 0.005427774574824548, 0.014249457494285167, 0.03687727039634069, 0.09208100827338242, 0.21175359572862512, 0.41573942281718324, 0.6533530061474712, 0.8331209655427465, 0.9296946738045871, 0.9722427294302818, 0.9893364882574882, 0.9959472786529416, 0.9984660970322975, 0.9994203485556873, 0.9997810838406681, 0.9999173408043551], "score": 0.804}