{"H_st": -0.06775249108737656, "st_sigma": 0.142134832842701, "signed_stair": [-0.6599999999999999, -0.62, -0.54, -0.5, -0.30000000000000004, -0.26, -0.21999999999999997, -0.18000000000000005, -0.16000000000000003, -0.15000000000000002, -0.14, -0.13, -0.12, -0.10999999999999999, -0.09999999999999998, 0.10999999999999999, 0.12, 0.13, 0.14, 0.15000000000000002, 0.16000000000000003, 0.18000000000000005, 0.21999999999999997, 0.26, 0.30000000000000004, 0.33999999999999997, 0.38, 0.42000000000000004, 0.45999999999999996, 0.5800000000000001, 0.7], "m_right": [NaN, NaN, 0.0, 0.0, 0.0, 0.5, 0.0, 0.3333333333333333, 0.0, 0.0, 0.6, 0.3333333333333333, 0.5, 1.0, 1.0, 0.0, 0.3333333333333333, 1.0, 0.6666666666666666, 1.0, 1.0, 1.0, 1.0, 1.0, 1.0, 1.0, 1.0, 1.0, 1.0, NaN, NaN], "se_right": [NaN, NaN, 0.0, 0.0, 0.0, 0.3535533905932738, 0.0, 0.2721655269759087, 0.0, 0.0, 0.21908902300206645, 0.2721655269759087, 0.25, 0.0, 0.0, 0.0, 0.2721655269759087, 0.0, 0.19245008972987526, 0.0, 0.0, 0.0, 0.0, 0.0, 0.0, 0.0, 0.0, 0.0, 0.0, NaN, NaN], "x_lr": [-1.0, -0.9, -0.8, -0.7000000000000001, -0.6000000000000001, -0.5000000000000001, -0.40000000000000013, -0.30000000000000016, -0.20000000000000018, -0.1000000000000002, -2.220446049250313e-16, 0.09999999999999964, 0.19999999999999973, 0.2999999999999998, 0.3999999999999997, 0.49999999999999956, 0.5999999999999996, 0.6999999999999997, 0.7999999999999996, 0.8999999999999995, 0.9999999999999996], "y_lr": [0.0014154441639924427, 0.0028563844854719894, 0.005755765468395818, 0.011564040401032913, 0.023097415010121018, 0.045602882365031724, 0.08806033544478248, 0.1632839145118555, 0.2828360630269154, 0.4435221299310121, 0.6169630322293774, 0.7649900378690127, 0.8680461007767797, 0.9300429650498756, 0.9641155404425016, 0.9819157501960287, 0.9909690114917713, 0.9955107878371275, 0.9977735901774251, 0.9988970830927086, 0.9994539482768313], "score": 0.732}