{"Dperf_oo": [83.33333333333333, 33.333333333333336, 16.666666666666668], "Dse_perf_oo": [8.784104611578833, 11.111111111111112, 8.784104611578831], "Sperf_oo": [78.94736842105263, 36.8421052631579, 47.05882352941177], "Sse_perf_oo": [9.352877017248828, 11.066473327112565, 12.105782480647683], "perf_no": [80.0, 45.0, 35.0], "se_perf_no": [8.944271909999157, 11.124297730643494, 10.66536450385077], "Dn_trials_oo": [18, 18, 18], "Sn_trials_oo": [19, 19, 17], "NOn_trials": [20, 20, 20], "DRT_oo": [2.413763603908328, 1.5676337578335497, 1.6252230974624908], "DsdRT_oo": [0.0, 0.0, 0.0], "SRT_oo": [1.665789932771446, 1.2594707390097668, 1.1866503844612362], "SsdRT_oo": [NaN, NaN, 0.0], "DRT_OKoo": [1.082307867789943, 0.9816322011801898, 0.9382439377856651], "DsdRT_OKoo": [0.02332530515978127, 0.04153798992965125, 0.0], "SRT_OKoo": [0.9952361142778862, 0.9704303600400761, 0.9867349266637151], "SsdRT_OKoo": [0.03403216157820238, 0.11030692181328769, 0.1008356078452245], "RT_no": [0.9943705632053899, 0.9544478589315574, 1.0198472872704358], "sdRT_no": [0.10182845343879227, 0.03841276943358271, 0.10887933157498297], "RT_noNOK": [0.9996175472050662, 1.1842483125036536, 0.9674042861536603], "sdRT_noNOK": [0.017408311972477233, 0.05988233643634174, 0.022652221630881157], "Doptout": [10.0, 10.0, 10.0], "Dse_optout": [6.708203932499369, 6.708203932499369, 6.708203932499369], "Soptout": [5.0, 5.0, 15.0], "Sse_optout": [4.873397172404482, 4.873397172404482, 7.984359711335657]}