{"Dperf_oo": [100.0, 81.25, 83.33333333333333], "Dse_perf_oo": [0.0, 9.757809372497498, 10.758287072798382], "Sperf_oo": [100.0, 86.66666666666667, 36.36363636363637], "Sse_perf_oo": [0.0, 8.77707451472511, 14.504073367590284], "perf_no": [90.0, 90.0, 50.0], "se_perf_no": [6.708203932499368, 6.708203932499368, 11.180339887498949], "Dn_trials_oo": [19, 16, 12], "Sn_trials_oo": [15, 15, 11], "NOn_trials": [20, 20, 20], "DRT_oo": [1.2826786864133934, 1.3161622665808113, 1.3077913715389569], "DsdRT_oo": [NaN, 0.05119124275595621, 0.03328291635408422], "SRT_oo": [1.4011590470057953, 1.1822279459111398, 1.209272376046362], "SsdRT_oo": [0.1567933032839665, 0.017385705086928525, 0.059049147458423615], "DRT_OKoo": [0.8976175144880876, 0.9130714745653574, 1.0708306503541531], "DsdRT_OKoo": [0.01657153745931565, 0.028764139582954863, 0.09120164428634321], "SRT_OKoo": [0.9375402446877013, 0.9066323245331617, 0.9896973599484868], "SsdRT_OKoo": [0.01775723081521649, 0.01282138456973573, 0.050869285254346426], "RT_no": [0.9542820347714102, 0.9536381197681906, 1.2916934964584674], "sdRT_no": [0.01736788303149318, 0.052423725800920265, 0.1716062356824274], "RT_noNOK": [1.5003219575016098, 1.3386992916934966, 1.6097875080489374], "sdRT_noNOK": [0.0, 0.0, 0.16867131966214868], "Doptout": [5.0, 20.0, 40.0], "Dse_optout": [4.873397172404482, 8.944271909999161, 10.954451150103322], "Soptout": [25.0, 25.0, 45.0], "Sse_optout": [9.682458365518542, 9.682458365518542, 11.124297730643494]}