{"Dperf_oo": [100.0, 100.0, 57.142857142857146], "Dse_perf_oo": [0.0, 0.0, 18.704390591656487], "Sperf_oo": [100.0, 100.0, 83.33333333333333], "Sse_perf_oo": [0.0, 0.0, 15.214515486254617], "perf_no": [95.0, 95.0, 40.0], "se_perf_no": [4.873397172404484, 4.873397172404484, 10.954451150103322], "Dn_trials_oo": [15, 9, 7], "Sn_trials_oo": [17, 12, 6], "NOn_trials": [20, 20, 20], "DRT_oo": [1.039195625221928, 1.019118940206912, 1.1746527768223756], "DsdRT_oo": [0.029835549011614303, 0.12627155216768723, 0.0652509458330285], "SRT_oo": [1.0094434293783088, 0.9964043711486394, 0.9971496470255188], "SsdRT_oo": [0.0, 0.07923577746156257, 0.07044457716847213], "DRT_OKoo": [0.9301826905382709, 0.9471148349449664, 0.938521281291556], "DsdRT_OKoo": [0.031700221998587796, 0.03215649065329252, 0.08297731150825997], "SRT_OKoo": [0.9467879592212285, 0.9896347822253937, 0.9248023221470991], "SsdRT_OKoo": [0.02073806358800433, 0.05261205385341685, 0.0], "RT_no": [0.9962049770271774, 1.0171773006667528, 1.0250092343983346], "sdRT_no": [0.011883469232074995, 0.07901349478560879, 0.069071683274319], "RT_noNOK": [1.5190617370389752, 1.8949422578291268, 1.1648269032460923], "sdRT_noNOK": [NaN, NaN, 0.07461394716680987], "Doptout": [25.0, 55.00000000000001, 65.0], "Dse_optout": [9.682458365518542, 11.124297730643494, 10.66536450385077], "Soptout": [15.0, 40.0, 70.0], "Sse_optout": [7.984359711335657, 10.954451150103322, 10.2469507659596]}