{"Hno": 0.05763899371320653, "Sigma": 0.07853514442130984, "signed_st": [-0.24, -0.16000000000000003, -0.07999999999999996, 0.07999999999999996, 0.16000000000000003, 0.24], "m_right_No": [0.0, 0.0, 0.1, 0.4, 1.0, 1.0], "se_right_No": [0.0, 0.0, 0.09486832980505139, 0.15491933384829668, 0.0, 0.0], "x_lr": [-1.0, -0.9, -0.8, -0.7000000000000001, -0.6000000000000001, -0.5000000000000001, -0.40000000000000013, -0.30000000000000016, -0.20000000000000018, -0.1000000000000002, -2.220446049250313e-16, 0.09999999999999964, 0.19999999999999973, 0.2999999999999998, 0.3999999999999997, 0.49999999999999956, 0.5999999999999996, 0.6999999999999997, 0.7999999999999996, 0.8999999999999995, 0.9999999999999996], "y_pr_no": [1.221713083589861e-41, 1.6777897758733932e-34, 4.602012979998417e-28, 2.5274562930976827e-22, 2.789047959341131e-17, 6.215201791987633e-13, 2.8184673489875893e-09, 2.6333707066551083e-06, 0.0005180122039613714, 0.02236198237398944, 0.2314968838368382, 0.70519082353205, 0.9650612916136116, 0.9989857232416708, 0.9999934770872165, 0.9999999911269476, 0.9999999999975069, 0.9999999999999999, 1.0, 1.0, 1.0], "pearson_chi2": 37.67318744687154, "mean_perf_no": 88.33333333333333, "mse_no": 0.009660580160119496}