{"Hno": -0.05924698585768343, "Sigma": 0.14105824040220205, "signed_st": [-0.21999999999999997, -0.14, -0.06000000000000005, 0.06000000000000005, 0.14, 0.21999999999999997], "m_right_No": [0.1, 0.4, 0.4, 0.8, 0.9, 1.0], "se_right_No": [0.09486832980505139, 0.15491933384829668, 0.15491933384829668, 0.12649110640673517, 0.09486832980505137, 0.0], "x_lr": [-1.0, -0.9, -0.8, -0.7000000000000001, -0.6000000000000001, -0.5000000000000001, -0.40000000000000013, -0.30000000000000016, -0.20000000000000018, -0.1000000000000002, -2.220446049250313e-16, 0.09999999999999964, 0.19999999999999973, 0.2999999999999998, 0.3999999999999997, 0.49999999999999956, 0.5999999999999996, 0.6999999999999997, 0.7999999999999996, 0.8999999999999995, 0.9999999999999996], "y_pr_no": [1.2855483806880768e-11, 1.2586806795745136e-09, 7.54744051153606e-08, 2.7799278775266225e-06, 6.31550192773311e-05, 0.0008901826976345776, 0.00785270799006699, 0.04393303723420719, 0.15917940427351812, 0.3863254566931835, 0.6627638111898447, 0.8705394680133409, 0.9669593631658361, 0.9945641984163511, 0.9994344858575441, 0.9999632486155373, 0.9999985200290878, 0.9999999632722685, 0.999999999440482, 0.9999999999947822, 0.9999999999999702], "pearson_chi2": 53.36846404595633, "mean_perf_no": 80.0, "mse_no": 0.004151404697841188}