{"Hno": -0.09050540033033122, "Sigma": 0.16424056143519367, "signed_st": [-0.22999999999999998, -0.15000000000000002, -0.06999999999999995, 0.06999999999999995, 0.15000000000000002, 0.22999999999999998], "m_right_No": [0.0, 0.4, 0.8, 0.9, 0.9, 0.9], "se_right_No": [0.0, 0.15491933384829668, 0.12649110640673517, 0.09486832980505137, 0.09486832980505137, 0.09486832980505137], "x_lr": [-1.0, -0.9, -0.8, -0.7000000000000001, -0.6000000000000001, -0.5000000000000001, -0.40000000000000013, -0.30000000000000016, -0.20000000000000018, -0.1000000000000002, -2.220446049250313e-16, 0.09999999999999964, 0.19999999999999973, 0.2999999999999998, 0.3999999999999997, 0.49999999999999956, 0.5999999999999996, 0.6999999999999997, 0.7999999999999996, 0.8999999999999995, 0.9999999999999996], "y_pr_no": [1.5334326739359186e-08, 4.1386518405412423e-07, 7.806762416940622e-06, 0.0001032263255937217, 0.0009606870459300559, 0.006328786854018927, 0.029755574250995124, 0.1010599557587713, 0.2524908025195758, 0.4769503432489508, 0.7092016336324511, 0.8769586761976103, 0.961534692053121, 0.9912881541806213, 0.998589072882436, 0.9998380338627798, 0.9999869014851281, 0.9999992569464418, 0.9999999705251068, 0.9999999991843552, 0.9999999999842821], "pearson_chi2": 80.94611436959393, "mean_perf_no": 75.0, "mse_no": 0.019000585103383552}