{"Hno": 0.07670079871772535, "Sigma": 0.3395998271949463, "signed_st": [-0.20999999999999996, -0.13, -0.050000000000000044, 0.050000000000000044, 0.13, 0.20999999999999996], "m_right_No": [0.0, 0.8, 0.2, 0.2, 0.4, 0.9], "se_right_No": [0.0, 0.12649110640673517, 0.1264911064067352, 0.1264911064067352, 0.15491933384829668, 0.09486832980505137], "x_lr": [-1.0, -0.9, -0.8, -0.7000000000000001, -0.6000000000000001, -0.5000000000000001, -0.40000000000000013, -0.30000000000000016, -0.20000000000000018, -0.1000000000000002, -2.220446049250313e-16, 0.09999999999999964, 0.19999999999999973, 0.2999999999999998, 0.3999999999999997, 0.49999999999999956, 0.5999999999999996, 0.6999999999999997, 0.7999999999999996, 0.8999999999999995, 0.9999999999999996], "y_pr_no": [0.0007608876606020001, 0.0020135288536395663, 0.004917599115472243, 0.011094818696567128, 0.023150344256826147, 0.044737129249292545, 0.08020211815905132, 0.13366137071832213, 0.20759773343710114, 0.3014200569552537, 0.4106565497489417, 0.5273490999917759, 0.6417244639700497, 0.7445819190267127, 0.8294516328555148, 0.8937030819720528, 0.9383329590821888, 0.9667762720536381, 0.9834083055105058, 0.9923314919145388, 0.9967238992098599], "pearson_chi2": 59.563690511080985, "mean_perf_no": 58.333333333333336, "mse_no": 0.08379214766841818}