{"Hno": -0.17713576186410207, "Sigma": 0.44001145424202187, "signed_st": [-0.19999999999999996, -0.12, -0.040000000000000036, 0.040000000000000036, 0.12, 0.19999999999999996], "m_right_No": [0.3, 0.8, 0.6, 0.7, 0.7, 0.8], "se_right_No": [0.14491376746189438, 0.12649110640673517, 0.15491933384829668, 0.14491376746189438, 0.14491376746189438, 0.12649110640673517], "x_lr": [-1.0, -0.9, -0.8, -0.7000000000000001, -0.6000000000000001, -0.5000000000000001, -0.40000000000000013, -0.30000000000000016, -0.20000000000000018, -0.1000000000000002, -2.220446049250313e-16, 0.09999999999999964, 0.19999999999999973, 0.2999999999999998, 0.3999999999999997, 0.49999999999999956, 0.5999999999999996, 0.6999999999999997, 0.7999999999999996, 0.8999999999999995, 0.9999999999999996], "y_pr_no": [0.030735152801095064, 0.0502090037363137, 0.07845164419908963, 0.11735823329729489, 0.16826852465247388, 0.23154651866832449, 0.30625409170721873, 0.39003430082588136, 0.4792791574170838, 0.5695796100962305, 0.6563680017617948, 0.7355995814121676, 0.8043064104116815, 0.8608998827257048, 0.9051788543523345, 0.9380862367556559, 0.9613164732156306, 0.9768932727772554, 0.9868145353690736, 0.9928168609402166, 0.9962661992926299], "pearson_chi2": 60.21516205725056, "mean_perf_no": 58.333333333333336, "mse_no": 0.01616267500863013}