{"Hno": 0.06846473431421468, "Sigma": 0.11131612844179242, "signed_st": [-0.22999999999999998, -0.15000000000000002, -0.06999999999999995, 0.06999999999999995, 0.15000000000000002, 0.22999999999999998], "m_right_No": [0.1, 0.1, 0.3, 0.3, 0.7, 0.9], "se_right_No": [0.09486832980505139, 0.09486832980505139, 0.14491376746189438, 0.14491376746189438, 0.14491376746189438, 0.09486832980505137], "x_lr": [-1.0, -0.9, -0.8, -0.7000000000000001, -0.6000000000000001, -0.5000000000000001, -0.40000000000000013, -0.30000000000000016, -0.20000000000000018, -0.1000000000000002, -2.220446049250313e-16, 0.09999999999999964, 0.19999999999999973, 0.2999999999999998, 0.3999999999999997, 0.49999999999999956, 0.5999999999999996, 0.6999999999999997, 0.7999999999999996, 0.8999999999999995, 0.9999999999999996], "y_lr_no": [6.782770887792209e-05, 0.00016653649835434125, 0.00040883618226143597, 0.0010033122598904274, 0.002460070281489828, 0.006019222077557513, 0.014652008822376257, 0.035227170009689876, 0.08228239236846915, 0.18043691379824625, 0.3509085996230167, 0.5703537700073967, 0.7652420285789896, 0.8889420099104899, 0.9515851193404019, 0.9797007721236489, 0.9916325774822354, 0.9965754308931414, 0.9986025275194008, 0.9994304156990874, 0.9997679617888263], "score_no": 0.733, "mean_perf_no": 73.33333333333333, "mse_no": 0.009617913244522894}