{"HRopt_": 0.32937159655587467, "SO_HRopt_": 0.6580698055273252, "xhat": [-0.5, -0.45, -0.4, -0.35000000000000003, -0.30000000000000004, -0.25000000000000006, -0.20000000000000007, -0.15000000000000008, -0.10000000000000009, -0.0500000000000001, -1.1102230246251565e-16, 0.04999999999999982, 0.09999999999999987, 0.1499999999999999, 0.19999999999999984, 0.24999999999999978, 0.2999999999999998, 0.34999999999999987, 0.3999999999999998, 0.44999999999999973], "theo_pR": [0.2722438899769829, 0.2933799239623628, 0.31524610362331174, 0.3377794784125584, 0.3609098965052241, 0.38456063140855723, 0.408649128907546, 0.4330878625785617, 0.4577852832773922, 0.48264684552549475, 0.5075760916632176, 0.5324757730816184, 0.5572489868392443, 0.5818003055518155, 0.6060368786258096, 0.6298694836850492, 0.6532135083854487, 0.6759898446803446, 0.6981256799230412, 0.7195551718950801], "partid": 1012, "sessionid": 20, "part_sessid": "1012_20"}