{"HRopt_": 0.11685660680124596, "SO_HRopt_": 0.22833240829656742, "xhat": [-0.5, -0.45, -0.4, -0.35000000000000003, -0.30000000000000004, -0.25000000000000006, -0.20000000000000007, -0.15000000000000008, -0.10000000000000009, -0.0500000000000001, -1.1102230246251565e-16, 0.04999999999999982, 0.09999999999999987, 0.1499999999999999, 0.19999999999999984, 0.24999999999999978, 0.2999999999999998, 0.34999999999999987, 0.3999999999999998, 0.44999999999999973], "theo_pR": [0.032666427349515526, 0.0485905183777774, 0.07018979616777754, 0.09851116907970492, 0.13440996706210684, 0.17839815555905125, 0.23050356849721398, 0.290168648184137, 0.3562149105472804, 0.42689008964024033, 0.4999999999999998, 0.5731099103597592, 0.6437850894527193, 0.7098313518158629, 0.7694964315027858, 0.8216018444409485, 0.865590032937893, 0.901488830920295, 0.9298102038322225, 0.9514094816222226], "partid": 1000, "sessionid": 20, "part_sessid": "1000_20"}