{"HRopt_": 0.8162584066252963, "SO_HRopt_": 1.4259518679436185, "xhat": [-0.5, -0.45, -0.4, -0.35000000000000003, -0.30000000000000004, -0.25000000000000006, -0.20000000000000007, -0.15000000000000008, -0.10000000000000009, -0.0500000000000001, -1.1102230246251565e-16, 0.04999999999999982, 0.09999999999999987, 0.1499999999999999, 0.19999999999999984, 0.24999999999999978, 0.2999999999999998, 0.34999999999999987, 0.3999999999999998, 0.44999999999999973], "theo_pR": [0.3240707102003746, 0.33627571586298655, 0.34865577100112455, 0.3611991368706041, 0.37389354680782527, 0.38672624158772695, 0.3996840074558186, 0.4127532166480298, 0.4259198701930712, 0.43916964277439535, 0.45248792941285587, 0.46585989371694875, 0.4792705174352282, 0.49270465103522687, 0.5061470650251099, 0.5195825017284059, 0.532995727218569, 0.5463715831188536, 0.5596950379740572, 0.5729512379040776], "partid": 997, "sessionid": 20, "part_sessid": "997_20"}