{"H_st": -0.01840927610841419, "st_sigma": 0.1366981407951817, "signed_stair": [-0.7, -0.6599999999999999, -0.62, -0.54, -0.45999999999999996, -0.42000000000000004, -0.38, -0.26, -0.21999999999999997, -0.19999999999999996, -0.18000000000000005, -0.17000000000000004, -0.16000000000000003, -0.15000000000000002, -0.14, -0.13, -0.09999999999999998, 0.09999999999999998, 0.12, 0.13, 0.14, 0.15000000000000002, 0.16000000000000003, 0.18000000000000005, 0.21999999999999997, 0.30000000000000004, 0.33999999999999997, 0.5, 0.5800000000000001], "m_right": [NaN, NaN, NaN, 0.0, 0.0, 0.0, 0.0, 0.0, 0.0, 0.0, 0.3333333333333333, 0.0, 0.0, 0.25, 0.5714285714285714, 1.0, 0.0, 0.5, 0.6666666666666666, 0.5, 0.5, 1.0, 1.0, 0.75, 1.0, 1.0, 1.0, 1.0, NaN], "se_right": [NaN, NaN, NaN, 0.0, 0.0, 0.0, 0.0, 0.0, 0.0, 0.0, 0.2721655269759087, 0.0, 0.0, 0.21650635094610965, 0.1870439059165649, 0.0, 0.0, 0.25, 0.2721655269759087, 0.3535533905932738, 0.25, 0.0, 0.0, 0.21650635094610965, 0.0, 0.0, 0.0, 0.0, NaN], "x_lr": [-1.0, -0.9, -0.8, -0.7000000000000001, -0.6000000000000001, -0.5000000000000001, -0.40000000000000013, -0.30000000000000016, -0.20000000000000018, -0.1000000000000002, -2.220446049250313e-16, 0.09999999999999964, 0.19999999999999973, 0.2999999999999998, 0.3999999999999997, 0.49999999999999956, 0.5999999999999996, 0.6999999999999997, 0.7999999999999996, 0.8999999999999995, 0.9999999999999996], "y_lr": [0.0007605427201765861, 0.0015793227416328517, 0.0032766889873594926, 0.006785889299804159, 0.014000510234279891, 0.028664201728572303, 0.057786082752092564, 0.11305129184762955, 0.20942304053063474, 0.35506060933422867, 0.5336169595791997, 0.7039564351991418, 0.8317034990189407, 0.911273748457381, 0.9552476378566569, 0.9779547281767885, 0.9892697912424172, 0.9948080627284366, 0.9974950583752334, 0.9987931338089433, 0.9994189307932536], "score": 0.75}