{"H_st": -0.02738891732266781, "st_sigma": 0.13541923064776878, "signed_stair": [-0.6599999999999999, -0.45999999999999996, -0.38, -0.33999999999999997, -0.30000000000000004, -0.26, -0.21999999999999997, -0.18000000000000005, -0.16000000000000003, -0.14, -0.13, -0.12, -0.10999999999999999, -0.09999999999999998, 0.09999999999999998, 0.10999999999999999, 0.12, 0.13, 0.14, 0.15000000000000002, 0.16000000000000003, 0.17000000000000004, 0.18000000000000005, 0.19999999999999996, 0.21999999999999997, 0.26, 0.42000000000000004, 0.5, 0.54, 0.5800000000000001, 0.62, 0.7], "m_right": [NaN, 0.0, 0.0, 0.0, 0.0, 0.0, 0.0, 0.3333333333333333, 0.0, 1.0, 0.0, 0.5, 0.0, 0.0, 0.75, 0.0, 0.5, 1.0, 0.5, 0.5, 1.0, 1.0, 1.0, 1.0, 1.0, 1.0, 1.0, 1.0, 1.0, NaN, NaN, NaN], "se_right": [NaN, 0.0, 0.0, 0.0, 0.0, 0.0, 0.0, 0.19245008972987526, 0.0, 0.0, 0.0, 0.3535533905932738, 0.0, 0.0, 0.21650635094610965, 0.0, 0.3535533905932738, 0.0, 0.25, 0.3535533905932738, 0.0, 0.0, 0.0, 0.0, 0.0, 0.0, 0.0, 0.0, 0.0, NaN, NaN, NaN], "x_lr": [-1.0, -0.9, -0.8, -0.7000000000000001, -0.6000000000000001, -0.5000000000000001, -0.40000000000000013, -0.30000000000000016, -0.20000000000000018, -0.1000000000000002, -2.220446049250313e-16, 0.09999999999999964, 0.19999999999999973, 0.2999999999999998, 0.3999999999999997, 0.49999999999999956, 0.5999999999999996, 0.6999999999999997, 0.7999999999999996, 0.8999999999999995, 0.9999999999999996], "y_lr": [0.0007593995793073889, 0.001587865928978207, 0.0033171466006447106, 0.006916670219714242, 0.014365833426453338, 0.029598535224048348, 0.0599998802670778, 0.11783540470019178, 0.21846359880570665, 0.3690732198415695, 0.5503915375349591, 0.7192411026291231, 0.8427916666074161, 0.918159242194898, 0.959146174295319, 0.9800522703835722, 0.990367546191494, 0.9953738144559832, 0.9977840004269958, 0.9989398464436329, 0.9994931195426964], "score": 0.75}