{"H_st": 0.007032215637708916, "st_sigma": 0.15613465619399308, "signed_stair": [-0.54, -0.33999999999999997, -0.26, -0.24, -0.21999999999999997, -0.19999999999999996, -0.18000000000000005, -0.16000000000000003, -0.15000000000000002, -0.14, -0.13, -0.10999999999999999, -0.09999999999999998, 0.09999999999999998, 0.12, 0.14, 0.15000000000000002, 0.17000000000000004, 0.18000000000000005, 0.19999999999999996, 0.21999999999999997, 0.26, 0.30000000000000004, 0.38, 0.42000000000000004, 0.45999999999999996, 0.5, 0.5800000000000001, 0.62, 0.6599999999999999, 0.7], "m_right": [0.0, 0.0, 0.0, 0.0, 0.25, 0.0, 0.25, 0.0, 0.0, 0.7142857142857143, 1.0, 0.0, 0.0, 0.3333333333333333, 0.6666666666666666, 0.5, 0.5, 1.0, 0.5, 1.0, 1.0, 1.0, 1.0, 1.0, 1.0, 1.0, 1.0, NaN, NaN, NaN, NaN], "se_right": [0.0, 0.0, 0.0, 0.0, 0.21650635094610965, 0.0, 0.21650635094610965, 0.0, 0.0, 0.17074694419062766, 0.0, 0.0, 0.0, 0.2721655269759087, 0.2721655269759087, 0.3535533905932738, 0.3535533905932738, 0.0, 0.25, 0.0, 0.0, 0.0, 0.0, 0.0, 0.0, 0.0, 0.0, NaN, NaN, NaN, NaN], "x_lr": [-1.0, -0.9, -0.8, -0.7000000000000001, -0.6000000000000001, -0.5000000000000001, -0.40000000000000013, -0.30000000000000016, -0.20000000000000018, -0.1000000000000002, -2.220446049250313e-16, 0.09999999999999964, 0.19999999999999973, 0.2999999999999998, 0.3999999999999997, 0.49999999999999956, 0.5999999999999996, 0.6999999999999997, 0.7999999999999996, 0.8999999999999995, 0.9999999999999996], "y_lr": [0.0015783945719209439, 0.0029905748307363094, 0.00565906303273971, 0.010683127927906258, 0.02007745061988763, 0.0374203041626802, 0.06869370736211708, 0.12276986102111526, 0.2098242650573528, 0.3350321434949117, 0.4887420459951185, 0.6446108394469784, 0.7748506194643776, 0.8671946528252649, 0.9253147795113106, 0.9591963616547435, 0.978071537322688, 0.9883216344343537, 0.9938108119384497, 0.996728454108636, 0.9982730819879279], "score": 0.732}