{"H_st": -0.20926144882079922, "st_sigma": 0.13996026990597762, "signed_stair": [-0.6599999999999999, -0.5800000000000001, -0.5, -0.45999999999999996, -0.4, -0.36, -0.33999999999999997, -0.30000000000000004, -0.28, -0.26, -0.25, -0.21999999999999997, -0.19999999999999996, -0.18000000000000005, -0.17000000000000004, -0.15000000000000002, -0.14, -0.13, 0.14, 0.15000000000000002, 0.16000000000000003, 0.18000000000000005, 0.18999999999999995, 0.20999999999999996, 0.21999999999999997, 0.22999999999999998, 0.24, 0.27, 0.30000000000000004, 0.31999999999999995, 0.33999999999999997, 0.36, 0.38, 0.42000000000000004, 0.54, 0.62, 0.7], "m_right": [NaN, NaN, 0.0, 0.0, 0.0, 1.0, 0.3333333333333333, 0.4, 0.0, 0.5, 0.0, 1.0, 0.5, 1.0, 0.0, 0.0, 0.0, 1.0, 0.0, 1.0, 1.0, 1.0, 1.0, 1.0, 1.0, 1.0, 1.0, 1.0, 1.0, 1.0, 1.0, 1.0, 1.0, 1.0, 1.0, NaN, NaN], "se_right": [NaN, NaN, 0.0, 0.0, 0.0, 0.0, 0.2721655269759087, 0.21908902300206645, 0.0, 0.2041241452319315, 0.0, 0.0, 0.3535533905932738, 0.0, 0.0, 0.0, 0.0, 0.0, 0.0, 0.0, 0.0, 0.0, 0.0, 0.0, 0.0, 0.0, 0.0, 0.0, 0.0, 0.0, 0.0, 0.0, 0.0, 0.0, 0.0, NaN, NaN], "x_lr": [-1.0, -0.9, -0.8, -0.7000000000000001, -0.6000000000000001, -0.5000000000000001, -0.40000000000000013, -0.30000000000000016, -0.20000000000000018, -0.1000000000000002, -2.220446049250313e-16, 0.09999999999999964, 0.19999999999999973, 0.2999999999999998, 0.3999999999999997, 0.49999999999999956, 0.5999999999999996, 0.6999999999999997, 0.7999999999999996, 0.8999999999999995, 0.9999999999999996], "y_lr": [0.0035061100728348334, 0.007137374285907658, 0.014474894391470526, 0.02913434458123003, 0.05776988435026058, 0.1113234461449497, 0.20378479963927534, 0.34336901226445105, 0.5165369623399084, 0.6858224409370737, 0.8168498424796872, 0.9011116216518277, 0.9490262609104227, 0.9743846501031127, 0.9872966252871347, 0.9937418404780424, 0.9969271731816782, 0.9984936650179671, 0.9992621683326866, 0.9996387378017444, 0.9998231503402972], "score": 0.768}