{"Dperf_oo": [80.0, 66.66666666666667, 55.55555555555556], "Dse_perf_oo": [17.888543819998315, 19.245008972987527, 16.56346649999844], "Sperf_oo": [81.81818181818181, 42.857142857142854, 44.44444444444444], "Sse_perf_oo": [11.629129983033296, 18.704390591656487, 16.56346649999844], "perf_no": [75.0, 30.0, 75.0], "se_perf_no": [9.682458365518542, 10.246950765959598, 9.682458365518542], "Dn_trials_oo": [5, 6, 9], "Sn_trials_oo": [11, 7, 9], "NOn_trials": [20, 20, 20], "DRT_oo": [0.9538045602491948, 0.9527482940524126, 1.0787108976465336], "DsdRT_oo": [0.035040802041006625, 0.12020944080560984, 0.10573509382641089], "SRT_oo": [1.0081431641044316, 1.1359780662608832, 0.8327839096715102], "SsdRT_oo": [0.04373370427212232, 0.215386035140173, 0.04387700099887256], "DRT_OKoo": [0.787549405228994, 1.1160901372600989, 1.0544968531234766], "DsdRT_OKoo": [0.0814097149738112, 0.1477828896303041, 0.08038872121464982], "SRT_OKoo": [0.8261755727941316, 0.8024038635670473, 1.019769718720139], "SsdRT_OKoo": [0.07436300474598333, 0.0, 0.1889858509887774], "RT_no": [1.0548324178376547, 1.1488420157504118, 1.1541061871666254], "sdRT_no": [0.250964988311877, 0.2055600501442331, 0.024760280507129143], "RT_noNOK": [1.0535702369339353, 1.2459117350395235, 1.2692620817638838], "sdRT_noNOK": [0.10190585503152863, 0.2072793767704373, 0.0], "Doptout": [75.0, 70.0, 55.00000000000001], "Dse_optout": [9.682458365518542, 10.2469507659596, 11.124297730643494], "Soptout": [45.0, 65.0, 55.00000000000001], "Sse_optout": [11.124297730643494, 10.66536450385077, 11.124297730643494]}