{"Dperf_oo": [90.0, 50.0, 30.0], "Dse_perf_oo": [6.708203932499368, 11.180339887498949, 10.246950765959598], "Sperf_oo": [80.0, 57.142857142857146, 46.15384615384615], "Sse_perf_oo": [8.944271909999157, 13.226001425322165, 13.826415911891033], "perf_no": [90.0, 55.0, 45.0], "se_perf_no": [6.708203932499368, 11.124297730643494, 11.124297730643494], "Dn_trials_oo": [20, 20, 20], "Sn_trials_oo": [20, 14, 13], "NOn_trials": [20, 20, 20], "DRT_oo": [NaN, NaN, NaN], "DsdRT_oo": [NaN, NaN, NaN], "SRT_oo": [NaN, 1.554366463912091, 1.6392133262477169], "SsdRT_oo": [NaN, 0.6206647605412204, 0.21126659522179664], "DRT_OKoo": [0.8621838625095257, 1.1344509368728686, 2.766252414361511], "DsdRT_OKoo": [0.03002674640373455, 0.17364731935192734, 1.3035566392828362], "SRT_OKoo": [0.9160005221284325, 0.9523163686625088, 1.0038430988570097], "SsdRT_OKoo": [0.02077819832554022, 0.040552621793427064, 0.07690925764687756], "RT_no": [0.804196655145502, 0.9325123512536915, 1.4090035155910632], "sdRT_no": [0.06487955987224713, 0.04483911903544097, 0.10539079538936881], "RT_noNOK": [1.0039559360185837, 1.1144500076551396, 1.0338754676811033], "sdRT_noNOK": [0.0, 0.31431332124484757, 0.053502171142254515], "Doptout": [0.0, 0.0, 0.0], "Dse_optout": [0.0, 0.0, 0.0], "Soptout": [0.0, 30.0, 35.0], "Sse_optout": [0.0, 10.246950765959598, 10.66536450385077]}