{"Dperf_oo": [100.0, 84.61538461538461, 66.66666666666667], "Dse_perf_oo": [0.0, 10.006825162892168, 13.608276348795433], "Sperf_oo": [94.11764705882354, 86.66666666666667, 40.0], "Sse_perf_oo": [5.706720589090183, 8.77707451472511, 15.491933384829668], "perf_no": [100.0, 85.0, 55.0], "se_perf_no": [0.0, 7.984359711335657, 11.124297730643494], "Dn_trials_oo": [14, 13, 12], "Sn_trials_oo": [17, 15, 10], "NOn_trials": [20, 20, 20], "DRT_oo": [1.0576907569482261, 1.1340152469135054, 1.0360299727716094], "DsdRT_oo": [0.3452657934637043, 0.014845705694560504, 0.012230863227559561], "SRT_oo": [1.167287997869287, 1.210597160279936, 1.007611048738574], "SsdRT_oo": [0.0, 0.0024641313037948465, 0.03776108826993528], "DRT_OKoo": [1.0150080948818128, 1.0886032764133626, 1.0110381917112232], "DsdRT_OKoo": [0.030078664367731062, 0.03755248772537069, 0.04318145089699451], "SRT_OKoo": [0.8704446911877571, 0.8934205057905907, 0.8457103335352919], "SsdRT_OKoo": [0.020668173006942705, 0.012648190921666866, 0.011629024954731776], "RT_no": [0.9953756831030764, 0.9914585052065242, 0.9768691110539305], "sdRT_no": [0.04740834391879762, 0.03217549529987075, 0.07838635926246075], "RT_noNOK": [NaN, 1.096654736278422, 0.9683090073398081], "sdRT_noNOK": [NaN, 0.0, 0.27050303040753493], "Doptout": [30.0, 35.0, 40.0], "Dse_optout": [10.246950765959598, 10.66536450385077, 10.954451150103322], "Soptout": [15.0, 25.0, 50.0], "Sse_optout": [7.984359711335657, 9.682458365518542, 11.180339887498949]}