{"Dperf_oo": [93.75, 87.5, 63.63636363636363], "Dse_perf_oo": [6.051536478449089, 8.267972847076846, 14.504073367590284], "Sperf_oo": [100.0, 100.0, 66.66666666666667], "Sse_perf_oo": [0.0, 0.0, 19.245008972987527], "perf_no": [85.0, 90.0, 60.0], "se_perf_no": [7.984359711335657, 6.708203932499368, 10.954451150103322], "Dn_trials_oo": [16, 16, 11], "Sn_trials_oo": [18, 17, 6], "NOn_trials": [20, 20, 20], "DRT_oo": [1.1880621948092314, 1.1108583911587981, 1.0607864302241496], "DsdRT_oo": [0.0015355949627473805, 0.010488306348087662, 0.04212029267134825], "SRT_oo": [1.1170367514775672, 1.0572809046530014, 1.065921356976585], "SsdRT_oo": [0.0, 0.0, 0.031599396055632806], "DRT_OKoo": [0.9496941660243428, 0.9574042662562973, 0.8923670007702171], "DsdRT_OKoo": [0.03229238028661287, 0.037046485037457576, 0.08004438994917083], "SRT_OKoo": [0.8020637368276811, 0.8408378308912431, 1.1394834232847808], "SsdRT_OKoo": [0.018504080764517043, 0.03484900740389611, 0.053756103829876944], "RT_no": [1.0250218452848627, 0.943150860962134, 1.1022282189658141], "sdRT_no": [0.06485382153144917, 0.041569488520742624, 0.08503253211761429], "RT_noNOK": [1.2683114880488695, 2.1112207658698874, 1.26166281161574], "sdRT_noNOK": [0.0, 0.0, 0.06712363077668189], "Doptout": [20.0, 20.0, 45.0], "Dse_optout": [8.944271909999161, 8.944271909999161, 11.124297730643494], "Soptout": [10.0, 15.0, 70.0], "Sse_optout": [6.708203932499369, 7.984359711335657, 10.2469507659596]}