{"Dperf_oo": [61.111111111111114, 68.75, 33.333333333333336], "Dse_perf_oo": [11.490438561102644, 11.587810136086974, 12.171612389003691], "Sperf_oo": [36.36363636363637, 70.58823529411765, 26.666666666666668], "Sse_perf_oo": [14.504073367590284, 11.051016901502637, 11.417984514369003], "perf_no": [65.0, 45.0, 40.0], "se_perf_no": [10.66536450385077, 11.124297730643494, 10.954451150103322], "Dn_trials_oo": [18, 16, 15], "Sn_trials_oo": [11, 17, 15], "NOn_trials": [20, 20, 20], "DRT_oo": [1.9397435530532376, 1.2939347035699795, 3.4092833052924973], "DsdRT_oo": [0.0, 0.04766221420322824, 0.6188408289883979], "SRT_oo": [1.2497109716647221, 1.0360067265803174, 1.1637381641707383], "SsdRT_oo": [0.05540876384762102, 0.0, 0.031203122442262202], "DRT_OKoo": [0.9499479271821707, 0.9549259036720559, 1.0063012966079288], "DsdRT_OKoo": [0.06538989862213462, 0.0178381059322165, 0.07349084185670074], "SRT_OKoo": [0.8227467728895229, 0.9346628639370042, 1.1146128930608172], "SsdRT_OKoo": [0.11056530130265477, 0.024532285976117507, 0.042281747735888754], "RT_no": [0.9801310899925405, 1.0259504496011262, 1.165914237449627], "sdRT_no": [0.10832000691660815, 0.05081893390893372, 0.08256685092575182], "RT_noNOK": [0.9209638738874555, 0.9534019357776324, 1.0576551915677612], "sdRT_noNOK": [0.29792917307519834, 0.04437917004321166, 0.11150568757800683], "Doptout": [10.0, 20.0, 25.0], "Dse_optout": [6.708203932499369, 8.944271909999161, 9.682458365518542], "Soptout": [45.0, 15.0, 25.0], "Sse_optout": [11.124297730643494, 7.984359711335657, 9.682458365518542]}