{"Dperf_oo": [100.0, 100.0, 42.857142857142854], "Dse_perf_oo": [0.0, 0.0, 18.704390591656487], "Sperf_oo": [88.23529411764706, 100.0, 36.36363636363637], "Sse_perf_oo": [7.814248990059665, 0.0, 14.504073367590284], "perf_no": [100.0, 75.0, 40.0], "se_perf_no": [0.0, 9.682458365518542, 10.954451150103322], "Dn_trials_oo": [16, 11, 7], "Sn_trials_oo": [17, 10, 11], "NOn_trials": [20, 20, 20], "DRT_oo": [1.041619303674222, 1.0437664266051856, 1.0872561933032605], "DsdRT_oo": [0.0791999711475349, 0.007565575206394005, 0.10190220135129646], "SRT_oo": [0.9543270242748118, 1.0256993186355916, 0.9483908606179698], "SsdRT_oo": [0.0, 0.03634372045390841, 0.03637308049267148], "DRT_OKoo": [0.9906146064727178, 0.9555419230318993, 0.9697057177311622], "DsdRT_OKoo": [0.027026146200310446, 0.017407350820243233, 0.0], "SRT_OKoo": [0.8874594783069034, 0.9699071985280204, 0.9641875514480776], "SsdRT_OKoo": [0.18126477698964455, 0.062268248648123345, 0.058999272322984735], "RT_no": [0.9713746999581568, 0.9878570268951763, 1.1920201600157765], "sdRT_no": [0.029947954792615156, 0.03031082782142512, 0.10461217928501823], "RT_noNOK": [NaN, 1.099080405728723, 1.231486326362999], "sdRT_noNOK": [NaN, 0.033791626852458914, 0.1757510150956985], "Doptout": [20.0, 45.0, 65.0], "Dse_optout": [8.944271909999161, 11.124297730643494, 10.66536450385077], "Soptout": [15.0, 50.0, 45.0], "Sse_optout": [7.984359711335657, 11.180339887498949, 11.124297730643494]}