{"Dperf_oo": [100.0, 94.73684210526316, 70.0], "Dse_perf_oo": [0.0, 5.122781719918815, 10.2469507659596], "Sperf_oo": [100.0, 85.0, 78.94736842105263], "Sse_perf_oo": [0.0, 7.984359711335657, 9.352877017248828], "perf_no": [100.0, 75.0, 60.0], "se_perf_no": [0.0, 9.682458365518542, 10.954451150103322], "Dn_trials_oo": [20, 19, 20], "Sn_trials_oo": [20, 20, 19], "NOn_trials": [20, 20, 20], "DRT_oo": [NaN, 1.7792301204827312, NaN], "DsdRT_oo": [NaN, NaN, NaN], "SRT_oo": [NaN, NaN, 1.905484270447905], "SsdRT_oo": [NaN, NaN, NaN], "DRT_OKoo": [1.0489192520568678, 1.0082279570327803, 0.9953740660414256], "DsdRT_OKoo": [0.020085528947745842, 0.041142082733659706, 0.031296243683642644], "SRT_OKoo": [0.9605836575061188, 0.996234376888616, 0.9959635904820409], "SsdRT_OKoo": [0.02104366813277433, 0.03918896537052043, 0.018438101839597702], "RT_no": [0.9688736696982394, 0.9689131593838999, 0.9686705799425638], "sdRT_no": [0.026142379121893992, 0.027247482248546978, 0.032821721734774066], "RT_noNOK": [NaN, 1.4289961441682557, 1.0724974120552284], "sdRT_noNOK": [NaN, 0.08834264631668662, 0.013219292121886255], "Doptout": [0.0, 5.0, 0.0], "Dse_optout": [0.0, 4.873397172404482, 0.0], "Soptout": [0.0, 0.0, 5.0], "Sse_optout": [0.0, 0.0, 4.873397172404482]}