{"in_or_out": "OK", "DHR_oo": -0.2100051359728857, "DHL_oo": -0.2100051359728857, "Dsigma_oo": 0.00908869124591931, "Dsigned_st": [-0.20999999999999996, -0.13, -0.050000000000000044, 0.050000000000000044, 0.13, 0.20999999999999996], "Dm_right_oob": [0.5, 1.0, 1.0, 1.0, 1.0, 1.0], "Dm_left_oob": [0.5, 0.0, 0.0, 0.0, 0.0, 0.0], "Dm_opt_oob": [0.0, 0.0, 0.0, 0.0, 0.0, 0.0], "Dse_right_oob": [0.15811388300841897, 0.0, 0.0, 0.0, 0.0, 0.0], "Dse_left_oob": [0.15811388300841897, 0.0, 0.0, 0.0, 0.0, 0.0], "Dse_opt_oob": [0.0, 0.0, 0.0, 0.0, 0.0, 0.0], "x_fit": [-1.0, -0.9899497487437185, -0.9798994974874372, -0.9698492462311558, -0.9597989949748744, -0.949748743718593, -0.9396984924623115, -0.9296482412060302, -0.9195979899497487, -0.9095477386934674, -0.8994974874371859, -0.8894472361809045, -0.8793969849246231, -0.8693467336683417, -0.8592964824120604, -0.8492462311557789, -0.8391959798994975, -0.8291457286432161, -0.8190954773869347, -0.8090452261306533, -0.7989949748743719, -0.7889447236180904, -0.778894472361809, -0.7688442211055276, -0.7587939698492463, -0.7487437185929648, -0.7386934673366834, -0.728643216080402, -0.7185929648241206, -0.7085427135678393, -0.6984924623115578, -0.6884422110552764, -0.6783919597989949, -0.6683417085427136, -0.6582914572864322, -0.6482412060301508, -0.6381909547738693, -0.6281407035175879, -0.6180904522613065, -0.6080402010050251, -0.5979899497487438, -0.5879396984924623, -0.5778894472361809, -0.5678391959798995, -0.5577889447236181, -0.5477386934673367, -0.5376884422110553, -0.5276381909547738, -0.5175879396984925, -0.507537688442211, -0.4974874371859297, -0.48743718592964824, -0.4773869346733668, -0.46733668341708545, -0.457286432160804, -0.44723618090452255, -0.4371859296482412, -0.42713567839195976, -0.4170854271356784, -0.40703517587939697, -0.3969849246231155, -0.3869346733668342, -0.37688442211055273, -0.3668341708542714, -0.35678391959798994, -0.3467336683417085, -0.33668341708542715, -0.3266331658291457, -0.31658291457286436, -0.3065326633165829, -0.29648241206030146, -0.2864321608040201, -0.27638190954773867, -0.26633165829145733, -0.2562814070351759, -0.24623115577889443, -0.2361809045226131, -0.22613065326633164, -0.2160804020100502, -0.20603015075376885, -0.1959798994974874, -0.18592964824120606, -0.1758793969849246, -0.16582914572864316, -0.15577889447236182, -0.14572864321608037, -0.13567839195979903, -0.12562814070351758, -0.11557788944723613, -0.10552763819095479, -0.09547738693467334, -0.085427135678392, -0.07537688442211055, -0.0653266331658291, -0.055276381909547756, -0.045226130653266305, -0.035175879396984966, -0.025125628140703515, -0.015075376884422065, -0.005025125628140725, 0.005025125628140614, 0.015075376884422065, 0.025125628140703515, 0.035175879396984966, 0.045226130653266416, 0.055276381909547645, 0.0653266331658291, 0.07537688442211055, 0.085427135678392, 0.09547738693467345, 0.1055276381909549, 0.11557788944723613, 0.12562814070351758, 0.13567839195979903, 0.14572864321608048, 0.15577889447236193, 0.16582914572864316, 0.1758793969849246, 0.18592964824120606, 0.1959798994974875, 0.20603015075376896, 0.2160804020100502, 0.22613065326633164, 0.2361809045226131, 0.24623115577889454, 0.256281407035176, 0.2663316582914572, 0.27638190954773867, 0.2864321608040201, 0.29648241206030157, 0.306532663316583, 0.31658291457286425, 0.3266331658291457, 0.33668341708542715, 0.3467336683417086, 0.35678391959799005, 0.3668341708542713, 0.37688442211055273, 0.3869346733668342, 0.39698492462311563, 0.4070351758793971, 0.4170854271356783, 0.42713567839195976, 0.4371859296482412, 0.44723618090452266, 0.4572864321608041, 0.46733668341708534, 0.4773869346733668, 0.48743718592964824, 0.4974874371859297, 0.5075376884422111, 0.5175879396984926, 0.5276381909547738, 0.5376884422110553, 0.5477386934673367, 0.5577889447236182, 0.5678391959798996, 0.5778894472361809, 0.5879396984924623, 0.5979899497487438, 0.6080402010050252, 0.6180904522613067, 0.6281407035175879, 0.6381909547738693, 0.6482412060301508, 0.6582914572864322, 0.6683417085427137, 0.6783919597989949, 0.6884422110552764, 0.6984924623115578, 0.7085427135678393, 0.7185929648241207, 0.728643216080402, 0.7386934673366834, 0.7487437185929648, 0.7587939698492463, 0.7688442211055277, 0.778894472361809, 0.7889447236180904, 0.7989949748743719, 0.8090452261306533, 0.8190954773869348, 0.829145728643216, 0.8391959798994975, 0.8492462311557789, 0.8592964824120604, 0.8693467336683418, 0.879396984924623, 0.8894472361809045, 0.8994974874371859, 0.9095477386934674, 0.9195979899497488, 0.9296482412060301, 0.9396984924623115, 0.949748743718593, 0.9597989949748744, 0.9698492462311559, 0.9798994974874373, 0.9899497487437185, 1.0], "DyR_fit": [1.781744739616852e-38, 5.383778692389197e-38, 1.6267803330154067e-37, 4.915533128482549e-37, 1.4852937084886837e-36, 4.488012475580854e-36, 1.3561126574396405e-35, 4.0976747495113915e-35, 1.2381669222441303e-34, 3.7412860245247206e-34, 1.1304793292276583e-33, 3.415893640404969e-33, 1.0321576928373293e-32, 3.1188017398486443e-32, 9.423874239355961e-32, 2.8475489334409594e-31, 8.604247809757375e-31, 2.599887907185231e-30, 7.855907081456665e-30, 2.3737668036348258e-29, 7.172652094293918e-29, 2.167312222371671e-28, 6.548822119754623e-28, 1.978813698990534e-27, 5.979248762156511e-27, 1.8067095339995263e-26, 5.459213138788116e-26, 1.6495738542289125e-25, 4.984406784234189e-25, 1.5061047995534094e-24, 4.5508959549864674e-24, 1.3751137370555698e-23, 4.1550890386035164e-23, 1.2555154132697868e-22, 3.7937067974065996e-22, 1.14631896291956e-21, 3.463755200183804e-21, 1.046619699655291e-20, 3.162500616811453e-20, 9.55591620779446e-20, 2.8874471702856186e-19, 8.7248056386157e-19, 2.6363160585234742e-18, 7.965979585456275e-18, 2.4070266746183464e-17, 7.273151217838974e-17, 2.1976793691304156e-16, 6.640580492339155e-16, 2.0065397115996743e-15, 6.063026596652719e-15, 1.832024120888742e-14, 5.535704529765817e-14, 1.672686745303432e-13, 5.054245458493568e-13, 1.527207483792881e-12, 4.614660521935451e-12, 1.3943810489776503e-11, 4.213307783897159e-11, 1.2731069813271069e-10, 3.8468620588775483e-10, 1.162380531202941e-09, 3.5122873565931263e-09, 1.0612843286279742e-08, 3.206811674759336e-08, 9.689807334305868e-08, 2.9279035812809e-07, 8.847044828208726e-07, 2.67324747413797e-06, 8.077529115802978e-06, 2.440692992729244e-05, 7.374514603205728e-05, 0.00022279755049823866, 0.0006729093412229162, 0.0020305227935944574, 0.0061104116007444816, 0.0182381255587439, 0.05314926616912273, 0.14501586648038253, 0.3388457147921313, 0.6076286173339694, 0.8239225364516302, 0.9339462384173841, 0.9771289633540862, 0.9923132801554494, 0.9974429536411458, 0.9991523032561437, 0.9997192982095923, 0.9999070851695466, 0.999969248215439, 0.9999898225835703, 0.9999966317928913, 0.9999988852998676, 0.9999996310931982, 0.9999998779114163, 0.9999999595951613, 0.9999999866281446, 0.9999999955746262, 0.9999999985354364, 0.9999999995153073, 0.9999999998395925, 0.9999999999469136, 0.9999999999824312, 0.9999999999941858, 0.9999999999980758, 0.9999999999993632, 0.9999999999997893, 0.9999999999999303, 0.9999999999999769, 0.9999999999999925, 0.9999999999999976, 0.9999999999999991, 0.9999999999999998, 1.0, 1.0, 1.0, 1.0, 1.0, 1.0, 1.0, 1.0, 1.0, 1.0, 1.0, 1.0, 1.0, 1.0, 1.0, 1.0, 1.0, 1.0, 1.0, 1.0, 1.0, 1.0, 1.0, 1.0, 1.0, 1.0, 1.0, 1.0, 1.0, 1.0, 1.0, 1.0, 1.0, 1.0, 1.0, 1.0, 1.0, 1.0, 1.0, 1.0, 1.0, 1.0, 1.0, 1.0, 1.0, 1.0, 1.0, 1.0, 1.0, 1.0, 1.0, 1.0, 1.0, 1.0, 1.0, 1.0, 1.0, 1.0, 1.0, 1.0, 1.0, 1.0, 1.0, 1.0, 1.0, 1.0, 1.0, 1.0, 1.0, 1.0, 1.0, 1.0, 1.0, 1.0, 1.0, 1.0, 1.0, 1.0, 1.0, 1.0, 1.0, 1.0, 1.0, 1.0, 1.0, 1.0, 1.0, 1.0],