{"Hno": -0.0964159187430308, "Sigma": 0.14365871714113532, "signed_st": [-0.21999999999999997, -0.14, -0.06000000000000005, 0.06000000000000005, 0.14, 0.21999999999999997], "m_right_No": [0.5, 0.2, 0.2, 1.0, 1.0, 1.0], "se_right_No": [0.15811388300841897, 0.1264911064067352, 0.1264911064067352, 0.0, 0.0, 0.0], "x_lr": [-1.0, -0.9, -0.8, -0.7000000000000001, -0.6000000000000001, -0.5000000000000001, -0.40000000000000013, -0.30000000000000016, -0.20000000000000018, -0.1000000000000002, -2.220446049250313e-16, 0.09999999999999964, 0.19999999999999973, 0.2999999999999998, 0.3999999999999997, 0.49999999999999956, 0.5999999999999996, 0.6999999999999997, 0.7999999999999996, 0.8999999999999995, 0.9999999999999996], "y_pr_no": [1.589413101000199e-10, 1.1113904580175287e-08, 4.850516071962439e-07, 1.3256804618476925e-05, 0.00022794409436699553, 0.002482272080387496, 0.01729049262737565, 0.0782214405634903, 0.2354415961572645, 0.4900479882995893, 0.7489361162713751, 0.914224926299646, 0.9804595481522173, 0.9971048697429462, 0.999725386249577, 0.9999834932523132, 0.9999993755286363, 0.999999985201581, 0.9999999997810736, 0.9999999999979832, 0.9999999999999885], "pearson_chi2": 45.64995311864726, "mean_perf_no": 85.0, "mse_no": 0.05127078075176772}