{"Hno": -0.04549207553858074, "Sigma": 0.31718630092706696, "signed_st": [-0.20999999999999996, -0.13, -0.050000000000000044, 0.050000000000000044, 0.13, 0.20999999999999996], "m_right_No": [0.3, 0.5, 0.5, 0.5, 0.5, 1.0], "se_right_No": [0.14491376746189438, 0.15811388300841897, 0.15811388300841897, 0.15811388300841897, 0.15811388300841897, 0.0], "x_lr": [-1.0, -0.9, -0.8, -0.7000000000000001, -0.6000000000000001, -0.5000000000000001, -0.40000000000000013, -0.30000000000000016, -0.20000000000000018, -0.1000000000000002, -2.220446049250313e-16, 0.09999999999999964, 0.19999999999999973, 0.2999999999999998, 0.3999999999999997, 0.49999999999999956, 0.5999999999999996, 0.6999999999999997, 0.7999999999999996, 0.8999999999999995, 0.9999999999999996], "y_pr_no": [0.0013092630972666047, 0.00352974012871093, 0.008685651363768346, 0.01953347273233851, 0.04021392773400781, 0.07593794905864103, 0.13185511724498833, 0.21116296094044473, 0.31308649777938025, 0.4317783988515763, 0.5570222698329115, 0.6767737430233686, 0.7805251691306773, 0.8619760160827886, 0.9199168310082826, 0.9572641870243277, 0.9790774109574897, 0.9906215812259423, 0.9961574562044344, 0.9985628600998975, 0.9995098931488873], "pearson_chi2": 59.01911222721466, "mean_perf_no": 61.66666666666667, "mse_no": 0.018894363529469268}