{"Hno": -0.5055961669706631, "Sigma": 0.9540781952765527, "signed_st": [-0.19999999999999996, -0.12, -0.040000000000000036, 0.040000000000000036, 0.12, 0.19999999999999996], "m_right_No": [0.6, 0.7, 0.8, 0.6, 0.6, 0.9], "se_right_No": [0.15491933384829668, 0.14491376746189438, 0.12649110640673517, 0.15491933384829668, 0.15491933384829668, 0.09486832980505137], "x_lr": [-1.0, -0.9, -0.8, -0.7000000000000001, -0.6000000000000001, -0.5000000000000001, -0.40000000000000013, -0.30000000000000016, -0.20000000000000018, -0.1000000000000002, -2.220446049250313e-16, 0.09999999999999964, 0.19999999999999973, 0.2999999999999998, 0.3999999999999997, 0.49999999999999956, 0.5999999999999996, 0.6999999999999997, 0.7999999999999996, 0.8999999999999995, 0.9999999999999996], "y_pr_no": [0.3021591801149169, 0.3396614297658309, 0.3788227575767986, 0.4192701739965915, 0.46058990195694316, 0.5023399914413129, 0.5440644449920875, 0.5853081046475115, 0.6256314932272815, 0.6646248063486088, 0.7019203157161669, 0.7372025628798808, 0.7702158844428587, 0.8007689994577735, 0.8287365902161559, 0.8540580013743315, 0.8767333535922461, 0.8968175040031302, 0.9144123785630655, 0.9296582470944061, 0.9427245117621198], "pearson_chi2": 59.91233196254152, "mean_perf_no": 50.0, "mse_no": 0.011054916396313045}