{"Hno": -0.04281436888540401, "Sigma": 1.0070847598733328, "signed_st": [-0.19999999999999996, -0.12, -0.040000000000000036, 0.040000000000000036, 0.12, 0.19999999999999996], "m_right_No": [0.5, 0.5, 0.4, 0.5, 0.5, 0.7], "se_right_No": [0.15811388300841897, 0.15811388300841897, 0.15491933384829668, 0.15811388300841897, 0.15811388300841897, 0.14491376746189438], "x_lr": [-1.0, -0.9, -0.8, -0.7000000000000001, -0.6000000000000001, -0.5000000000000001, -0.40000000000000013, -0.30000000000000016, -0.20000000000000018, -0.1000000000000002, -2.220446049250313e-16, 0.09999999999999964, 0.19999999999999973, 0.2999999999999998, 0.3999999999999997, 0.49999999999999956, 0.5999999999999996, 0.6999999999999997, 0.7999999999999996, 0.8999999999999995, 0.9999999999999996], "y_pr_no": [0.1709413397408469, 0.1973415172611575, 0.22606796094676107, 0.25701922152534684, 0.29004068222922774, 0.3249254374897034, 0.3614173430366695, 0.399216217270914, 0.43798504333070637, 0.477358894700804, 0.5169551947494502, 0.5563848316251145, 0.5952635921006014, 0.6332233562307209, 0.6699225109867666, 0.705055093923554, 0.7383582628322947, 0.7696177969626068, 0.7986714605637701, 0.8254101900191192, 0.8497771915708461], "pearson_chi2": 59.98985663535275, "mean_perf_no": 55.00000000000001, "mse_no": 0.005195072190685238}