{"Hno": 0.027754770298424734, "Sigma": 0.10025058829079746, "signed_st": [-0.27, -0.18999999999999995, -0.10999999999999999, 0.10999999999999999, 0.18999999999999995, 0.27], "m_right_No": [0.0, 0.0, 0.4, 0.7, 0.8, 0.9], "se_right_No": [0.0, 0.0, 0.15491933384829668, 0.14491376746189438, 0.12649110640673517, 0.09486832980505137], "x_lr": [-1.0, -0.9, -0.8, -0.7000000000000001, -0.6000000000000001, -0.5000000000000001, -0.40000000000000013, -0.30000000000000016, -0.20000000000000018, -0.1000000000000002, -2.220446049250313e-16, 0.09999999999999964, 0.19999999999999973, 0.2999999999999998, 0.3999999999999997, 0.49999999999999956, 0.5999999999999996, 0.6999999999999997, 0.7999999999999996, 0.8999999999999995, 0.9999999999999996], "y_lr_no": [3.5290631031230595e-05, 9.568461299105774e-05, 0.00025940593003255654, 0.0007030659076768204, 0.001904068990936774, 0.005146104619497983, 0.013831816047063497, 0.036637584030726464, 0.09348092216442332, 0.21851277551891504, 0.43122524288181147, 0.6727493519879404, 0.8478899813231378, 0.9379436601143617, 0.9761806081001859, 0.9910813140679106, 0.9966921659279937, 0.9987775178726215, 0.9995488002486663, 0.9998335500595936, 0.9999386067868611], "score_no": 0.833, "mean_perf_no": 83.33333333333334, "mse_no": 0.008936299990233914}