{"HRopt_": 0.18091275150423108, "SO_HRopt_": 0.26151882431183393, "xhat": [-0.5, -0.45, -0.4, -0.35000000000000003, -0.30000000000000004, -0.25000000000000006, -0.20000000000000007, -0.15000000000000008, -0.10000000000000009, -0.0500000000000001, -1.1102230246251565e-16, 0.04999999999999982, 0.09999999999999987, 0.1499999999999999, 0.19999999999999984, 0.24999999999999978, 0.2999999999999998, 0.34999999999999987, 0.3999999999999998, 0.44999999999999973], "theo_pR": [0.0011818571097151898, 0.0026732059038989675, 0.005694878847012141, 0.011434083695264996, 0.021652713216091524, 0.03870846220908353, 0.06539465685283663, 0.10453644399661965, 0.15835514060883127, 0.22772399735802093, 0.3115415517742306, 0.4064805635441303, 0.5072882912682609, 0.6076302098797124, 0.7012592191479234, 0.7831580757095076, 0.850314026095046, 0.9019354780193161, 0.9391330614750122, 0.964259892054444], "partid": 1005, "sessionid": 1, "part_sessid": "1005_1"}