{"HRopt_": 0.13832874308677168, "SO_HRopt_": 0.2533050743412137, "xhat": [-0.5, -0.45, -0.4, -0.35000000000000003, -0.30000000000000004, -0.25000000000000006, -0.20000000000000007, -0.15000000000000008, -0.10000000000000009, -0.0500000000000001, -1.1102230246251565e-16, 0.04999999999999982, 0.09999999999999987, 0.1499999999999999, 0.19999999999999984, 0.24999999999999978, 0.2999999999999998, 0.34999999999999987, 0.3999999999999998, 0.44999999999999973], "theo_pR": [0.03212184675853691, 0.047282023532068784, 0.06770390109326885, 0.09435145065919914, 0.12803277258854417, 0.1692701696724358, 0.21817633946028, 0.27435952609860825, 0.33687958978832433, 0.40427072847475504, 0.4746357014855246, 0.5458030211301719, 0.6155258577751679, 0.6816926131182821, 0.7425166127496049, 0.7966768361749933, 0.8433918242172996, 0.882422164865963, 0.9140099172765599, 0.9387730375994761], "partid": 996, "sessionid": 1, "part_sessid": "996_1"}