{"H_st": 0.030518349191370385, "st_sigma": 0.09382523808919535, "signed_stair": [-0.7, -0.62, -0.5800000000000001, -0.45999999999999996, -0.38, -0.33999999999999997, -0.26, -0.19999999999999996, -0.18000000000000005, -0.16000000000000003, -0.14, -0.13, -0.12, -0.10999999999999999, -0.09999999999999998, -0.08999999999999997, -0.07999999999999996, 0.07999999999999996, 0.08999999999999997, 0.09999999999999998, 0.10999999999999999, 0.12, 0.14, 0.16000000000000003, 0.21999999999999997, 0.26, 0.30000000000000004, 0.33999999999999997, 0.42000000000000004, 0.5, 0.54, 0.6599999999999999], "m_right": [NaN, NaN, NaN, 0.0, 0.0, 0.0, 1.0, 0.0, 0.0, 0.0, 0.0, 0.0, 0.0, 0.0, 0.25, 0.0, 0.25, 0.7, 0.5, 0.75, 0.0, 1.0, 1.0, 0.0, 1.0, 1.0, 1.0, 1.0, 1.0, 1.0, 1.0, NaN], "se_right": [NaN, NaN, NaN, 0.0, 0.0, 0.0, 0.0, 0.0, 0.0, 0.0, 0.0, 0.0, 0.0, 0.0, 0.21650635094610965, 0.0, 0.15309310892394862, 0.14491376746189438, 0.3535533905932738, 0.21650635094610965, 0.0, 0.0, 0.0, 0.0, 0.0, 0.0, 0.0, 0.0, 0.0, 0.0, 0.0, NaN], "x_lr": [-1.0, -0.9, -0.8, -0.7000000000000001, -0.6000000000000001, -0.5000000000000001, -0.40000000000000013, -0.30000000000000016, -0.20000000000000018, -0.1000000000000002, -2.220446049250313e-16, 0.09999999999999964, 0.19999999999999973, 0.2999999999999998, 0.3999999999999997, 0.49999999999999956, 0.5999999999999996, 0.6999999999999997, 0.7999999999999996, 0.8999999999999995, 0.9999999999999996], "y_lr": [1.698129510427752e-05, 4.929839097089078e-05, 0.00014310933719874878, 0.00041536095658556497, 0.0012049206920289554, 0.0034901143060466354, 0.01006561741205667, 0.028673148006482584, 0.07893610808871493, 0.19923550411458393, 0.41939243084273375, 0.6771146480972461, 0.8589207177782109, 0.9464532217309852, 0.980884913145211, 0.9933322884693438, 0.997693235249533, 0.9992042354758306, 0.9997257572101944, 0.9999055205553556, 0.9999674547014294], "score": 0.804}