{"H_st": -0.2959098172249299, "st_sigma": 0.04986532745847037, "signed_stair": [-0.6599999999999999, -0.62, -0.54, -0.5, -0.45999999999999996, -0.42000000000000004, -0.38, -0.31000000000000005, -0.29000000000000004, -0.28, -0.27, -0.26, -0.25, -0.24, -0.22999999999999998, -0.21999999999999997, -0.18000000000000005, -0.16000000000000003, -0.14, -0.07999999999999996, 0.09999999999999998, 0.14, 0.16000000000000003, 0.18000000000000005, 0.19999999999999996, 0.21999999999999997, 0.26, 0.27, 0.28, 0.29000000000000004, 0.30000000000000004, 0.31000000000000005, 0.33999999999999997, 0.5800000000000001, 0.7], "m_right": [NaN, NaN, 0.0, 0.0, 0.0, 0.0, 0.0, 0.0, 1.0, 0.0, 1.0, 0.5, 1.0, 0.0, 1.0, 1.0, 1.0, 0.5, 1.0, 1.0, 1.0, 1.0, 1.0, 1.0, 1.0, 1.0, 1.0, 1.0, 1.0, 1.0, 1.0, 1.0, 1.0, NaN, NaN], "se_right": [NaN, NaN, 0.0, 0.0, 0.0, 0.0, 0.0, 0.0, 0.0, 0.0, 0.0, 0.3535533905932738, 0.0, 0.0, 0.0, 0.0, 0.0, 0.3535533905932738, 0.0, 0.0, 0.0, 0.0, 0.0, 0.0, 0.0, 0.0, 0.0, 0.0, 0.0, 0.0, 0.0, 0.0, 0.0, NaN, NaN], "x_lr": [-1.0, -0.9, -0.8, -0.7000000000000001, -0.6000000000000001, -0.5000000000000001, -0.40000000000000013, -0.30000000000000016, -0.20000000000000018, -0.1000000000000002, -2.220446049250313e-16, 0.09999999999999964, 0.19999999999999973, 0.2999999999999998, 0.3999999999999997, 0.49999999999999956, 0.5999999999999996, 0.6999999999999997, 0.7999999999999996, 0.8999999999999995, 0.9999999999999996], "y_lr": [7.376211627729547e-07, 5.479817471223642e-06, 4.0708544658998835e-05, 0.0003023477300568401, 0.0022418065145912245, 0.016417922988803055, 0.11032496441469854, 0.47950534326628674, 0.8725145250614421, 0.9807116712019632, 0.9973595968392853, 0.9996437712610573, 0.9999520345996431, 0.9999935432894539, 0.9999991308815683, 0.9999998830111415, 0.9999999842525671, 0.9999999978802971, 0.9999999997146747, 0.9999999999615934, 0.9999999999948301], "score": 0.929}