{"H_st": -0.039118876963966306, "st_sigma": 0.06785693342428016, "signed_stair": [-0.62, -0.5800000000000001, -0.54, -0.45999999999999996, -0.42000000000000004, -0.38, -0.16000000000000003, -0.14, -0.12, -0.09999999999999998, -0.07999999999999996, 0.07999999999999996, 0.08999999999999997, 0.09999999999999998, 0.12, 0.14, 0.18000000000000005, 0.21999999999999997, 0.26, 0.30000000000000004, 0.33999999999999997, 0.5, 0.6599999999999999, 0.7], "m_right": [NaN, NaN, 0.0, 0.0, 0.0, 0.0, 0.0, 0.0, 0.5, 0.4, 0.2727272727272727, 0.8571428571428571, 1.0, 0.5, 1.0, 1.0, 1.0, 1.0, 1.0, 1.0, 1.0, 1.0, NaN, NaN], "se_right": [NaN, NaN, 0.0, 0.0, 0.0, 0.0, 0.0, 0.0, 0.25, 0.21908902300206645, 0.13428162652290843, 0.09352195295828246, 0.0, 0.3535533905932738, 0.0, 0.0, 0.0, 0.0, 0.0, 0.0, 0.0, 0.0, NaN, NaN], "x_lr": [-1.0, -0.9, -0.8, -0.7000000000000001, -0.6000000000000001, -0.5000000000000001, -0.40000000000000013, -0.30000000000000016, -0.20000000000000018, -0.1000000000000002, -2.220446049250313e-16, 0.09999999999999964, 0.19999999999999973, 0.2999999999999998, 0.3999999999999997, 0.49999999999999956, 0.5999999999999996, 0.6999999999999997, 0.7999999999999996, 0.8999999999999995, 0.9999999999999996], "y_lr": [7.083002120818793e-07, 3.0919412455049396e-06, 1.3497135558133125e-05, 5.891647836012597e-05, 0.0002571375938853484, 0.0011215143085326529, 0.004877347151828452, 0.02094729851305274, 0.08541981662364766, 0.2896265945877088, 0.6402594695252672, 0.8859657298146304, 0.9713593100873987, 0.9932908867458433, 0.9984550931001949, 0.999645672409992, 0.9999188088445861, 0.9999813996545559, 0.9999957389920792, 0.9999990238897527, 0.9999997763935622], "score": 0.821}