{"Dperf_oo": [89.47368421052632, 83.33333333333333, 70.58823529411765, 73.33333333333333], "Dse_perf_oo": [7.040590042736196, 8.784104611578833, 11.051016901502637, 11.417984514369005], "Sperf_oo": [94.44444444444444, 85.71428571428571, 76.92307692307692, 60.0], "Sse_perf_oo": [5.399029532264168, 9.352195295828245, 11.685454235580771, 12.649110640673516], "perf_no": [95.0, 85.0, 65.0, 50.0], "se_perf_no": [4.873397172404484, 7.984359711335657, 10.66536450385077, 11.180339887498949], "Dn_trials_oo": [19, 18, 17, 15], "Sn_trials_oo": [18, 14, 13, 15], "NOn_trials": [20, 20, 20, 20], "DRT_oo": [1.749800796812749, 1.403187250996016, 1.2079681274900398, 1.3784860557768925], "DsdRT_oo": [NaN, 0.0, 0.0, 0.10557768924302789], "SRT_oo": [1.3402390438247012, 1.2613545816733067, 1.0278884462151394, 1.1458167330677291], "SsdRT_oo": [0.0, 0.08564161811980496, 0.09296300510997817, 0.0804780876494024], "DRT_OKoo": [1.000796812749004, 0.9737051792828685, 1.0159362549800797, 1.0278884462151394], "DsdRT_OKoo": [0.060616633033993006, 0.03454747730655732, 0.03718933758410464, 0.11653053422557673], "SRT_OKoo": [0.8270916334661355, 0.9832669322709163, 1.0701195219123505, 0.9258964143426295], "SsdRT_OKoo": [0.03385267544615844, 0.06878586018808455, 0.05928629557844869, 0.03232252034577182], "RT_no": [0.9450199203187251, 0.9211155378486056, 0.951394422310757, 1.0151394422310758], "sdRT_no": [0.07642923493686593, 0.02046830924396576, 0.051811213408793175, 0.28567905144792044], "RT_noNOK": [0.7920318725099602, 0.9450199203187251, 1.0406374501992033, 1.0390438247011953], "sdRT_noNOK": [NaN, 0.0, 0.10742764378186061, 0.07625194097363028], "Doptout": [5.0, 10.0, 15.0, 25.0], "Dse_optout": [4.873397172404482, 6.708203932499369, 7.984359711335657, 9.682458365518542], "Soptout": [10.0, 30.0, 35.0, 25.0], "Sse_optout": [6.708203932499369, 10.246950765959598, 10.66536450385077, 9.682458365518542]}