{"Dperf_oo": [100.0, 100.0, 75.0, 69.23076923076923], "Dse_perf_oo": [0.0, 0.0, 12.5, 12.800773759043748], "Sperf_oo": [100.0, 94.11764705882354, 70.0, 62.5], "Sse_perf_oo": [0.0, 5.706720589090183, 14.491376746189438, 17.116329922036442], "perf_no": [95.0, 80.0, 60.0, 65.0], "se_perf_no": [4.873397172404484, 8.944271909999157, 10.954451150103322, 10.66536450385077], "Dn_trials_oo": [15, 15, 12, 13], "Sn_trials_oo": [18, 17, 10, 8], "NOn_trials": [20, 20, 20, 20], "DRT_oo": [1.143289152523506, 1.1520005771086055, 1.2030817974639016, 1.3057034245236643], "DsdRT_oo": [0.0031651070413620326, 0.1105376745154782, 0.03888776455419051, 0.12201906921606163], "SRT_oo": [1.2060435503018958, 1.1925073880527086, 1.1336232767882843, 1.1971845306063982], "SsdRT_oo": [0.0, 0.0, 0.053451187102815635, 0.025709530955296586], "DRT_OKoo": [0.8409082705485619, 0.8510366133252922, 0.9498076337486147, 0.9061521157119982], "DsdRT_OKoo": [0.057319682551181084, 0.030474359891579168, 0.03431196715859962, 0.10041120075894075], "SRT_OKoo": [0.8354537908550417, 0.8881684034727766, 0.9111113299936364, 0.8969421456336076], "SsdRT_OKoo": [0.03515283695641208, 0.03126757291131572, 0.07663799653582785, 0.027684027149183117], "RT_no": [0.8617291001688492, 0.9356679685939444, 1.0884393232904916, 1.10490116053682], "sdRT_no": [0.06359916035374286, 0.06441008262338646, 0.06017656400615672, 0.05449000969242887], "RT_noNOK": [1.8323706814196692, 1.0886525169744252, 1.11830940663674, 1.1821756912253425], "sdRT_noNOK": [NaN, 0.03692843579138387, 0.06026909054183232, 0.0943374935935584], "Doptout": [25.0, 25.0, 40.0, 35.0], "Dse_optout": [9.682458365518542, 9.682458365518542, 10.954451150103322, 10.66536450385077], "Soptout": [10.0, 15.0, 50.0, 60.0], "Sse_optout": [6.708203932499369, 7.984359711335657, 11.180339887498949, 10.954451150103322]}