{"Hno": -0.003996818380030019, "Sigma": 0.10723166196440675, "signed_st": [-0.14, -0.1, -0.06, -0.02, 0.02, 0.06, 0.1, 0.14], "m_right_No": [0.0, 0.4, 0.1, 0.5, 0.7, 0.7, 0.8, 0.9], "se_right_No": [0.0, 0.15491933384829668, 0.09486832980505139, 0.15811388300841897, 0.14491376746189438, 0.14491376746189438, 0.12649110640673517, 0.09486832980505137], "x_lr": [-0.2, -0.19, -0.18, -0.16999999999999998, -0.15999999999999998, -0.14999999999999997, -0.13999999999999996, -0.12999999999999995, -0.11999999999999994, -0.10999999999999993, -0.09999999999999992, -0.08999999999999991, -0.0799999999999999, -0.0699999999999999, -0.05999999999999989, -0.04999999999999988, -0.03999999999999987, -0.02999999999999986, -0.01999999999999985, -0.009999999999999842, 1.6653345369377348e-16, 0.010000000000000175, 0.020000000000000184, 0.030000000000000193, 0.0400000000000002, 0.05000000000000021, 0.06000000000000022, 0.07000000000000023, 0.08000000000000024, 0.09000000000000025, 0.10000000000000026, 0.11000000000000026, 0.12000000000000027, 0.13000000000000028, 0.1400000000000003, 0.1500000000000003, 0.1600000000000003, 0.17000000000000032, 0.18000000000000033, 0.19000000000000034], "y_pr_no": [0.03378618159398664, 0.04140654987428569, 0.05036384886246608, 0.060801529156742126, 0.07285901384806781, 0.08666715627207666, 0.10234331335952973, 0.11998620497417445, 0.13967076608711032, 0.16144322688528068, 0.18531667277678548, 0.21126733908895173, 0.2392318822370213, 0.26910583954119166, 0.30074344422591603, 0.3339589023285679, 0.36852916744598146, 0.4041981717362716, 0.4406823924535866, 0.4776775580128946, 0.5148662315910554, 0.5519259584659711, 0.5885376295978194, 0.6243937009476281, 0.6592059167120461, 0.6927122143589857, 0.7246825377964127, 0.754923348518435, 0.7832806984146996, 0.8096418067396964, 0.8339351620033761, 0.856129242063923, 0.8762300080089966, 0.8942773760909966, 0.9103409048869417, 0.9245149511787162, 0.9369135482822517, 0.9476652463144266, 0.9569081276797242, 0.9647851759772942], "pearson_chi2": 78.98821931371893, "mean_perf_no": 76.25, "mse_no": 0.019111868493928492}