{"Hno": 0.013140876661597243, "Sigma": 0.07505022422450441, "signed_st": [-0.14, -0.1, -0.06, -0.02, 0.02, 0.06, 0.1, 0.14], "m_right_No": [0.0, 0.0, 0.2, 0.6, 0.4, 0.7, 0.8, 1.0], "se_right_No": [0.0, 0.0, 0.1264911064067352, 0.15491933384829668, 0.15491933384829668, 0.14491376746189438, 0.12649110640673517, 0.0], "x_lr": [-0.2, -0.19, -0.18, -0.16999999999999998, -0.15999999999999998, -0.14999999999999997, -0.13999999999999996, -0.12999999999999995, -0.11999999999999994, -0.10999999999999993, -0.09999999999999992, -0.08999999999999991, -0.0799999999999999, -0.0699999999999999, -0.05999999999999989, -0.04999999999999988, -0.03999999999999987, -0.02999999999999986, -0.01999999999999985, -0.009999999999999842, 1.6653345369377348e-16, 0.010000000000000175, 0.020000000000000184, 0.030000000000000193, 0.0400000000000002, 0.05000000000000021, 0.06000000000000022, 0.07000000000000023, 0.08000000000000024, 0.09000000000000025, 0.10000000000000026, 0.11000000000000026, 0.12000000000000027, 0.13000000000000028, 0.1400000000000003, 0.1500000000000003, 0.1600000000000003, 0.17000000000000032, 0.18000000000000033, 0.19000000000000034], "y_pr_no": [0.0022558425340946254, 0.003397449798914429, 0.005033952018456293, 0.007338667629931758, 0.01052740657176827, 0.014861731553022048, 0.02064968282304058, 0.02824295831136328, 0.038029614873560824, 0.05042158750836456, 0.06583672682526355, 0.08467561974938542, 0.10729414163969864, 0.13397341435534765, 0.16488951258818063, 0.20008575498025966, 0.23945062785649446, 0.2827042359330856, 0.3293956217678418, 0.37891237098741665, 0.43050271519057, 0.4833090062372677, 0.5364101462288294, 0.5888695034208896, 0.6397841841278997, 0.6883313659292445, 0.7338077537585899, 0.7756590425390342, 0.8134974323064121, 0.8471065715527345, 0.8764346132124841, 0.9015771831719868, 0.9227528548641305, 0.9402741273813117, 0.9545169154382432, 0.9658912315162693, 0.9748151682469028, 0.9816935864436754, 0.9869021931982939, 0.9907770482050583], "pearson_chi2": 63.80341603472621, "mean_perf_no": 76.25, "mse_no": 0.01781366885517183}