{"Hno": -0.020195783954912887, "Sigma": 0.05789907862055213, "signed_st": [-0.14, -0.1, -0.06, -0.02, 0.02, 0.06, 0.1, 0.14], "m_right_No": [0.0, 0.1, 0.3, 0.5, 0.7, 0.9, 1.0, 1.0], "se_right_No": [0.0, 0.09486832980505139, 0.14491376746189438, 0.15811388300841897, 0.14491376746189438, 0.09486832980505137, 0.0, 0.0], "x_lr": [-0.2, -0.19, -0.18, -0.16999999999999998, -0.15999999999999998, -0.14999999999999997, -0.13999999999999996, -0.12999999999999995, -0.11999999999999994, -0.10999999999999993, -0.09999999999999992, -0.08999999999999991, -0.0799999999999999, -0.0699999999999999, -0.05999999999999989, -0.04999999999999988, -0.03999999999999987, -0.02999999999999986, -0.01999999999999985, -0.009999999999999842, 1.6653345369377348e-16, 0.010000000000000175, 0.020000000000000184, 0.030000000000000193, 0.0400000000000002, 0.05000000000000021, 0.06000000000000022, 0.07000000000000023, 0.08000000000000024, 0.09000000000000025, 0.10000000000000026, 0.11000000000000026, 0.12000000000000027, 0.13000000000000028, 0.1400000000000003, 0.1500000000000003, 0.1600000000000003, 0.17000000000000032, 0.18000000000000033, 0.19000000000000034], "y_pr_no": [0.0009498642427150136, 0.0016798067644886456, 0.0028896465457549083, 0.0048360987255360545, 0.007875838050845468, 0.012483766356949524, 0.019264112911249017, 0.028948561864668532, 0.04237543280607932, 0.06044516115118123, 0.0840502353433385, 0.11398225892521086, 0.1508243076880902, 0.1948421218600066, 0.24589146926082872, 0.30335984902687974, 0.36615769675112936, 0.43276741890926385, 0.5013490084894416, 0.5698906555935824, 0.6363840633786975, 0.6989992540599252, 0.7562337523182596, 0.8070161380496277, 0.8507527720070802, 0.8873168505948774, 0.9169884472002592, 0.9403608941574563, 0.9582317113157152, 0.971495316205358, 0.9810508653097729, 0.9877331749763005, 0.9922691890035565, 0.9952580036723151, 0.9971696183187722, 0.9983564207754868, 0.9990716301577013, 0.999490004074199, 0.9997275636709151, 0.9998584990729671], "pearson_chi2": 57.049129059947546, "mean_perf_no": 83.75, "mse_no": 0.0012288294942589613}