{"Hno": -1.0639318700863131e-09, "Sigma": 0.06320675670894566, "signed_st": [-0.14, -0.1, -0.06, -0.02, 0.02, 0.06, 0.1, 0.14], "m_right_No": [0.2, 0.0, 0.4, 0.4, 0.5, 0.7, 0.9, 0.9], "se_right_No": [0.1264911064067352, 0.0, 0.15491933384829668, 0.15491933384829668, 0.15811388300841897, 0.14491376746189438, 0.09486832980505137, 0.09486832980505137], "x_lr": [-0.2, -0.19, -0.18, -0.16999999999999998, -0.15999999999999998, -0.14999999999999997, -0.13999999999999996, -0.12999999999999995, -0.11999999999999994, -0.10999999999999993, -0.09999999999999992, -0.08999999999999991, -0.0799999999999999, -0.0699999999999999, -0.05999999999999989, -0.04999999999999988, -0.03999999999999987, -0.02999999999999986, -0.01999999999999985, -0.009999999999999842, 1.6653345369377348e-16, 0.010000000000000175, 0.020000000000000184, 0.030000000000000193, 0.0400000000000002, 0.05000000000000021, 0.06000000000000022, 0.07000000000000023, 0.08000000000000024, 0.09000000000000025, 0.10000000000000026, 0.11000000000000026, 0.12000000000000027, 0.13000000000000028, 0.1400000000000003, 0.1500000000000003, 0.1600000000000003, 0.17000000000000032, 0.18000000000000033, 0.19000000000000034], "y_lr_no": [0.040534664764066856, 0.04715520098757391, 0.05479531568127046, 0.06359067478715848, 0.07368774223342367, 0.08524210054710622, 0.09841571320756669, 0.11337289800055043, 0.13027480516678708, 0.14927226079811157, 0.17049695814479168, 0.19405116684066576, 0.21999638268305327, 0.2483416425722986, 0.2790325425800129, 0.31194226004136133, 0.34686601324525135, 0.3835203134362231, 0.4215480168983691, 0.46052956746475204, 0.5000000042081421, 0.5394704408990847, 0.5784519913107156, 0.6164796945233086, 0.6531339943815846, 0.6880577471843311, 0.7209674641925163, 0.7516583637119075, 0.7800036230938159, 0.8059488384244037, 0.8295030466163926, 0.8507277434770258, 0.8697251986475834, 0.8866271053834517, 0.901584289779543, 0.9147579020779626, 0.9263122600644863, 0.936409327217496, 0.9452046860623409, 0.952844800525054], "score_no": 0.75, "mean_perf_no": 75.0, "mse_no": 0.01100878379207001}