{"Hno": -2.829517548985627e-07, "Sigma": 0.03472321799598314, "signed_st": [-0.14, -0.1, -0.06, -0.02, 0.02, 0.06, 0.1, 0.14], "m_right_No": [0.0, 0.1, 0.2, 0.2, 0.7, 0.9, 0.9, 1.0], "se_right_No": [0.0, 0.09486832980505139, 0.1264911064067352, 0.1264911064067352, 0.14491376746189438, 0.09486832980505137, 0.09486832980505137, 0.0], "x_lr": [-0.2, -0.19, -0.18, -0.16999999999999998, -0.15999999999999998, -0.14999999999999997, -0.13999999999999996, -0.12999999999999995, -0.11999999999999994, -0.10999999999999993, -0.09999999999999992, -0.08999999999999991, -0.0799999999999999, -0.0699999999999999, -0.05999999999999989, -0.04999999999999988, -0.03999999999999987, -0.02999999999999986, -0.01999999999999985, -0.009999999999999842, 1.6653345369377348e-16, 0.010000000000000175, 0.020000000000000184, 0.030000000000000193, 0.0400000000000002, 0.05000000000000021, 0.06000000000000022, 0.07000000000000023, 0.08000000000000024, 0.09000000000000025, 0.10000000000000026, 0.11000000000000026, 0.12000000000000027, 0.13000000000000028, 0.1400000000000003, 0.1500000000000003, 0.1600000000000003, 0.17000000000000032, 0.18000000000000033, 0.19000000000000034], "y_lr_no": [0.003141756090786139, 0.004185916385267399, 0.00557516175206882, 0.007422041180321529, 0.009874659568650943, 0.013127028707602115, 0.01743175560397734, 0.02311506091380179, 0.03059361028348734, 0.040391694613331315, 0.053155703166228946, 0.06966041000910915, 0.09079835121949202, 0.11754007502972268, 0.15085097185087484, 0.19155300541471895, 0.24013147942662552, 0.296511177133886, 0.3598591943140159, 0.4284975886123269, 0.5000020371942132, 0.5715064024486598, 0.6401445599909193, 0.703492222399035, 0.7598714943485464, 0.8084495184191196, 0.8491511157716731, 0.8824616154138144, 0.9092029941999573, 0.9303406461926919, 0.9468451170865175, 0.9596089370784697, 0.9694068730598168, 0.9768853070944032, 0.9825685235365262, 0.9868731824208018, 0.9901254997737142, 0.992578078882051, 0.9944249286021337, 0.9958141515488166], "score_no": 0.875, "mean_perf_no": 87.5, "mse_no": 0.006522574552751604}