{"Hno": -0.0298076953649547, "Sigma": 0.04570106747015387, "signed_st": [-0.14, -0.1, -0.06, -0.02, 0.02, 0.06, 0.1, 0.14], "m_right_No": [0.1, 0.1, 0.3, 0.7, 0.8, 0.8, 0.9, 1.0], "se_right_No": [0.09486832980505139, 0.09486832980505139, 0.14491376746189438, 0.14491376746189438, 0.12649110640673517, 0.12649110640673517, 0.09486832980505137, 0.0], "x_lr": [-0.2, -0.19, -0.18, -0.16999999999999998, -0.15999999999999998, -0.14999999999999997, -0.13999999999999996, -0.12999999999999995, -0.11999999999999994, -0.10999999999999993, -0.09999999999999992, -0.08999999999999991, -0.0799999999999999, -0.0699999999999999, -0.05999999999999989, -0.04999999999999988, -0.03999999999999987, -0.02999999999999986, -0.01999999999999985, -0.009999999999999842, 1.6653345369377348e-16, 0.010000000000000175, 0.020000000000000184, 0.030000000000000193, 0.0400000000000002, 0.05000000000000021, 0.06000000000000022, 0.07000000000000023, 0.08000000000000024, 0.09000000000000025, 0.10000000000000026, 0.11000000000000026, 0.12000000000000027, 0.13000000000000028, 0.1400000000000003, 0.1500000000000003, 0.1600000000000003, 0.17000000000000032, 0.18000000000000033, 0.19000000000000034], "y_lr_no": [0.023567580874567274, 0.0291640648072146, 0.036040466984995044, 0.04446395372207331, 0.05474439485645062, 0.067234512815969, 0.0823261046893713, 0.10044041954266772, 0.12201052361492302, 0.14745360602787783, 0.17713197280880827, 0.21130326594348667, 0.2500633915660975, 0.2932894938499121, 0.34059413208248407, 0.39130395062052153, 0.4444746671338399, 0.498948031403087, 0.5534463796868245, 0.606689716407146, 0.6575132462302452, 0.7049631354168264, 0.7483550692139124, 0.7872908045911068, 0.8216380426779563, 0.8514852979270797, 0.8770850751304128, 0.8987966374420973, 0.9170358580685162, 0.932235774744686, 0.9448184755783622, 0.9551771126659034, 0.963666012070758, 0.9705967088432077, 0.976237975885832, 0.9808183084571738, 0.984529734032815, 0.9875321720439562, 0.9899578465257012, 0.9919154581228935], "score_no": 0.838, "mean_perf_no": 78.75, "mse_no": 0.0067616987030317014}