{"Hno": 0.020788769221295397, "Sigma": 0.0405177627351705, "signed_st": [-0.14, -0.1, -0.06, -0.02, 0.02, 0.06, 0.1, 0.14], "m_right_No": [0.0, 0.0, 0.1, 0.4, 0.6, 0.6, 0.8, 1.0], "se_right_No": [0.0, 0.0, 0.09486832980505139, 0.15491933384829668, 0.15491933384829668, 0.15491933384829668, 0.12649110640673517, 0.0], "x_lr": [-0.2, -0.19, -0.18, -0.16999999999999998, -0.15999999999999998, -0.14999999999999997, -0.13999999999999996, -0.12999999999999995, -0.11999999999999994, -0.10999999999999993, -0.09999999999999992, -0.08999999999999991, -0.0799999999999999, -0.0699999999999999, -0.05999999999999989, -0.04999999999999988, -0.03999999999999987, -0.02999999999999986, -0.01999999999999985, -0.009999999999999842, 1.6653345369377348e-16, 0.010000000000000175, 0.020000000000000184, 0.030000000000000193, 0.0400000000000002, 0.05000000000000021, 0.06000000000000022, 0.07000000000000023, 0.08000000000000024, 0.09000000000000025, 0.10000000000000026, 0.11000000000000026, 0.12000000000000027, 0.13000000000000028, 0.1400000000000003, 0.1500000000000003, 0.1600000000000003, 0.17000000000000032, 0.18000000000000033, 0.19000000000000034], "y_lr_no": [0.004281400069634783, 0.005473332349673779, 0.006994764869733716, 0.008935313178898062, 0.011408040285629702, 0.014555011483846064, 0.018553799549182754, 0.02362486142242631, 0.030039506800273348, 0.038127848419933844, 0.04828561592827697, 0.06097799060886922, 0.07673767656580768, 0.09615336209965335, 0.11984382524981352, 0.14841276622062577, 0.18238089531682924, 0.2220959106593841, 0.2676283999205881, 0.31867161448253006, 0.3744722680601336, 0.43382239904101927, 0.49513334239870116, 0.5565910012353119, 0.6163639793845448, 0.6728159061381731, 0.7246716148835869, 0.7711046931024106, 0.8117413231436396, 0.8465987869924191, 0.8759881495524995, 0.9004093105505981, 0.920457993798704, 0.9367541549359067, 0.9498933876925723, 0.9604183030271244, 0.968805057883925, 0.9754601929983979, 0.9807237700656918, 0.9848758598155705], "score_no": 0.788, "mean_perf_no": 81.25, "mse_no": 0.009236110165817097}