{"HRopt_": 0.04969401026722924, "SO_HRopt_": 0.077833954690302, "xhat": [-0.2, -0.15000000000000002, -0.10000000000000003, -0.050000000000000044, -5.551115123125783e-17, 0.04999999999999993, 0.09999999999999992, 0.1499999999999999], "theo_pR": [0.000651642255159457, 0.006474563352434347, 0.039623222954146775, 0.1526851251180766, 0.3840370971925931, 0.6682896635262945, 0.8780482702605384, 0.9709786728326233], "partid": 3071, "sessionid": 19, "part_sessid": "3071_19"}