{"HRopt_": 0.09638340770743414, "SO_HRopt_": 0.1977080323501865, "xhat": [-0.2, -0.15000000000000002, -0.10000000000000003, -0.050000000000000044, -5.551115123125783e-17, 0.04999999999999993, 0.09999999999999992, 0.1499999999999999], "theo_pR": [0.22030205815816062, 0.2848775105892325, 0.35731268786906634, 0.4353025056539026, 0.5159020545407708, 0.5958548498035646, 0.6719822548200357, 0.7415574961365272], "partid": 3051, "sessionid": 19, "part_sessid": "3051_19"}