{"HRopt_": 0.18581156030515952, "SO_HRopt_": 0.3517049551921282, "xhat": [-0.2, -0.15000000000000002, -0.10000000000000003, -0.050000000000000044, -5.551115123125783e-17, 0.04999999999999993, 0.09999999999999992, 0.1499999999999999], "theo_pR": [0.2998360499220427, 0.34419926001844114, 0.3908184224119709, 0.43906357551107994, 0.48823249134066227, 0.537581143621009, 0.5863573120622184, 0.6338348060994109], "partid": 3059, "sessionid": 19, "part_sessid": "3059_19"}