{"HRopt_": 0.04907147759793447, "SO_HRopt_": 0.08044131781435258, "xhat": [-0.2, -0.15000000000000002, -0.10000000000000003, -0.050000000000000044, -5.551115123125783e-17, 0.04999999999999993, 0.09999999999999992, 0.1499999999999999], "theo_pR": [0.0023150319223395055, 0.014748284430746827, 0.06402122566630686, 0.19298522987227218, 0.4160420795643236, 0.6710771448654603, 0.8638558726687654, 0.9601755558565], "partid": 3077, "sessionid": 19, "part_sessid": "3077_19"}