{"Dperf_oo": [94.44444444444444, 83.33333333333333, 73.6842105263158, 47.36842105263158], "Dse_perf_oo": [5.399029532264168, 8.784104611578833, 10.102261788814664, 11.454888159631764], "Sperf_oo": [78.94736842105263, 89.47368421052632, 68.42105263157895, 52.94117647058823], "Sse_perf_oo": [9.352877017248828, 7.040590042736196, 10.663920529041638, 12.105782480647683], "perf_no": [95.0, 90.0, 75.0, 50.0], "se_perf_no": [4.873397172404484, 6.708203932499368, 9.682458365518542, 11.180339887498949], "Dn_trials_oo": [18, 18, 19, 19], "Sn_trials_oo": [19, 19, 19, 17], "NOn_trials": [20, 20, 20, 20], "DRT_oo": [1.3517321940204938, 1.5080320638700435, 0.8171871910080105, 1.1196048583292846], "DsdRT_oo": [0.0, 0.0, NaN, NaN], "SRT_oo": [1.3118409131669946, 1.258594285346465, 1.5619869297876325, 1.4746896859377772], "SsdRT_oo": [NaN, NaN, NaN, 0.0], "DRT_OKoo": [0.9643995382658131, 1.0486522780892509, 1.0455295919351548, 0.9585680713388347], "DsdRT_OKoo": [0.02433745613778106, 0.049659482774726746, 0.021763451597157923, 0.06248832307038052], "SRT_OKoo": [0.9569216477114559, 0.9279574689224154, 1.046628740670028, 0.9898409223651694], "SsdRT_OKoo": [0.025233885807848678, 0.02712913091989321, 0.03889199519785701, 0.007107317999269742], "RT_no": [0.9261730768343778, 0.9600489328139288, 1.0577306027845155, 0.9851867863002811], "sdRT_no": [0.026077332883503793, 0.045908200826526496, 0.06554947240172983, 0.12783392064887542], "RT_noNOK": [0.7624597017117978, 2.07086979916357, 1.0165516163004487, 0.9933177275675257], "sdRT_noNOK": [NaN, 0.0, 0.0020120400476416915, 0.03201136806549423], "Doptout": [10.0, 10.0, 5.0, 5.0], "Dse_optout": [6.708203932499369, 6.708203932499369, 4.873397172404482, 4.873397172404482], "Soptout": [5.0, 5.0, 5.0, 15.0], "Sse_optout": [4.873397172404482, 4.873397172404482, 4.873397172404482, 7.984359711335657]}