{"Hno": -0.029018169307480777, "Sigma": 0.06614658100053276, "signed_st": [-0.14, -0.1, -0.06, -0.02, 0.02, 0.06, 0.1, 0.14], "m_right_No": [0.0, 0.3, 0.2, 0.6, 0.7, 0.9, 1.0, 1.0], "se_right_No": [0.0, 0.14491376746189438, 0.1264911064067352, 0.15491933384829668, 0.14491376746189438, 0.09486832980505137, 0.0, 0.0], "x_lr": [-0.2, -0.19, -0.18, -0.16999999999999998, -0.15999999999999998, -0.14999999999999997, -0.13999999999999996, -0.12999999999999995, -0.11999999999999994, -0.10999999999999993, -0.09999999999999992, -0.08999999999999991, -0.0799999999999999, -0.0699999999999999, -0.05999999999999989, -0.04999999999999988, -0.03999999999999987, -0.02999999999999986, -0.01999999999999985, -0.009999999999999842, 1.6653345369377348e-16, 0.010000000000000175, 0.020000000000000184, 0.030000000000000193, 0.0400000000000002, 0.05000000000000021, 0.06000000000000022, 0.07000000000000023, 0.08000000000000024, 0.09000000000000025, 0.10000000000000026, 0.11000000000000026, 0.12000000000000027, 0.13000000000000028, 0.1400000000000003, 0.1500000000000003, 0.1600000000000003, 0.17000000000000032, 0.18000000000000033, 0.19000000000000034], "y_pr_no": [0.004870461838056519, 0.007472408361958355, 0.011228911544590119, 0.016529963193583817, 0.02384191305682843, 0.0337001052888696, 0.04669145523539198, 0.06342562665859743, 0.08449478027531088, 0.1104236102331494, 0.1416133472160317, 0.17828525265499878, 0.2204304622042863, 0.2677734805386386, 0.3197559200353888, 0.3755451495561638, 0.434069562548198, 0.4940786146940846, 0.5542222211756292, 0.6131411938367847, 0.6695586971132405, 0.7223625431747538, 0.7706695627383842, 0.8138659991307065, 0.8516213561632155, 0.8838767405759449, 0.9108118556255285, 0.932796953948047, 0.9503370087236527, 0.964015129190795, 0.9744410600084528, 0.9822088267722205, 0.9878656215858416, 0.9918922130882668, 0.9946937580849032, 0.9965990016310843, 0.9978654755397488, 0.9986883523595035, 0.999210948532652, 0.9995353556827435], "pearson_chi2": 61.21713588833185, "mean_perf_no": 81.25, "mse_no": 0.00824933468769633}