{"Hno": -0.0008254926375185355, "Sigma": 0.06149948016408229, "signed_st": [-0.14, -0.1, -0.06, -0.02, 0.02, 0.06, 0.1, 0.14], "m_right_No": [0.0, 0.1, 0.2, 0.3, 0.5, 1.0, 0.9, 1.0], "se_right_No": [0.0, 0.09486832980505139, 0.1264911064067352, 0.14491376746189438, 0.15811388300841897, 0.0, 0.09486832980505137, 0.0], "x_lr": [-0.2, -0.19, -0.18, -0.16999999999999998, -0.15999999999999998, -0.14999999999999997, -0.13999999999999996, -0.12999999999999995, -0.11999999999999994, -0.10999999999999993, -0.09999999999999992, -0.08999999999999991, -0.0799999999999999, -0.0699999999999999, -0.05999999999999989, -0.04999999999999988, -0.03999999999999987, -0.02999999999999986, -0.01999999999999985, -0.009999999999999842, 1.6653345369377348e-16, 0.010000000000000175, 0.020000000000000184, 0.030000000000000193, 0.0400000000000002, 0.05000000000000021, 0.06000000000000022, 0.07000000000000023, 0.08000000000000024, 0.09000000000000025, 0.10000000000000026, 0.11000000000000026, 0.12000000000000027, 0.13000000000000028, 0.1400000000000003, 0.1500000000000003, 0.1600000000000003, 0.17000000000000032, 0.18000000000000033, 0.19000000000000034], "y_pr_no": [0.0006005110943561704, 0.0010488687348528427, 0.001787402714100803, 0.0029722400686388625, 0.004823593667631351, 0.007641083916287037, 0.011817251387929417, 0.017846120491548097, 0.0263230054870424, 0.03793158921879199, 0.05341493157818262, 0.07352866759434307, 0.09897723521789548, 0.13033726914182597, 0.1679757687025344, 0.21197354125479595, 0.2620659249566023, 0.3176122505712182, 0.377602629964482, 0.4407057048792468, 0.5053547448788664, 0.5698631469410047, 0.6325552925655141, 0.6918959873845244, 0.7466019621410531, 0.7957220945746811, 0.8386784003221337, 0.8752662544781997, 0.9056184115850565, 0.9301420429449161, 0.9494404995654603, 0.9642316836494116, 0.975273127131692, 0.983300830076224, 0.988985421301596, 0.9929059954442573, 0.9955395514693618, 0.9972625221433801, 0.9983604040166565, 0.9990417625814341], "pearson_chi2": 71.86685666662802, "mean_perf_no": 85.0, "mse_no": 0.009253130608128176}