{"Hno": 0.06315999815365515, "Sigma": 0.06068181965164025, "signed_st": [-0.14, -0.1, -0.06, -0.02, 0.02, 0.06, 0.1, 0.14], "m_right_No": [0.0, 0.0, 0.1, 0.1, 0.1, 0.4, 0.7, 1.0], "se_right_No": [0.0, 0.0, 0.09486832980505139, 0.09486832980505139, 0.09486832980505139, 0.15491933384829668, 0.14491376746189438, 0.0], "x_lr": [-0.2, -0.19, -0.18, -0.16999999999999998, -0.15999999999999998, -0.14999999999999997, -0.13999999999999996, -0.12999999999999995, -0.11999999999999994, -0.10999999999999993, -0.09999999999999992, -0.08999999999999991, -0.0799999999999999, -0.0699999999999999, -0.05999999999999989, -0.04999999999999988, -0.03999999999999987, -0.02999999999999986, -0.01999999999999985, -0.009999999999999842, 1.6653345369377348e-16, 0.010000000000000175, 0.020000000000000184, 0.030000000000000193, 0.0400000000000002, 0.05000000000000021, 0.06000000000000022, 0.07000000000000023, 0.08000000000000024, 0.09000000000000025, 0.10000000000000026, 0.11000000000000026, 0.12000000000000027, 0.13000000000000028, 0.1400000000000003, 0.1500000000000003, 0.1600000000000003, 0.17000000000000032, 0.18000000000000033, 0.19000000000000034], "y_pr_no": [7.231267321598417e-06, 1.5101855602029745e-05, 3.07303941380724e-05, 6.093418479961681e-05, 0.0001177457155908132, 0.00022174815650078002, 0.0004070512271768501, 0.0007283830843234012, 0.0012707049000523312, 0.002161530165462828, 0.0035856947187392577, 0.005801645179731655, 0.009157415143609042, 0.014103443566850766, 0.021198459102380156, 0.031104096750615165, 0.044564060535667416, 0.06236478734684844, 0.08527683946596842, 0.11397953405499567, 0.14897516238552427, 0.19050281467628177, 0.23846438947236936, 0.292375958398628, 0.35135571783176767, 0.4141552660070847, 0.4792345164484859, 0.5448733823515518, 0.6093069382339263, 0.6708665160286398, 0.7281081029341149, 0.779911732822604, 0.8255407595681661, 0.864656782925279, 0.8972930632387386, 0.9237950886434132, 0.9447405492712497, 0.9608519458154896, 0.9729136552095028, 0.9817021989018304], "pearson_chi2": 85.64602649565663, "mean_perf_no": 75.0, "mse_no": 0.0072047922099142065}