{"Hno": -0.032554227109076427, "Sigma": 0.03297222131809443, "signed_st": [-0.14, -0.1, -0.06, -0.02, 0.02, 0.06, 0.1, 0.14], "m_right_No": [0.1, 0.1, 0.3, 0.5, 0.8, 1.0, 1.0, 1.0], "se_right_No": [0.09486832980505139, 0.09486832980505139, 0.14491376746189438, 0.15811388300841897, 0.12649110640673517, 0.0, 0.0, 0.0], "x_lr": [-0.2, -0.19, -0.18, -0.16999999999999998, -0.15999999999999998, -0.14999999999999997, -0.13999999999999996, -0.12999999999999995, -0.11999999999999994, -0.10999999999999993, -0.09999999999999992, -0.08999999999999991, -0.0799999999999999, -0.0699999999999999, -0.05999999999999989, -0.04999999999999988, -0.03999999999999987, -0.02999999999999986, -0.01999999999999985, -0.009999999999999842, 1.6653345369377348e-16, 0.010000000000000175, 0.020000000000000184, 0.030000000000000193, 0.0400000000000002, 0.05000000000000021, 0.06000000000000022, 0.07000000000000023, 0.08000000000000024, 0.09000000000000025, 0.10000000000000026, 0.11000000000000026, 0.12000000000000027, 0.13000000000000028, 0.1400000000000003, 0.1500000000000003, 0.1600000000000003, 0.17000000000000032, 0.18000000000000033, 0.19000000000000034], "y_lr_no": [0.006191364268389025, 0.008366618981943314, 0.011297433116328961, 0.01523912965944674, 0.02052753844874222, 0.027599738956835335, 0.037016390368531916, 0.0494823828670926, 0.0658594249784544, 0.08715970732122554, 0.11450450676848783, 0.14902767471205464, 0.19170614328865396, 0.24311506729682217, 0.3031397905925462, 0.37072561620870187, 0.4437837973197575, 0.5193568286398855, 0.5940543748651292, 0.6646391699907827, 0.7285588084280187, 0.7842501561059161, 0.8311632623594262, 0.8695719838951365, 0.9002912823863477, 0.924404350448256, 0.9430548783781711, 0.9573165173305205, 0.9681271121610088, 0.9762675474450151, 0.9823667581954567, 0.9869194813844997, 0.9903083345978566, 0.9928255984468987, 0.9946925450820938, 0.9960755890008681, 0.997099283215569, 0.9978565184038699, 0.9984163904983305, 0.9988301968218795], "score_no": 0.85, "mean_perf_no": 85.0, "mse_no": 0.002931065934448625}