{"Hno": -0.015156095913456794, "Sigma": 0.0744811080559289, "signed_st": [-0.14, -0.1, -0.06, -0.02, 0.02, 0.06, 0.1, 0.14], "m_right_No": [0.1, 0.3, 0.4, 0.3, 0.8, 0.7, 0.9, 0.8], "se_right_No": [0.09486832980505139, 0.14491376746189438, 0.15491933384829668, 0.14491376746189438, 0.12649110640673517, 0.14491376746189438, 0.09486832980505137, 0.12649110640673517], "x_lr": [-0.2, -0.19, -0.18, -0.16999999999999998, -0.15999999999999998, -0.14999999999999997, -0.13999999999999996, -0.12999999999999995, -0.11999999999999994, -0.10999999999999993, -0.09999999999999992, -0.08999999999999991, -0.0799999999999999, -0.0699999999999999, -0.05999999999999989, -0.04999999999999988, -0.03999999999999987, -0.02999999999999986, -0.01999999999999985, -0.009999999999999842, 1.6653345369377348e-16, 0.010000000000000175, 0.020000000000000184, 0.030000000000000193, 0.0400000000000002, 0.05000000000000021, 0.06000000000000022, 0.07000000000000023, 0.08000000000000024, 0.09000000000000025, 0.10000000000000026, 0.11000000000000026, 0.12000000000000027, 0.13000000000000028, 0.1400000000000003, 0.1500000000000003, 0.1600000000000003, 0.17000000000000032, 0.18000000000000033, 0.19000000000000034], "y_lr_no": [0.0771471213924416, 0.08726522256629261, 0.0985686089096937, 0.11115780459564399, 0.12513169513947528, 0.1405844260107653, 0.15760167679784148, 0.1762563483904926, 0.1966037639322147, 0.21867656119330586, 0.242479539283821, 0.267984807005704, 0.2951276504076943, 0.32380357717980507, 0.35386698896127483, 0.38513186635025604, 0.4173747200219029, 0.45033987103489154, 0.48374689360185663, 0.5172998156087505, 0.5506974639106379, 0.5836441994159997, 0.6158602375395431, 0.6470908021679603, 0.6771135058385015, 0.7057435585984104, 0.7328366463056375, 0.7582895481246363, 0.7820387516825625, 0.8040574537262214, 0.8243513984088394, 0.8429540102163616, 0.8599212372720335, 0.8753264498198874, 0.8892556540987819, 0.901803196693912, 0.9130680579180012, 0.9231507699592179, 0.9321509482372732, 0.9401653920562686], "score_no": 0.762, "mean_perf_no": 75.0, "mse_no": 0.015198785392941725}