{"Hno": -2.1945831994986102e-07, "Sigma": 0.034720725502768356, "signed_st": [-0.14, -0.1, -0.06, -0.02, 0.02, 0.06, 0.1, 0.14], "m_right_No": [0.0, 0.1, 0.2, 0.3, 0.5, 1.0, 0.9, 1.0], "se_right_No": [0.0, 0.09486832980505139, 0.1264911064067352, 0.14491376746189438, 0.15811388300841897, 0.0, 0.09486832980505137, 0.0], "x_lr": [-0.2, -0.19, -0.18, -0.16999999999999998, -0.15999999999999998, -0.14999999999999997, -0.13999999999999996, -0.12999999999999995, -0.11999999999999994, -0.10999999999999993, -0.09999999999999992, -0.08999999999999991, -0.0799999999999999, -0.0699999999999999, -0.05999999999999989, -0.04999999999999988, -0.03999999999999987, -0.02999999999999986, -0.01999999999999985, -0.009999999999999842, 1.6653345369377348e-16, 0.010000000000000175, 0.020000000000000184, 0.030000000000000193, 0.0400000000000002, 0.05000000000000021, 0.06000000000000022, 0.07000000000000023, 0.08000000000000024, 0.09000000000000025, 0.10000000000000026, 0.11000000000000026, 0.12000000000000027, 0.13000000000000028, 0.1400000000000003, 0.1500000000000003, 0.1600000000000003, 0.17000000000000032, 0.18000000000000033, 0.19000000000000034], "y_lr_no": [0.003140455659603084, 0.004184271713772519, 0.005573088867480713, 0.0074194389862714885, 0.009871408094759055, 0.013122988247037101, 0.017426767557548982, 0.023108951563380862, 0.030586199218641072, 0.04038281006384116, 0.05314520685829287, 0.06964823396327093, 0.09078454745129953, 0.11752487544932082, 0.15083484895158414, 0.19153671489098606, 0.2401160567664651, 0.29649785864550393, 0.3598492482870855, 0.42849207813081347, 0.5000015801680189, 0.5715110175623928, 0.6401536637395631, 0.7035047781662286, 0.7598862497698591, 0.808465242618601, 0.8491667701913665, 0.8824764356132736, 0.9092164959941498, 0.9303525851579687, 0.9468554292605869, 0.9596176798111704, 0.9694141756036307, 0.9768913338123317, 0.9825734488998187, 0.9868771754671645, 0.9901287154605104, 0.9925806541089488, 0.9944269811907842, 0.9958157809593897], "score_no": 0.85, "mean_perf_no": 85.0, "mse_no": 0.00889850617909453}