{"HRopt_": -0.00012706913108657866, "SO_HRopt_": 0.039128852659144356, "xhat": [-0.2, -0.15000000000000002, -0.10000000000000003, -0.050000000000000044, -5.551115123125783e-17, 0.04999999999999993, 0.09999999999999992, 0.1499999999999999], "theo_pR": [0.04832119794707335, 0.1275600176039149, 0.26939351549979573, 0.46362891096962344, 0.6671501301687628, 0.8303148364970121, 0.9303981587752707, 0.9773638579465905], "partid": 3074, "sessionid": 10, "part_sessid": "3074_10"}