{"Dperf_oo": [93.75, 33.333333333333336, 87.5], "Dse_perf_oo": [6.051536478449089, 13.608276348795433, 11.692679333668567], "Sperf_oo": [100.0, 62.5, 60.0], "Sse_perf_oo": [0.0, 17.116329922036442, 15.491933384829668], "perf_no": [90.0, 55.0, 85.0], "se_perf_no": [6.708203932499368, 11.124297730643494, 7.984359711335657], "Dn_trials_oo": [16, 12, 8], "Sn_trials_oo": [14, 8, 10], "NOn_trials": [20, 20, 20], "DRT_oo": [0.9035042605739804, 1.0339030908077549, 1.1129733272816913], "DsdRT_oo": [0.01081698852024297, 0.08328322627120655, 0.14420794172333698], "SRT_oo": [0.9459688398127147, 1.0569387720786156, 1.1341938519971324], "SsdRT_oo": [0.02096398867187545, 0.2046422706841507, 0.04374930671223933], "DRT_OKoo": [0.9176826501280773, 0.9575690347731817, 0.9748802500857285], "DsdRT_OKoo": [0.030984425619653675, 0.04563269970896251, 0.09754784471947055], "SRT_OKoo": [1.0572244911676734, 0.9477940805673069, 0.9387250205872114], "SsdRT_OKoo": [0.037718935217838756, 0.14438057782452146, 0.027993183966655018], "RT_no": [0.9779559320317477, 1.0259802685713857, 1.2415738079635585], "sdRT_no": [0.020997561585747653, 0.0735254332333082, 0.13844794262667812], "RT_noNOK": [1.225539925040232, 1.3627792063711917, 0.9017428864337133], "sdRT_noNOK": [0.0, 0.04517089762970769, 0.0], "Doptout": [20.0, 40.0, 60.0], "Dse_optout": [8.944271909999161, 10.954451150103322, 10.954451150103322], "Soptout": [30.0, 60.0, 50.0], "Sse_optout": [10.246950765959598, 10.954451150103322, 11.180339887498949]}