{"Dperf_oo": [100.0, 66.66666666666667, 80.0], "Dse_perf_oo": [0.0, 12.171612389003691, 10.327955589886443], "Sperf_oo": [100.0, 57.142857142857146, 78.57142857142857], "Sse_perf_oo": [0.0, 13.226001425322165, 10.966421051124836], "perf_no": [100.0, 45.0, 70.0], "se_perf_no": [0.0, 11.124297730643494, 10.2469507659596], "Dn_trials_oo": [15, 15, 15], "Sn_trials_oo": [16, 14, 14], "NOn_trials": [20, 20, 20], "DRT_oo": [1.2518877764572687, 1.3699322724383833, 1.2763888119771967], "DsdRT_oo": [0.06767871334674368, 0.3465349611343384, 0.17538581283650506], "SRT_oo": [1.1503942336690234, 1.143412158431517, 1.1385819356125522], "SsdRT_oo": [0.05513059909558863, 0.0, 0.07345871225989162], "DRT_OKoo": [0.9118034684722883, 0.9473188502709988, 0.9661230348232085], "DsdRT_OKoo": [0.009807421785254095, 0.036172358036782655, 0.021758199371018506], "SRT_OKoo": [1.0069428321842826, 1.0244127372415393, 1.0334322051420939], "SsdRT_OKoo": [0.032000936277642986, 0.044844468866930276, 0.04846419060930907], "RT_no": [0.9761889968334724, 1.0223393715385847, 0.95481763207987], "sdRT_no": [0.019664832579592378, 0.12522531848623353, 0.03739078003893702], "RT_noNOK": [NaN, 0.9374491061156971, 1.1766056321952527], "sdRT_noNOK": [NaN, 0.05561804849628729, 0.0009743106803527833], "Doptout": [25.0, 25.0, 25.0], "Dse_optout": [9.682458365518542, 9.682458365518542, 9.682458365518542], "Soptout": [20.0, 30.0, 30.0], "Sse_optout": [8.944271909999161, 10.246950765959598, 10.246950765959598]}