{"Hno": 0.01025171829740316, "Sigma": 0.19506202411118473, "signed_st": [-0.21999999999999997, -0.14, -0.06000000000000005, 0.06000000000000005, 0.14, 0.21999999999999997], "m_right_No": [0.1, 0.3, 0.3, 0.6, 0.7, 0.9], "se_right_No": [0.09486832980505139, 0.14491376746189438, 0.14491376746189438, 0.15491933384829668, 0.14491376746189438, 0.09486832980505137], "x_lr": [-1.0, -0.9, -0.8, -0.7000000000000001, -0.6000000000000001, -0.5000000000000001, -0.40000000000000013, -0.30000000000000016, -0.20000000000000018, -0.1000000000000002, -2.220446049250313e-16, 0.09999999999999964, 0.19999999999999973, 0.2999999999999998, 0.3999999999999997, 0.49999999999999956, 0.5999999999999996, 0.6999999999999997, 0.7999999999999996, 0.8999999999999995, 0.9999999999999996], "y_pr_no": [1.1146112235753343e-07, 1.5320675496272089e-06, 1.634882085027154e-05, 0.00013570706293451548, 0.0008785023598141347, 0.004450367793480348, 0.017724756788531842, 0.05585785777961002, 0.1405456423310888, 0.28596422725619985, 0.4790427589497342, 0.6772782276152156, 0.8346633792009388, 0.9312831904987056, 0.9771456595671952, 0.9939759276140939, 0.9987501944180002, 0.9997969179853294, 0.9999742489190085, 0.9999974588425017, 0.9999998052492225], "pearson_chi2": 59.28038313503282, "mean_perf_no": 75.0, "mse_no": 0.0023491563692774114}