{"Hno": -6.13027332003604e-14, "Sigma": 0.17147228077839427, "signed_st": [-0.16000000000000003, -0.07999999999999996, -0.0, 0.07999999999999996, 0.16000000000000003], "m_right_No": [0.2, 0.5, 0.5, 0.6, 0.7], "se_right_No": [0.1264911064067352, 0.15811388300841897, 0.11180339887498948, 0.15491933384829668, 0.14491376746189438], "x_lr": [-1.0, -0.9, -0.8, -0.7000000000000001, -0.6000000000000001, -0.5000000000000001, -0.40000000000000013, -0.30000000000000016, -0.20000000000000018, -0.1000000000000002, -2.220446049250313e-16, 0.09999999999999964, 0.19999999999999973, 0.2999999999999998, 0.3999999999999997, 0.49999999999999956, 0.5999999999999996, 0.6999999999999997, 0.7999999999999996, 0.8999999999999995, 0.9999999999999996], "y_lr_no": [0.002924081847843151, 0.005227079702928334, 0.00932694443140214, 0.01658891597095068, 0.029337626398220698, 0.05137201281822853, 0.08844761948635975, 0.1481034713313945, 0.2375118815705312, 0.3582001381672637, 0.500000000000089, 0.6417998618329, 0.7624881184295977, 0.8518965286686955, 0.9115523805136976, 0.9486279871818063, 0.9706623736017995, 0.9834110840290609, 0.9906730555686044, 0.9947729202970754, 0.9970759181521588], "score_no": 0.6, "mean_perf_no": 60.0, "mse_no": 0.0034039717469378783}