{"Hno": 0.02367406443002322, "Sigma": 0.13387216380168268, "signed_st": [-0.21999999999999997, -0.14, -0.06000000000000005, 0.06000000000000005, 0.14, 0.21999999999999997], "m_right_No": [0.0, 0.6, 0.1, 0.6, 0.6, 0.9], "se_right_No": [0.0, 0.15491933384829668, 0.09486832980505139, 0.15491933384829668, 0.15491933384829668, 0.09486832980505137], "x_lr": [-1.0, -0.9, -0.8, -0.7000000000000001, -0.6000000000000001, -0.5000000000000001, -0.40000000000000013, -0.30000000000000016, -0.20000000000000018, -0.1000000000000002, -2.220446049250313e-16, 0.09999999999999964, 0.19999999999999973, 0.2999999999999998, 0.3999999999999997, 0.49999999999999956, 0.5999999999999996, 0.6999999999999997, 0.7999999999999996, 0.8999999999999995, 0.9999999999999996], "y_lr_no": [0.00047741179652305743, 0.0010071004297692514, 0.0021232304765183736, 0.004470788057535992, 0.009389508178455809, 0.01961314538905707, 0.04051338543415196, 0.08182654174658613, 0.15831709616799117, 0.28417975416722563, 0.4559046478753932, 0.6387955823762984, 0.7887024382989065, 0.8873649110434684, 0.9432718671150933, 0.9722955173756723, 0.9866795759057806, 0.993644305489485, 0.9969786011731387, 0.9985661978308408, 0.9993201592799846], "score_no": 0.733, "mean_perf_no": 73.33333333333333, "mse_no": 0.03994460912905702}