{"H_st": -0.04645654719827395, "st_sigma": 0.15661251805568885, "signed_stair": [-0.62, -0.5800000000000001, -0.54, -0.5, -0.38, -0.33999999999999997, -0.30000000000000004, -0.26, -0.21999999999999997, -0.19999999999999996, -0.18999999999999995, -0.18000000000000005, -0.17000000000000004, -0.16000000000000003, -0.15000000000000002, -0.14, -0.13, -0.12, -0.09999999999999998, 0.09999999999999998, 0.10999999999999999, 0.12, 0.13, 0.14, 0.15000000000000002, 0.16000000000000003, 0.17000000000000004, 0.18000000000000005, 0.30000000000000004, 0.33999999999999997, 0.42000000000000004, 0.45999999999999996, 0.6599999999999999, 0.7], "m_right": [NaN, NaN, 0.0, 0.0, 0.0, 1.0, 0.0, 0.0, 0.3333333333333333, 0.0, 0.0, 0.0, 0.5, 0.0, 0.5, 0.3333333333333333, 1.0, 0.0, 1.0, 1.0, 0.0, 0.6666666666666666, 1.0, 0.6, 1.0, 1.0, 1.0, 0.6666666666666666, 1.0, 1.0, 1.0, 1.0, NaN, NaN], "se_right": [NaN, NaN, 0.0, 0.0, 0.0, 0.0, 0.0, 0.0, 0.2721655269759087, 0.0, 0.0, 0.0, 0.3535533905932738, 0.0, 0.3535533905932738, 0.2721655269759087, 0.0, 0.0, 0.0, 0.0, 0.0, 0.2721655269759087, 0.0, 0.21908902300206645, 0.0, 0.0, 0.0, 0.19245008972987526, 0.0, 0.0, 0.0, 0.0, NaN, NaN], "x_lr": [-1.0, -0.9, -0.8, -0.7000000000000001, -0.6000000000000001, -0.5000000000000001, -0.40000000000000013, -0.30000000000000016, -0.20000000000000018, -0.1000000000000002, -2.220446049250313e-16, 0.09999999999999964, 0.19999999999999973, 0.2999999999999998, 0.3999999999999997, 0.49999999999999956, 0.5999999999999996, 0.6999999999999997, 0.7999999999999996, 0.8999999999999995, 0.9999999999999996], "y_lr": [0.002263556396142035, 0.004277783190298363, 0.008069873767839514, 0.01517228566656183, 0.02834699556925746, 0.052353679179430956, 0.0947095857209014, 0.16535359159928528, 0.2728117379658144, 0.4153516886254868, 0.5736193858382855, 0.7181193933892441, 0.828306280910005, 0.9013387921970952, 0.9453552650642, 0.970379671035135, 0.9841365206454897, 0.9915597193722736, 0.9955250815180611, 0.997631910208914, 0.9987480738824368], "score": 0.75}