{"Dperf_oo": [95.0, 77.77777777777777, 29.41176470588235], "Dse_perf_oo": [4.873397172404484, 9.799078929868855, 11.051016901502637], "Sperf_oo": [95.0, 82.3529411764706, 42.10526315789474], "Sse_perf_oo": [4.873397172404484, 9.245944094039714, 11.326896565241482], "perf_no": [90.0, 60.0, 30.0], "se_perf_no": [6.708203932499368, 10.954451150103322, 10.246950765959598], "Dn_trials_oo": [20, 18, 17], "Sn_trials_oo": [20, 17, 19], "NOn_trials": [20, 20, 20], "DRT_oo": [NaN, 1.707897468642946, 1.7701620322915563], "DsdRT_oo": [NaN, 0.0, 0.0], "SRT_oo": [NaN, 1.729270316536771, 1.4667411962087311], "SsdRT_oo": [NaN, 0.0, NaN], "DRT_OKoo": [0.9566814452325044, 1.0035308944463917, 1.0619625106937511], "DsdRT_OKoo": [0.014259570593630031, 0.0282441083472806, 0.6282579184844925], "SRT_OKoo": [1.0140923309769478, 0.9780230462772926, 0.986431921800021], "SsdRT_OKoo": [0.022675508630515425, 0.046988282223334406, 0.03337428358175312], "RT_no": [0.9502064028349726, 0.9962816244189691, 1.1031875262726412], "sdRT_no": [0.020859122705908936, 0.009991592137473778, 0.0760750651517589], "RT_noNOK": [1.2667092549677568, 1.14855101394503, 1.2105933777513214], "sdRT_noNOK": [0.0, 0.09319698508801692, 0.1833493716399702], "Doptout": [0.0, 10.0, 15.0], "Dse_optout": [0.0, 6.708203932499369, 7.984359711335657], "Soptout": [0.0, 15.0, 5.0], "Sse_optout": [0.0, 7.984359711335657, 4.873397172404482]}