{"Dperf_oo": [94.73684210526316, 83.33333333333333, 53.333333333333336], "Dse_perf_oo": [5.122781719918815, 10.758287072798382, 12.881223774390612], "Sperf_oo": [100.0, 88.88888888888889, 33.333333333333336], "Sse_perf_oo": [0.0, 10.475656017578485, 19.245008972987527], "perf_no": [90.0, 85.0, 35.0], "se_perf_no": [6.708203932499368, 7.984359711335657, 10.66536450385077], "Dn_trials_oo": [19, 12, 15], "Sn_trials_oo": [19, 9, 6], "NOn_trials": [20, 20, 20], "DRT_oo": [1.0065555732945484, 1.119806285842434, 1.102051219956994], "DsdRT_oo": [NaN, 0.05775565057628271, 0.009685711714042545], "SRT_oo": [1.139656399509095, 0.9997047039786756, 1.0382921316705633], "SsdRT_oo": [NaN, 0.05073834978140627, 0.07453725752750615], "DRT_OKoo": [1.0333280491244958, 1.0200055328309432, 1.0052003196236685], "DsdRT_OKoo": [0.03887268944293857, 0.014594409019392232, 0.018206928261266235], "SRT_OKoo": [0.925930415734946, 0.895468292827002, 1.1918336644628909], "SsdRT_OKoo": [0.021534191316455245, 0.026566526060994147, 0.0], "RT_no": [1.005483182030793, 0.9733083419386259, 0.9035998148522812], "sdRT_no": [0.05839095855372534, 0.03303815320889569, 0.0086130587854595], "RT_noNOK": [0.935572610161152, 0.8417865722793794, 1.08558302329857], "sdRT_noNOK": [0.0, 0.0, 0.07923356780316926], "Doptout": [5.0, 40.0, 25.0], "Dse_optout": [4.873397172404482, 10.954451150103322, 9.682458365518542], "Soptout": [5.0, 55.00000000000001, 70.0], "Sse_optout": [4.873397172404482, 11.124297730643494, 10.2469507659596]}