{"Dperf_oo": [100.0, 100.0, 50.0], "Dse_perf_oo": [0.0, 0.0, 25.0], "Sperf_oo": [100.0, 92.3076923076923, 16.666666666666668], "Sse_perf_oo": [0.0, 7.390530175619409, 15.214515486254616], "perf_no": [85.0, 70.0, 45.0], "se_perf_no": [7.984359711335657, 10.2469507659596, 11.124297730643494], "Dn_trials_oo": [15, 11, 4], "Sn_trials_oo": [13, 13, 6], "NOn_trials": [20, 20, 20], "DRT_oo": [1.13897177833716, 1.005696186402885, 1.021978681892996], "DsdRT_oo": [0.01295392479358585, 0.06695439696153464, 0.12810249939175947], "SRT_oo": [1.3327748836412552, 1.2338660731281648, 1.136123684951721], "SsdRT_oo": [0.1998069225688377, 0.0, 0.07417203579455178], "DRT_OKoo": [0.9598738114199676, 0.8750885089865894, 1.0995473396036857], "DsdRT_OKoo": [0.030156400450070557, 0.14140557681956253, 0.0], "SRT_OKoo": [0.9491136455850375, 0.9294678079973416, 0.9725874975396107], "SsdRT_OKoo": [0.10157214694511794, 0.022445287878388075, NaN], "RT_no": [0.964868248049893, 1.0496851607140554, 1.1721752984079772], "sdRT_no": [0.02113968034890545, 0.05605026554823638, 0.18155484181961387], "RT_noNOK": [1.084456554782046, 1.2389016032421063, 1.1682998684373282], "sdRT_noNOK": [0.0, 0.05045270544884632, 0.061416766300320995], "Doptout": [25.0, 45.0, 80.0], "Dse_optout": [9.682458365518542, 11.124297730643494, 8.944271909999157], "Soptout": [35.0, 35.0, 70.0], "Sse_optout": [10.66536450385077, 10.66536450385077, 10.2469507659596]}