{"Dperf_oo": [90.0, 47.05882352941177, 33.333333333333336], "Dse_perf_oo": [6.708203932499368, 12.105782480647683, 11.111111111111112], "Sperf_oo": [64.70588235294117, 50.0, 26.666666666666668], "Sse_perf_oo": [11.59040430757386, 11.785113019775793, 11.417984514369003], "perf_no": [70.0, 55.0, 35.0], "se_perf_no": [10.2469507659596, 11.124297730643494, 10.66536450385077], "Dn_trials_oo": [20, 17, 18], "Sn_trials_oo": [17, 18, 15], "NOn_trials": [20, 20, 20], "DRT_oo": [NaN, 1.3506666666666667, 1.1193333333333333], "DsdRT_oo": [NaN, 0.0, 0.0], "SRT_oo": [1.0146666666666666, 1.044, 1.1053333333333333], "SsdRT_oo": [0.0, 0.0, 0.09833333333333333], "DRT_OKoo": [0.976, 0.946, 1.096], "DsdRT_OKoo": [0.03504322238097189, 0.026672395218027695, 0.05405438505070496], "SRT_OKoo": [0.9546666666666667, 0.9786666666666667, 0.9473333333333334], "SsdRT_OKoo": [0.0063999999999999994, 0.05105198875220784, 0.0023333333333333335], "RT_no": [0.9906666666666667, 0.9986666666666667, 1.0466666666666666], "sdRT_no": [0.010373522898430554, 0.05823721605067788, 0.09666641123848757], "RT_noNOK": [0.9246666666666666, 1.0213333333333334, 1.104], "sdRT_noNOK": [0.0421121371906655, 0.14662650965406404, 0.08447989022158972], "Doptout": [0.0, 15.0, 10.0], "Dse_optout": [0.0, 7.984359711335657, 6.708203932499369], "Soptout": [15.0, 10.0, 25.0], "Sse_optout": [7.984359711335657, 6.708203932499369, 9.682458365518542]}