{"Hno": -0.04890974564272358, "Sigma": 0.15421779347266604, "signed_st": [-0.22999999999999998, -0.15000000000000002, -0.06999999999999995, 0.06999999999999995, 0.15000000000000002, 0.22999999999999998], "m_right_No": [0.0, 0.2, 0.9, 0.5, 0.9, 1.0], "se_right_No": [0.0, 0.1264911064067352, 0.09486832980505137, 0.15811388300841897, 0.09486832980505137, 0.0], "x_lr": [-1.0, -0.9, -0.8, -0.7000000000000001, -0.6000000000000001, -0.5000000000000001, -0.40000000000000013, -0.30000000000000016, -0.20000000000000018, -0.1000000000000002, -2.220446049250313e-16, 0.09999999999999964, 0.19999999999999973, 0.2999999999999998, 0.3999999999999997, 0.49999999999999956, 0.5999999999999996, 0.6999999999999997, 0.7999999999999996, 0.8999999999999995, 0.9999999999999996], "y_pr_no": [3.4757361970820037e-10, 1.7070466897568875e-08, 5.570837172671497e-07, 1.2113223486997293e-05, 0.00017615130165836882, 0.0017221659755979701, 0.011405444032650567, 0.05174616117051797, 0.16361217909036052, 0.3702140895240337, 0.6244340546609352, 0.8328730152149055, 0.9467378529537807, 0.9881651323703113, 0.9981979474915936, 0.999814088510945, 0.9999871036360628, 0.9999994016478407, 0.9999999815013187, 0.9999999996199651, 0.9999999999948226], "pearson_chi2": 51.53130716555376, "mean_perf_no": 71.66666666666667, "mse_no": 0.050584030139917226}