{"Hno": -0.07904418795976736, "Sigma": 0.20225637422652515, "signed_st": [-0.22999999999999998, -0.15000000000000002, -0.06999999999999995, 0.06999999999999995, 0.15000000000000002, 0.22999999999999998], "m_right_No": [0.1, 0.4, 0.8, 0.6, 0.8, 1.0], "se_right_No": [0.09486832980505139, 0.15491933384829668, 0.12649110640673517, 0.15491933384829668, 0.12649110640673517, 0.0], "x_lr": [-1.0, -0.9, -0.8, -0.7000000000000001, -0.6000000000000001, -0.5000000000000001, -0.40000000000000013, -0.30000000000000016, -0.20000000000000018, -0.1000000000000002, -2.220446049250313e-16, 0.09999999999999964, 0.19999999999999973, 0.2999999999999998, 0.3999999999999997, 0.49999999999999956, 0.5999999999999996, 0.6999999999999997, 0.7999999999999996, 0.8999999999999995, 0.9999999999999996], "y_pr_no": [2.639186825899124e-06, 2.4643123271273066e-05, 0.00018223068385550493, 0.0010697846918793063, 0.005001579020497097, 0.01870331343475653, 0.056270351251452605, 0.1373167701089329, 0.27490924440748027, 0.45873936865910087, 0.6520318427272674, 0.811984739276397, 0.9161536822214298, 0.9695401510886792, 0.9910698057022016, 0.9979012294306504, 0.9996065240580442, 0.9999413654280621, 0.9999930738012898, 0.9999993527934498, 0.9999999522360925], "pearson_chi2": 56.62208293567044, "mean_perf_no": 68.33333333333333, "mse_no": 0.02251549592219712}