{"Hno": -0.032686566684516305, "Sigma": 0.09437346463561222, "signed_st": [-0.22999999999999998, -0.15000000000000002, -0.06999999999999995, 0.06999999999999995, 0.15000000000000002, 0.22999999999999998], "m_right_No": [0.0, 0.3, 0.6, 0.5, 0.9, 1.0], "se_right_No": [0.0, 0.14491376746189438, 0.15491933384829668, 0.15811388300841897, 0.09486832980505137, 0.0], "x_lr": [-1.0, -0.9, -0.8, -0.7000000000000001, -0.6000000000000001, -0.5000000000000001, -0.40000000000000013, -0.30000000000000016, -0.20000000000000018, -0.1000000000000002, -2.220446049250313e-16, 0.09999999999999964, 0.19999999999999973, 0.2999999999999998, 0.3999999999999997, 0.49999999999999956, 0.5999999999999996, 0.6999999999999997, 0.7999999999999996, 0.8999999999999995, 0.9999999999999996], "y_lr_no": [3.536171294899843e-05, 0.00010202143141608171, 0.0002943031830906951, 0.0008486744574264854, 0.002444746835521283, 0.007021402839399771, 0.019994005406213048, 0.05559266510460764, 0.1451837422819372, 0.328877459417203, 0.5857330000819526, 0.803130042310143, 0.9216942947417909, 0.9713967052060145, 0.9898976442812678, 0.9964753834978272, 0.9987755920349232, 0.9995752956888688, 0.9998527619232868, 0.9999489642090317, 0.9999823110415145], "score_no": 0.75, "mean_perf_no": 75.0, "mse_no": 0.020418930477927744}