{"HRopt_": 0.08980584355823064, "SO_HRopt_": 0.2705957866116753, "xhat": [-0.5, -0.45, -0.4, -0.35000000000000003, -0.30000000000000004, -0.25000000000000006, -0.20000000000000007, -0.15000000000000008, -0.10000000000000009, -0.0500000000000001, -1.1102230246251565e-16, 0.04999999999999982, 0.09999999999999987, 0.1499999999999999, 0.19999999999999984, 0.24999999999999978, 0.2999999999999998, 0.34999999999999987, 0.3999999999999998, 0.44999999999999973], "theo_pR": [0.18147305742594155, 0.2129790662704303, 0.24746500509717384, 0.2847289127809447, 0.32447848110173566, 0.3663360612900515, 0.40984850752111546, 0.45450149928550254, 0.4997376149048882, 0.5449771079724838, 0.5896401022156199, 0.6331687946452017, 0.6750482561195997, 0.7148245426929237, 0.7521190662495869, 0.7866384926295114, 0.8181798047581577, 0.8466305482567459, 0.8719646296605976, 0.894234330330839], "partid": 1001, "sessionid": 16, "part_sessid": "1001_16"}