{"HRopt_": 0.1929401598793174, "SO_HRopt_": 0.3085547944918566, "xhat": [-0.5, -0.45, -0.4, -0.35000000000000003, -0.30000000000000004, -0.25000000000000006, -0.20000000000000007, -0.15000000000000008, -0.10000000000000009, -0.0500000000000001, -1.1102230246251565e-16, 0.04999999999999982, 0.09999999999999987, 0.1499999999999999, 0.19999999999999984, 0.24999999999999978, 0.2999999999999998, 0.34999999999999987, 0.3999999999999998, 0.44999999999999973], "theo_pR": [0.02107788240703223, 0.03184960060438713, 0.04681236111213172, 0.0669524103380783, 0.09322067756652341, 0.12641963525802824, 0.16707703724467815, 0.2153247770345481, 0.27080478527170904, 0.3326232578958086, 0.399368797208452, 0.4691998281339177, 0.5399939007399789, 0.6095391676055056, 0.6757395494979159, 0.7368021986260436, 0.7913796196118936, 0.8386482028519038, 0.8783174860797578, 0.910577035200543], "partid": 996, "sessionid": 16, "part_sessid": "996_16"}