{"HRopt_": 0.2117887291220992, "SO_HRopt_": 0.37803282320743054, "xhat": [-0.5, -0.45, -0.4, -0.35000000000000003, -0.30000000000000004, -0.25000000000000006, -0.20000000000000007, -0.15000000000000008, -0.10000000000000009, -0.0500000000000001, -1.1102230246251565e-16, 0.04999999999999982, 0.09999999999999987, 0.1499999999999999, 0.19999999999999984, 0.24999999999999978, 0.2999999999999998, 0.34999999999999987, 0.3999999999999998, 0.44999999999999973], "theo_pR": [0.09199802971970628, 0.11410748949292861, 0.13976222546289507, 0.169080113473439, 0.20207704300767748, 0.23865252804712567, 0.278580971239508, 0.32150993250957594, 0.36696623469337675, 0.41437007735468195, 0.46305659521863496, 0.5123035751531597, 0.5613634248339047, 0.6094970471587071, 0.6560070751367378, 0.700267989039867, 0.7417509620731375, 0.7800418194984204, 0.8148511786228574, 0.846016576915257], "partid": 999, "sessionid": 16, "part_sessid": "999_16"}