{"HRopt_": -0.011599491235042315, "SO_HRopt_": 0.28081494282697017, "xhat": [-0.5, -0.45, -0.4, -0.35000000000000003, -0.30000000000000004, -0.25000000000000006, -0.20000000000000007, -0.15000000000000008, -0.10000000000000009, -0.0500000000000001, -1.1102230246251565e-16, 0.04999999999999982, 0.09999999999999987, 0.1499999999999999, 0.19999999999999984, 0.24999999999999978, 0.2999999999999998, 0.34999999999999987, 0.3999999999999998, 0.44999999999999973], "theo_pR": [0.3991446513853295, 0.42649574821200686, 0.45420511311557155, 0.48213926364811727, 0.5101614126982157, 0.5381334746030598, 0.5659181031450544, 0.5933807113839904, 0.6203914238996053, 0.6468269143334224, 0.6725720850215859, 0.6975215508314919, 0.7215808958242512, 0.744667678784717, 0.7667121716802466, 0.7876578234005622, 0.8074614493651598, 0.8260931554477892, 0.8435360118750111, 0.859785499064879], "partid": 992, "sessionid": 16, "part_sessid": "992_16"}