{"HRopt_": 0.09962517708266519, "SO_HRopt_": 0.21303714763946408, "xhat": [-0.5, -0.45, -0.4, -0.35000000000000003, -0.30000000000000004, -0.25000000000000006, -0.20000000000000007, -0.15000000000000008, -0.10000000000000009, -0.0500000000000001, -1.1102230246251565e-16, 0.04999999999999982, 0.09999999999999987, 0.1499999999999999, 0.19999999999999984, 0.24999999999999978, 0.2999999999999998, 0.34999999999999987, 0.3999999999999998, 0.44999999999999973], "theo_pR": [0.040778093471690036, 0.059311891496797164, 0.08388185687761118, 0.11540516438876279, 0.1545474480257204, 0.20158532537596607, 0.25629151533360184, 0.317867652400754, 0.3849449633389243, 0.45566233171702863, 0.5278168925791261, 0.599067527324963, 0.6671602874464646, 0.7301399580294627, 0.7865150244039334, 0.8353533728262201, 0.8763003714996376, 0.9095257823802596, 0.9356176880661817, 0.9554479459800491], "partid": 1011, "sessionid": 16, "part_sessid": "1011_16"}