{"H_st": -0.028790707529135918, "st_sigma": 0.1633357891535648, "signed_stair": [-0.6599999999999999, -0.5800000000000001, -0.5, -0.42000000000000004, -0.33999999999999997, -0.30000000000000004, -0.26, -0.21999999999999997, -0.18000000000000005, -0.17000000000000004, -0.16000000000000003, -0.15000000000000002, -0.14, -0.12, 0.09999999999999998, 0.12, 0.13, 0.14, 0.15000000000000002, 0.16000000000000003, 0.18000000000000005, 0.19999999999999996, 0.21999999999999997, 0.33999999999999997, 0.38, 0.45999999999999996, 0.54, 0.62, 0.7], "m_right": [NaN, NaN, 0.0, 0.0, 0.0, 0.0, 0.6666666666666666, 0.0, 0.5, 0.0, 0.0, 0.25, 0.6, 1.0, 0.0, 1.0, 0.0, 0.16666666666666666, 1.0, 1.0, 1.0, 1.0, 1.0, 1.0, 1.0, 1.0, 1.0, NaN, NaN], "se_right": [NaN, NaN, 0.0, 0.0, 0.0, 0.0, 0.2721655269759087, 0.0, 0.3535533905932738, 0.0, 0.0, 0.21650635094610965, 0.21908902300206645, 0.0, 0.0, 0.0, 0.0, 0.15214515486254615, 0.0, 0.0, 0.0, 0.0, 0.0, 0.0, 0.0, 0.0, 0.0, NaN, NaN], "x_lr": [-1.0, -0.9, -0.8, -0.7000000000000001, -0.6000000000000001, -0.5000000000000001, -0.40000000000000013, -0.30000000000000016, -0.20000000000000018, -0.1000000000000002, -2.220446049250313e-16, 0.09999999999999964, 0.19999999999999973, 0.2999999999999998, 0.3999999999999997, 0.49999999999999956, 0.5999999999999996, 0.6999999999999997, 0.7999999999999996, 0.8999999999999995, 0.9999999999999996], "y_lr": [0.002609223603077664, 0.004802262699404393, 0.008822235919635078, 0.01615270990252258, 0.029393511536630397, 0.05290450280974674, 0.09341136508669055, 0.15970292891978483, 0.2595700548138617, 0.3927019642640822, 0.5439530039594997, 0.6875097366125148, 0.8023010310378758, 0.8821525558953183, 0.9324665190931875, 0.9622193528447377, 0.9791571491117513, 0.988591435991644, 0.993782512699767, 0.9966196441813681, 0.9981645416718735], "score": 0.732}