{"H_st": 0.0618205067817681, "st_sigma": 0.14700879293566524, "signed_stair": [-0.7, -0.62, -0.5, -0.42000000000000004, -0.33999999999999997, -0.24, -0.21999999999999997, -0.20999999999999996, -0.19999999999999996, -0.18999999999999995, -0.18000000000000005, -0.16000000000000003, -0.15000000000000002, -0.14, -0.09999999999999998, 0.09999999999999998, 0.14, 0.16000000000000003, 0.17000000000000004, 0.18000000000000005, 0.18999999999999995, 0.19999999999999996, 0.21999999999999997, 0.24, 0.26, 0.28, 0.30000000000000004, 0.38, 0.45999999999999996, 0.54, 0.5800000000000001, 0.6599999999999999], "m_right": [NaN, NaN, 0.0, 0.0, 0.0, 0.0, 0.0, 0.0, 0.5, 0.0, 0.0, 0.0, 0.5, 0.6666666666666666, 1.0, 1.0, 0.0, 0.0, 0.6666666666666666, 0.6666666666666666, 1.0, 0.4, 0.6666666666666666, 1.0, 1.0, 1.0, 1.0, 1.0, 1.0, 1.0, NaN, NaN], "se_right": [NaN, NaN, 0.0, 0.0, 0.0, 0.0, 0.0, 0.0, 0.3535533905932738, 0.0, 0.0, 0.0, 0.3535533905932738, 0.2721655269759087, 0.0, 0.0, 0.0, 0.0, 0.2721655269759087, 0.2721655269759087, 0.0, 0.21908902300206645, 0.2721655269759087, 0.0, 0.0, 0.0, 0.0, 0.0, 0.0, 0.0, NaN, NaN], "x_lr": [-1.0, -0.9, -0.8, -0.7000000000000001, -0.6000000000000001, -0.5000000000000001, -0.40000000000000013, -0.30000000000000016, -0.20000000000000018, -0.1000000000000002, -2.220446049250313e-16, 0.09999999999999964, 0.19999999999999973, 0.2999999999999998, 0.3999999999999997, 0.49999999999999956, 0.5999999999999996, 0.6999999999999997, 0.7999999999999996, 0.8999999999999995, 0.9999999999999996], "y_lr": [0.0007291973301241948, 0.0014386573642869963, 0.002836415085079134, 0.005584598692882454, 0.01096619630733075, 0.021422051441986494, 0.04142956881090212, 0.07862214815370908, 0.14418150576464167, 0.24959865701497574, 0.39639172454446264, 0.5645647338275573, 0.7190876040228787, 0.8348188147797027, 0.9089104238073499, 0.9516915547415916, 0.9749342096676114, 0.987145169183304, 0.9934474628265058, 0.9966703745258044, 0.9983107697873354], "score": 0.768}