{"H_st": 0.010655684704612263, "st_sigma": 0.14805921751514686, "signed_stair": [-0.54, -0.5, -0.45999999999999996, -0.26, -0.24, -0.21999999999999997, -0.19999999999999996, -0.18999999999999995, -0.18000000000000005, -0.16000000000000003, -0.15000000000000002, -0.14, -0.12, -0.09999999999999998, 0.09999999999999998, 0.12, 0.14, 0.15000000000000002, 0.16000000000000003, 0.17000000000000004, 0.18000000000000005, 0.19999999999999996, 0.20999999999999996, 0.21999999999999997, 0.22999999999999998, 0.30000000000000004, 0.33999999999999997, 0.38, 0.42000000000000004, 0.5800000000000001, 0.62, 0.6599999999999999, 0.7], "m_right": [0.0, 0.0, 0.0, 0.0, 0.0, 0.0, 0.0, 0.0, 0.375, 0.0, 0.0, 0.75, 0.0, 1.0, 0.0, 1.0, 0.2, 1.0, 1.0, 1.0, 0.5, 1.0, 1.0, 0.6666666666666666, 1.0, 1.0, 1.0, 1.0, 1.0, NaN, NaN, NaN, NaN], "se_right": [0.0, 0.0, 0.0, 0.0, 0.0, 0.0, 0.0, 0.0, 0.1711632992203644, 0.0, 0.0, 0.21650635094610965, 0.0, 0.0, 0.0, 0.0, 0.1788854381999832, 0.0, 0.0, 0.0, 0.3535533905932738, 0.0, 0.0, 0.2721655269759087, 0.0, 0.0, 0.0, 0.0, 0.0, NaN, NaN, NaN, NaN], "x_lr": [-1.0, -0.9, -0.8, -0.7000000000000001, -0.6000000000000001, -0.5000000000000001, -0.40000000000000013, -0.30000000000000016, -0.20000000000000018, -0.1000000000000002, -2.220446049250313e-16, 0.09999999999999964, 0.19999999999999973, 0.2999999999999998, 0.3999999999999997, 0.49999999999999956, 0.5999999999999996, 0.6999999999999997, 0.7999999999999996, 0.8999999999999995, 0.9999999999999996], "y_lr": [0.0010839884991851818, 0.002127627287869695, 0.004171860710078348, 0.008164132940219284, 0.015915760234209358, 0.03079880768824095, 0.05876807514924425, 0.10927331836393088, 0.1942261464945393, 0.3213936515180773, 0.4820154935940028, 0.646442097176095, 0.7822525595860971, 0.8759090206942941, 0.9327457637157971, 0.9646019260662534, 0.9816654539221658, 0.9905838569481312, 0.9951853919106437, 0.9975437980675024, 0.9987484063751131], "score": 0.75}