{"Dperf_oo": [100.0, NaN, 100.0], "Dse_perf_oo": [0.0, NaN, 0.0], "Sperf_oo": [100.0, 0.0, 0.0], "Sse_perf_oo": [0.0, 0.0, 0.0], "perf_no": [90.0, 55.0, 30.0], "se_perf_no": [6.708203932499368, 11.124297730643494, 10.246950765959598], "Dn_trials_oo": [4, 0, 1], "Sn_trials_oo": [2, 2, 1], "NOn_trials": [20, 20, 20], "DRT_oo": [1.0194864814183027, 1.0231306696884634, 1.022145179084355], "DsdRT_oo": [0.021291266096415944, 0.018684948794523502, 0.02839760863635754], "SRT_oo": [0.970456551578738, 0.9682374252641016, 1.025250537954342], "SsdRT_oo": [0.028390660078041346, 0.01667722472607411, 0.018303243350222254], "DRT_OKoo": [0.9838351182217668, NaN, 1.2976571556392238], "DsdRT_OKoo": [0.008396167224192898, NaN, NaN], "SRT_OKoo": [1.1287057814361416, NaN, NaN], "SsdRT_OKoo": [0.0, NaN, NaN], "RT_no": [0.9465318175414795, 1.0635145147342864, 0.9919104692583641], "sdRT_no": [0.02658358598539013, 0.04738862715316291, 0.03598363145764966], "RT_noNOK": [1.0023396539519034, 1.1808233455040782, 0.9946648800365975], "sdRT_noNOK": [0.0, 0.1338260532318598, 0.0185737039390975], "Doptout": [80.0, 100.0, 95.0], "Dse_optout": [8.944271909999157, 0.0, 4.873397172404484], "Soptout": [90.0, 90.0, 95.0], "Sse_optout": [6.708203932499368, 6.708203932499368, 4.873397172404484]}