{"Dperf_oo": [90.0, 90.0, 40.0], "Dse_perf_oo": [6.708203932499368, 6.708203932499368, 10.954451150103322], "Sperf_oo": [100.0, 100.0, 20.0], "Sse_perf_oo": [0.0, 0.0, 17.888543819998322], "perf_no": [95.0, 85.0, 40.0], "se_perf_no": [4.873397172404484, 7.984359711335657, 10.954451150103322], "Dn_trials_oo": [20, 20, 20], "Sn_trials_oo": [14, 14, 5], "NOn_trials": [20, 20, 20], "DRT_oo": [NaN, NaN, NaN], "DsdRT_oo": [NaN, NaN, NaN], "SRT_oo": [1.3338171063958646, 1.1406307761761079, 1.0898380272999941], "SsdRT_oo": [0.09092530068970633, 0.05638820866851139, 0.027102948731202534], "DRT_OKoo": [0.9254658597565644, 0.9031723646879165, 0.9901385599019005], "DsdRT_OKoo": [0.012502081339777295, 0.015354108886092907, 0.024813615518348042], "SRT_OKoo": [1.0232450675626539, 1.0464901351352696, 1.824849049102335], "SsdRT_OKoo": [0.06756069673520194, 0.04593279985751404, NaN], "RT_no": [0.9589043909300191, 0.9918329066036576, 1.024949683030791], "sdRT_no": [0.01399574922073292, 0.015803657308500675, 0.10458809782026472], "RT_noNOK": [1.2669058148608952, 1.4409135095822914, 1.102413845019787], "sdRT_noNOK": [NaN, 0.0, 0.13552180155857382], "Doptout": [0.0, 0.0, 0.0], "Dse_optout": [0.0, 0.0, 0.0], "Soptout": [30.0, 30.0, 75.0], "Sse_optout": [10.246950765959598, 10.246950765959598, 9.682458365518542]}