{"Dperf_oo": [77.77777777777777, 72.22222222222223, 70.0], "Dse_perf_oo": [9.799078929868855, 10.557179862029054, 10.2469507659596], "Sperf_oo": [83.33333333333333, 70.58823529411765, 87.5], "Sse_perf_oo": [8.784104611578833, 11.051016901502637, 8.267972847076846], "perf_no": [100.0, 50.0, 45.0], "se_perf_no": [0.0, 11.180339887498949, 11.124297730643494], "Dn_trials_oo": [18, 18, 20], "Sn_trials_oo": [18, 17, 16], "NOn_trials": [20, 20, 20], "DRT_oo": [1.2935444014345996, 1.2388657172651019, NaN], "DsdRT_oo": [0.0, 0.0, NaN], "SRT_oo": [1.1531088860006542, 1.4331800197118965, 1.4044837092381914], "SsdRT_oo": [0.0, 0.0, 0.0], "DRT_OKoo": [1.0200009998715576, 0.9752388978560054, 0.9711608507481554], "DsdRT_OKoo": [0.019224010971920225, 0.021991867032837575, 0.016306079027626257], "SRT_OKoo": [0.9843662957626349, 1.0376808696021844, 0.938040109129269], "SsdRT_OKoo": [0.01938176418776657, 0.038778772859724406, 0.023696318829227632], "RT_no": [0.9749032267280222, 0.9907833278581414, 1.0069848162388175], "sdRT_no": [0.0163785581888502, 0.040456869682280225, 0.059417474873527415], "RT_noNOK": [NaN, 1.0728941993179324, 0.9739176391602746], "sdRT_noNOK": [NaN, 0.014398532541907077, 0.025988861330758103], "Doptout": [10.0, 10.0, 0.0], "Dse_optout": [6.708203932499369, 6.708203932499369, 0.0], "Soptout": [10.0, 15.0, 20.0], "Sse_optout": [6.708203932499369, 7.984359711335657, 8.944271909999161]}