{"Dperf_oo": [95.0, 58.8235294117647, 50.0], "Dse_perf_oo": [4.873397172404484, 11.936462498726879, 11.785113019775793], "Sperf_oo": [100.0, 58.8235294117647, 61.53846153846154], "Sse_perf_oo": [0.0, 11.936462498726879, 13.493200297031219], "perf_no": [100.0, 70.0, 25.0], "se_perf_no": [0.0, 10.2469507659596, 9.682458365518542], "Dn_trials_oo": [20, 17, 18], "Sn_trials_oo": [16, 17, 13], "NOn_trials": [20, 20, 20], "DRT_oo": [NaN, 1.97619779159396, 2.2467061863795563], "DsdRT_oo": [NaN, 0.0, 0.0], "SRT_oo": [1.3822781684327714, 1.4016554914925392, 1.7776050798666747], "SsdRT_oo": [0.14188248902815925, 0.0, 0.053742381676148296], "DRT_OKoo": [0.9471664466868879, 0.9597483026920401, 1.0798527649355374], "DsdRT_OKoo": [0.010839987662645656, 0.022126742389373313, 0.11416762399012254], "SRT_OKoo": [1.0586591000681194, 0.8881880561398079, 0.9153187183222669], "SsdRT_OKoo": [0.05918721351046857, 0.012240686458631248, 0.023719373658284144], "RT_no": [0.9669594500754382, 0.9759809148701896, 1.235654515602196], "sdRT_no": [0.026292828765868574, 0.09674559875817834, 0.296530576605608], "RT_noNOK": [NaN, 1.0164073183382394, 1.0030663943609524], "sdRT_noNOK": [NaN, 0.029347588903665633, 0.03999860028539239], "Doptout": [0.0, 15.0, 10.0], "Dse_optout": [0.0, 7.984359711335657, 6.708203932499369], "Soptout": [20.0, 15.0, 35.0], "Sse_optout": [8.944271909999161, 7.984359711335657, 10.66536450385077]}