{"Hno": 0.01664188816997628, "Sigma": 0.0916384035959371, "signed_st": [-0.16000000000000003, -0.07999999999999996, 0.0, 0.07999999999999996, 0.16000000000000003], "m_right_No": [0.0, 0.3, 0.35, 0.7, 1.0], "se_right_No": [0.0, 0.14491376746189438, 0.1066536450385077, 0.14491376746189438, 0.0], "x_lr": [-1.0, -0.9, -0.8, -0.7000000000000001, -0.6000000000000001, -0.5000000000000001, -0.40000000000000013, -0.30000000000000016, -0.20000000000000018, -0.1000000000000002, -2.220446049250313e-16, 0.09999999999999964, 0.19999999999999973, 0.2999999999999998, 0.3999999999999997, 0.49999999999999956, 0.5999999999999996, 0.6999999999999997, 0.7999999999999996, 0.8999999999999995, 0.9999999999999996], "y_pr_no": [6.703145066392841e-29, 7.406360347571046e-24, 2.515786518423662e-19, 2.634404598155186e-15, 8.53712527753608e-12, 8.6102388677505e-09, 2.7261541010652564e-06, 0.0002747991216049363, 0.009037089539107401, 0.1015357416092656, 0.42794680818142383, 0.8184942462440833, 0.977297728150307, 0.9990063803149173, 0.9999856395583899, 0.9999999334856828, 0.9999999999029067, 0.9999999999999558, 1.0, 1.0, 1.0], "pearson_chi2": 50.284454219698816, "mean_perf_no": 65.0, "mse_no": 0.00618432938939845}