{"Hno": -0.082908482311935, "Sigma": 0.25567318127504474, "signed_st": [-0.16000000000000003, -0.07999999999999996, -0.0, 0.07999999999999996, 0.16000000000000003], "m_right_No": [0.4, 0.6, 0.6, 0.5, 1.0], "se_right_No": [0.15491933384829668, 0.15491933384829668, 0.10954451150103323, 0.15811388300841897, 0.0], "x_lr": [-1.0, -0.9, -0.8, -0.7000000000000001, -0.6000000000000001, -0.5000000000000001, -0.40000000000000013, -0.30000000000000016, -0.20000000000000018, -0.1000000000000002, -2.220446049250313e-16, 0.09999999999999964, 0.19999999999999973, 0.2999999999999998, 0.3999999999999997, 0.49999999999999956, 0.5999999999999996, 0.6999999999999997, 0.7999999999999996, 0.8999999999999995, 0.9999999999999996], "y_pr_no": [0.0001672726853352493, 0.0006971131586666713, 0.0025180204446962067, 0.007898004226150616, 0.02156387383082873, 0.051408626494467605, 0.1074466369150312, 0.19791345688414497, 0.3234857737346717, 0.47335092413646507, 0.6271351684531931, 0.7628189089639819, 0.8657500845440671, 0.932887662946243, 0.9705388426628326, 0.9886930967277686, 0.9962189562429455, 0.9989012169900238, 0.9997230826392339, 0.9999395746829803, 0.9999885987522189], "pearson_chi2": 58.663148078664506, "mean_perf_no": 51.66666666666667, "mse_no": 0.016014394492058614}