{"Hno": 0.034327938768391984, "Sigma": 0.23773366132999438, "signed_st": [-0.19999999999999996, -0.12, -0.040000000000000036, 0.040000000000000036, 0.12, 0.19999999999999996], "m_right_No": [0.1, 0.6, 0.7, 0.1, 0.4, 0.9], "se_right_No": [0.09486832980505139, 0.15491933384829668, 0.14491376746189438, 0.09486832980505139, 0.15491933384829668, 0.09486832980505137], "x_lr": [-1.0, -0.9, -0.8, -0.7000000000000001, -0.6000000000000001, -0.5000000000000001, -0.40000000000000013, -0.30000000000000016, -0.20000000000000018, -0.1000000000000002, -2.220446049250313e-16, 0.09999999999999964, 0.19999999999999973, 0.2999999999999998, 0.3999999999999997, 0.49999999999999956, 0.5999999999999996, 0.6999999999999997, 0.7999999999999996, 0.8999999999999995, 0.9999999999999996], "y_lr_no": [0.01273248371493623, 0.019262479007075128, 0.029042936097303525, 0.0435687746752397, 0.06487430191370752, 0.09555749887415407, 0.13860180197505928, 0.19681624423632746, 0.27176734844343026, 0.3623831635339414, 0.4639634362446708, 0.5686247008052303, 0.6674958776115677, 0.7535283653515553, 0.8231968715421858, 0.876402737081189, 0.9152457039419909, 0.9426798721618754, 0.9616063728603826, 0.9744529029540386, 0.983076625387622], "score_no": 0.5, "mean_perf_no": 50.0, "mse_no": 0.07118686899185517}