{"Hno": -0.08399572215717116, "Sigma": 0.16100082106406025, "signed_st": [-0.16000000000000003, -0.07999999999999996, -0.0, 0.07999999999999996, 0.16000000000000003], "m_right_No": [0.4, 0.6, 0.6, 0.5, 1.0], "se_right_No": [0.15491933384829668, 0.15491933384829668, 0.10954451150103323, 0.15811388300841897, 0.0], "x_lr": [-1.0, -0.9, -0.8, -0.7000000000000001, -0.6000000000000001, -0.5000000000000001, -0.40000000000000013, -0.30000000000000016, -0.20000000000000018, -0.1000000000000002, -2.220446049250313e-16, 0.09999999999999964, 0.19999999999999973, 0.2999999999999998, 0.3999999999999997, 0.49999999999999956, 0.5999999999999996, 0.6999999999999997, 0.7999999999999996, 0.8999999999999995, 0.9999999999999996], "y_lr_no": [0.0033700950307944066, 0.006253606468650989, 0.0115756442340802, 0.021329706912839818, 0.03897877717295615, 0.07018413229716035, 0.12316979867467838, 0.20724137191397882, 0.3272785318195968, 0.47516920705809645, 0.6275475109705055, 0.7581978878815518, 0.8537023796506961, 0.9156805065076659, 0.9528520573560454, 0.9741003311230733, 0.9859141560296346, 0.992381391910885, 0.9958916977877083, 0.9977882201656962, 0.9988102936449234], "score_no": 0.65, "mean_perf_no": 51.66666666666667, "mse_no": 0.01622301314250984}