{"Hno": 0.008311369135541754, "Sigma": 0.10050337797141139, "signed_st": [-0.16000000000000003, -0.07999999999999996, 0.0, 0.07999999999999996, 0.16000000000000003], "m_right_No": [0.2, 0.4, 0.4, 0.5, 1.0], "se_right_No": [0.1264911064067352, 0.15491933384829668, 0.10954451150103323, 0.15811388300841897, 0.0], "x_lr": [-1.0, -0.9, -0.8, -0.7000000000000001, -0.6000000000000001, -0.5000000000000001, -0.40000000000000013, -0.30000000000000016, -0.20000000000000018, -0.1000000000000002, -2.220446049250313e-16, 0.09999999999999964, 0.19999999999999973, 0.2999999999999998, 0.3999999999999997, 0.49999999999999956, 0.5999999999999996, 0.6999999999999997, 0.7999999999999996, 0.8999999999999995, 0.9999999999999996], "y_lr_no": [4.394131008196034e-05, 0.00011883921084320103, 0.0003213594496751972, 0.0008687053831589427, 0.002346114143861299, 0.006320260267925369, 0.016912200657323077, 0.04446063765433316, 0.11178064841193175, 0.2539436307536829, 0.4793374216661137, 0.7134693610392938, 0.8707138754605783, 0.9479588768260494, 0.980106502425942, 0.992551452094621, 0.9972330839934571, 0.9989752103740798, 0.9996208631197452, 0.9998597895010061, 0.9999481558656924], "score_no": 0.683, "mean_perf_no": 55.00000000000001, "mse_no": 0.013581735502562461}