{"Hno": -0.1322030102981856, "Sigma": 0.226818867851777, "signed_st": [-0.18000000000000005, -0.09999999999999998, -0.020000000000000018, 0.020000000000000018, 0.09999999999999998, 0.18000000000000005], "m_right_No": [0.4, 0.8, 0.4, 0.6, 0.7, 0.9], "se_right_No": [0.15491933384829668, 0.12649110640673517, 0.15491933384829668, 0.15491933384829668, 0.14491376746189438, 0.09486832980505137], "x_lr": [-1.0, -0.9, -0.8, -0.7000000000000001, -0.6000000000000001, -0.5000000000000001, -0.40000000000000013, -0.30000000000000016, -0.20000000000000018, -0.1000000000000002, -2.220446049250313e-16, 0.09999999999999964, 0.19999999999999973, 0.2999999999999998, 0.3999999999999997, 0.49999999999999956, 0.5999999999999996, 0.6999999999999997, 0.7999999999999996, 0.8999999999999995, 0.9999999999999996], "y_lr_no": [0.02133277393549414, 0.03276544187820438, 0.05001200647582097, 0.07562675515590898, 0.11280287392444756, 0.16499191291443063, 0.23493273483850316, 0.32305135918302746, 0.42582551452263384, 0.5354346899483132, 0.6417245827661249, 0.7357000048696529, 0.8122379791265715, 0.8705125815160776, 0.9126459741821921, 0.9419834478024144, 0.9618796024046873, 0.975132708091999, 0.9838555164934175, 0.9895513727010519, 0.9932514856142605], "score_no": 0.667, "mean_perf_no": 60.0, "mse_no": 0.022764964242542717}