{"Hno": 0.09492176365821614, "Sigma": 0.1375062004094353, "signed_st": [-0.20999999999999996, -0.13, -0.050000000000000044, 0.050000000000000044, 0.13, 0.20999999999999996], "m_right_No": [0.0, 0.3, 0.3, 0.5, 0.2, 0.9], "se_right_No": [0.0, 0.14491376746189438, 0.14491376746189438, 0.15811388300841897, 0.1264911064067352, 0.09486832980505137], "x_lr": [-1.0, -0.9, -0.8, -0.7000000000000001, -0.6000000000000001, -0.5000000000000001, -0.40000000000000013, -0.30000000000000016, -0.20000000000000018, -0.1000000000000002, -2.220446049250313e-16, 0.09999999999999964, 0.19999999999999973, 0.2999999999999998, 0.3999999999999997, 0.49999999999999956, 0.5999999999999996, 0.6999999999999997, 0.7999999999999996, 0.8999999999999995, 0.9999999999999996], "y_lr_no": [0.000348087577361167, 0.0007200508815453518, 0.0014888988715957196, 0.0030761716810130363, 0.0063448385561936296, 0.013041278288835811, 0.026615933104352573, 0.053553729127938814, 0.10481919163205058, 0.19504612574897368, 0.33396434472066344, 0.5092316914131695, 0.6822585946495073, 0.8162899358635236, 0.9019118976239849, 0.9500689114895811, 0.975232186824195, 0.9878760040381882, 0.9941042509781356, 0.9971422260413588, 0.9986169642187211], "score_no": 0.667, "mean_perf_no": 66.66666666666666, "mse_no": 0.034939717861111136}