{"HRopt_": 0.11123746712292906, "SO_HRopt_": 0.22736184053673408, "xhat": [-0.5, -0.45, -0.4, -0.35000000000000003, -0.30000000000000004, -0.25000000000000006, -0.20000000000000007, -0.15000000000000008, -0.10000000000000009, -0.0500000000000001, -1.1102230246251565e-16, 0.04999999999999982, 0.09999999999999987, 0.1499999999999999, 0.19999999999999984, 0.24999999999999978, 0.2999999999999998, 0.34999999999999987, 0.3999999999999998, 0.44999999999999973], "theo_pR": [0.04163033035892849, 0.05995485280258661, 0.08406569022431232, 0.11481487076790754, 0.1528247463125354, 0.1983655846984136, 0.2512523844621405, 0.31078229970314375, 0.37573017716891305, 0.4444111428981413, 0.5148073989080297, 0.5847439919548203, 0.6520883352151451, 0.7149432885549692, 0.7718049601928523, 0.821663718112928, 0.864038257463568, 0.8989450712922702, 0.9268163627448893, 0.9483861377152664], "partid": 1003, "sessionid": 9, "part_sessid": "1003_9"}