{"H_st": 0.012066244577392833, "st_sigma": 0.08100133936685441, "signed_stair": [-0.7, -0.6599999999999999, -0.62, -0.45999999999999996, -0.42000000000000004, -0.38, -0.21999999999999997, -0.16000000000000003, -0.14, -0.13, -0.12, -0.09999999999999998, -0.08999999999999997, -0.07999999999999996, 0.07999999999999996, 0.09999999999999998, 0.10999999999999999, 0.12, 0.14, 0.15000000000000002, 0.16000000000000003, 0.18000000000000005, 0.19999999999999996, 0.26, 0.30000000000000004, 0.33999999999999997, 0.5, 0.54, 0.5800000000000001], "m_right": [NaN, NaN, NaN, 0.0, 0.0, 0.0, 0.0, 0.5, 0.0, 0.3333333333333333, 1.0, 0.0, 0.0, 0.0, 0.75, 1.0, 1.0, 0.25, 1.0, 1.0, 1.0, 1.0, 1.0, 1.0, 1.0, 1.0, 1.0, 1.0, NaN], "se_right": [NaN, NaN, NaN, 0.0, 0.0, 0.0, 0.0, 0.3535533905932738, 0.0, 0.2721655269759087, 0.0, 0.0, 0.0, 0.0, 0.15309310892394862, 0.0, 0.0, 0.21650635094610965, 0.0, 0.0, 0.0, 0.0, 0.0, 0.0, 0.0, 0.0, 0.0, 0.0, NaN], "x_lr": [-1.0, -0.9, -0.8, -0.7000000000000001, -0.6000000000000001, -0.5000000000000001, -0.40000000000000013, -0.30000000000000016, -0.20000000000000018, -0.1000000000000002, -2.220446049250313e-16, 0.09999999999999964, 0.19999999999999973, 0.2999999999999998, 0.3999999999999997, 0.49999999999999956, 0.5999999999999996, 0.6999999999999997, 0.7999999999999996, 0.8999999999999995, 0.9999999999999996], "y_lr": [3.7474230466624516e-06, 1.2879111970963907e-05, 4.4261838651953495e-05, 0.00015210369784252815, 0.0005225597948955522, 0.001793661479978016, 0.0061376702162754555, 0.020783243117188398, 0.06798521049800609, 0.20044570857724017, 0.46282783271065203, 0.7475492422707252, 0.9105306502322161, 0.9722041461886108, 0.9917497428517295, 0.9975853272565836, 0.9992962064144457, 0.9997951174760105, 0.9999403774085864, 0.9999826510958916, 0.999994951989758], "score": 0.839}